# WaveFront *.obj file (generated by Autodesk ATF)

# mtllib fixed_circle.mtl

g Body1

v -0.002145 -0.011260 0.005465
v -0.002454 -0.011428 0.005465
v -0.002710 -0.011672 0.005465
v -0.002893 -0.011972 0.005465
v -0.002993 -0.012310 0.005465
v -0.003001 -0.012663 0.005465
v -0.002918 -0.013005 0.005465
v -0.002750 -0.013315 0.005465
v -0.002507 -0.013570 0.005465
v -0.002206 -0.013753 0.005465
v -0.001868 -0.013853 0.005465
v -0.001515 -0.013862 0.005465
v -0.001173 -0.013779 0.005465
v -0.000863 -0.013610 0.005465
v -0.000608 -0.013367 0.005465
v -0.000425 -0.013066 0.005465
v -0.000325 -0.012728 0.005465
v -0.000317 -0.012376 0.005465
v -0.000399 -0.012033 0.005465
v -0.000568 -0.011724 0.005465
v -0.000811 -0.011469 0.005465
v -0.001112 -0.011285 0.005465
v -0.001450 -0.011185 0.005465
v -0.001802 -0.011177 0.005465
v -0.002145 -0.011260 0.000465
v -0.001802 -0.011177 0.000465
v -0.001450 -0.011185 0.000465
v -0.001112 -0.011285 0.000465
v -0.000811 -0.011469 0.000465
v -0.000568 -0.011724 0.000465
v -0.000399 -0.012033 0.000465
v -0.000317 -0.012376 0.000465
v -0.000325 -0.012728 0.000465
v -0.000425 -0.013066 0.000465
v -0.000608 -0.013367 0.000465
v -0.000863 -0.013610 0.000465
v -0.001173 -0.013779 0.000465
v -0.001515 -0.013862 0.000465
v -0.001868 -0.013853 0.000465
v -0.002206 -0.013753 0.000465
v -0.002507 -0.013570 0.000465
v -0.002750 -0.013315 0.000465
v -0.002918 -0.013005 0.000465
v -0.003001 -0.012663 0.000465
v -0.002993 -0.012310 0.000465
v -0.002893 -0.011972 0.000465
v -0.002710 -0.011672 0.000465
v -0.002454 -0.011428 0.000465
v 0.000630 0.014202 0.005465
v 0.000320 0.014033 0.005465
v 0.000065 0.013790 0.005465
v -0.000118 0.013489 0.005465
v -0.000218 0.013151 0.005465
v -0.000226 0.012799 0.005465
v -0.000144 0.012456 0.005465
v 0.000025 0.012147 0.005465
v 0.000268 0.011892 0.005465
v 0.000569 0.011708 0.005465
v 0.000907 0.011609 0.005465
v 0.001259 0.011600 0.005465
v 0.001602 0.011683 0.005465
v 0.001911 0.011852 0.005465
v 0.002167 0.012095 0.005465
v 0.002350 0.012396 0.005465
v 0.002450 0.012734 0.005465
v 0.002458 0.013086 0.005465
v 0.002375 0.013429 0.005465
v 0.002207 0.013738 0.005465
v 0.001964 0.013993 0.005465
v 0.001663 0.014177 0.005465
v 0.001325 0.014276 0.005465
v 0.000972 0.014285 0.005465
v 0.000630 0.014202 0.000465
v 0.000972 0.014285 0.000465
v 0.001325 0.014276 0.000465
v 0.001663 0.014177 0.000465
v 0.001964 0.013993 0.000465
v 0.002207 0.013738 0.000465
v 0.002375 0.013429 0.000465
v 0.002458 0.013086 0.000465
v 0.002450 0.012734 0.000465
v 0.002350 0.012396 0.000465
v 0.002167 0.012095 0.000465
v 0.001911 0.011852 0.000465
v 0.001602 0.011683 0.000465
v 0.001259 0.011600 0.000465
v 0.000907 0.011609 0.000465
v 0.000569 0.011708 0.000465
v 0.000268 0.011892 0.000465
v 0.000025 0.012147 0.000465
v -0.000144 0.012456 0.000465
v -0.000226 0.012799 0.000465
v -0.000218 0.013151 0.000465
v -0.000118 0.013489 0.000465
v 0.000065 0.013790 0.000465
v 0.000320 0.014033 0.000465
v -0.013482 0.000030 0.005465
v -0.013792 -0.000139 0.005465
v -0.014047 -0.000382 0.005465
v -0.014231 -0.000682 0.005465
v -0.014330 -0.001021 0.005465
v -0.014339 -0.001373 0.005465
v -0.014256 -0.001715 0.005465
v -0.014087 -0.002025 0.005465
v -0.013844 -0.002280 0.005465
v -0.013543 -0.002464 0.005465
v -0.013205 -0.002563 0.005465
v -0.012853 -0.002572 0.005465
v -0.012510 -0.002489 0.005465
v -0.012201 -0.002320 0.005465
v -0.011946 -0.002077 0.005465
v -0.011762 -0.001776 0.005465
v -0.011663 -0.001438 0.005465
v -0.011654 -0.001086 0.005465
v -0.011737 -0.000743 0.005465
v -0.011906 -0.000434 0.005465
v -0.012149 -0.000179 0.005465
v -0.012449 0.000005 0.005465
v -0.012788 0.000104 0.005465
v -0.013140 0.000113 0.005465
v -0.013482 0.000030 0.000465
v -0.013140 0.000113 0.000465
v -0.012788 0.000104 0.000465
v -0.012449 0.000005 0.000465
v -0.012149 -0.000179 0.000465
v -0.011906 -0.000434 0.000465
v -0.011737 -0.000743 0.000465
v -0.011654 -0.001086 0.000465
v -0.011663 -0.001438 0.000465
v -0.011762 -0.001776 0.000465
v -0.011946 -0.002077 0.000465
v -0.012201 -0.002320 0.000465
v -0.012510 -0.002489 0.000465
v -0.012853 -0.002572 0.000465
v -0.013205 -0.002563 0.000465
v -0.013543 -0.002464 0.000465
v -0.013844 -0.002280 0.000465
v -0.014087 -0.002025 0.000465
v -0.014256 -0.001715 0.000465
v -0.014339 -0.001373 0.000465
v -0.014330 -0.001021 0.000465
v -0.014231 -0.000682 0.000465
v -0.014047 -0.000382 0.000465
v -0.013792 -0.000139 0.000465
v 0.011967 0.002912 0.005465
v 0.011658 0.002743 0.005465
v 0.011403 0.002500 0.005465
v 0.011219 0.002200 0.005465
v 0.011120 0.001861 0.005465
v 0.011111 0.001509 0.005465
v 0.011194 0.001167 0.005465
v 0.011363 0.000857 0.005465
v 0.011606 0.000602 0.005465
v 0.011907 0.000418 0.005465
v 0.012245 0.000319 0.005465
v 0.012597 0.000310 0.005465
v 0.012939 0.000393 0.005465
v 0.013249 0.000562 0.005465
v 0.013504 0.000805 0.005465
v 0.013688 0.001106 0.005465
v 0.013787 0.001444 0.005465
v 0.013796 0.001796 0.005465
v 0.013713 0.002139 0.005465
v 0.013544 0.002448 0.005465
v 0.013301 0.002703 0.005465
v 0.013000 0.002887 0.005465
v 0.012662 0.002986 0.005465
v 0.012310 0.002995 0.005465
v 0.011967 0.002912 0.000465
v 0.012310 0.002995 0.000465
v 0.012662 0.002986 0.000465
v 0.013000 0.002887 0.000465
v 0.013301 0.002703 0.000465
v 0.013544 0.002448 0.000465
v 0.013713 0.002139 0.000465
v 0.013796 0.001796 0.000465
v 0.013787 0.001444 0.000465
v 0.013688 0.001106 0.000465
v 0.013504 0.000805 0.000465
v 0.013249 0.000562 0.000465
v 0.012939 0.000393 0.000465
v 0.012597 0.000310 0.000465
v 0.012245 0.000319 0.000465
v 0.011907 0.000418 0.000465
v 0.011606 0.000602 0.000465
v 0.011363 0.000857 0.000465
v 0.011194 0.001167 0.000465
v 0.011111 0.001509 0.000465
v 0.011120 0.001861 0.000465
v 0.011219 0.002200 0.000465
v 0.011403 0.002500 0.000465
v 0.011658 0.002743 0.000465
v -0.011252 0.028666 0.005465
v -0.012934 0.027959 0.005465
v -0.014571 0.027152 0.005465
v -0.016156 0.026248 0.005465
v -0.017685 0.025252 0.005465
v -0.019152 0.024166 0.005465
v -0.020550 0.022994 0.005465
v -0.021876 0.021740 0.005465
v -0.023125 0.020410 0.005465
v -0.024292 0.019007 0.005465
v -0.025373 0.017536 0.005465
v -0.026364 0.016004 0.005465
v -0.027262 0.014416 0.005465
v -0.028063 0.012776 0.005465
v -0.028765 0.011091 0.005465
v -0.029365 0.009368 0.005465
v -0.029860 0.007612 0.005465
v -0.030250 0.005829 0.005465
v -0.030532 0.004026 0.005465
v -0.030706 0.002209 0.005465
v -0.030771 0.000386 0.005465
v -0.030727 -0.001439 0.005465
v -0.030574 -0.003257 0.005465
v -0.030312 -0.005063 0.005465
v -0.029943 -0.006850 0.005465
v -0.029467 -0.008612 0.005465
v -0.028887 -0.010342 0.005465
v -0.028205 -0.012035 0.005465
v -0.027423 -0.013683 0.005465
v -0.026543 -0.015282 0.005465
v -0.025569 -0.016826 0.005465
v -0.024505 -0.018308 0.005465
v -0.023354 -0.019724 0.005465
v -0.022121 -0.021069 0.005465
v -0.020809 -0.022337 0.005465
v -0.019424 -0.023525 0.005465
v -0.017970 -0.024628 0.005465
v -0.016453 -0.025642 0.005465
v -0.014877 -0.026564 0.005465
v -0.013250 -0.027389 0.005465
v -0.011576 -0.028116 0.005465
v -0.009862 -0.028741 0.005465
v -0.008113 -0.029263 0.005465
v -0.006336 -0.029679 0.005465
v -0.004538 -0.029988 0.005465
v -0.002724 -0.030190 0.005465
v -0.000902 -0.030282 0.005465
v 0.000923 -0.030265 0.005465
v 0.002743 -0.030139 0.005465
v 0.004553 -0.029904 0.005465
v 0.006346 -0.029562 0.005465
v 0.008114 -0.029113 0.005465
v 0.009853 -0.028559 0.005465
v 0.011556 -0.027902 0.005465
v 0.013216 -0.027144 0.005465
v 0.014828 -0.026289 0.005465
v 0.016385 -0.025338 0.005465
v 0.017884 -0.024296 0.005465
v 0.019317 -0.023167 0.005465
v 0.020680 -0.021954 0.005465
v 0.021968 -0.020661 0.005465
v 0.023176 -0.019294 0.005465
v 0.024301 -0.017856 0.005465
v 0.025337 -0.016354 0.005465
v 0.026282 -0.014793 0.005465
v 0.027132 -0.013178 0.005465
v 0.027884 -0.011516 0.005465
v 0.028535 -0.009811 0.005465
v 0.029083 -0.008070 0.005465
v 0.029525 -0.006300 0.005465
v 0.029861 -0.004506 0.005465
v 0.030090 -0.002696 0.005465
v 0.030209 -0.000875 0.005465
v 0.030220 0.000950 0.005465
v 0.030121 0.002772 0.005465
v 0.029913 0.004585 0.005465
v 0.029598 0.006383 0.005465
v 0.029175 0.008158 0.005465
v 0.028647 0.009905 0.005465
v 0.028016 0.011617 0.005465
v 0.027283 0.013288 0.005465
v 0.026452 0.014913 0.005465
v 0.025525 0.016484 0.005465
v 0.024505 0.017998 0.005465
v 0.023397 0.019448 0.005465
v 0.022205 0.020829 0.005465
v 0.020931 0.022136 0.005465
v 0.019582 0.023365 0.005465
v 0.018162 0.024511 0.005465
v 0.016676 0.025570 0.005465
v 0.015129 0.026538 0.005465
v 0.013527 0.027412 0.005465
v 0.011876 0.028188 0.005465
v 0.010181 0.028865 0.005465
v 0.008449 0.029439 0.005465
v 0.006685 0.029908 0.005465
v 0.004897 0.030271 0.005465
v 0.003090 0.030526 0.005465
v 0.001271 0.030673 0.005465
v -0.000554 0.030710 0.005465
v -0.002377 0.030639 0.005465
v -0.004193 0.030458 0.005465
v -0.005995 0.030170 0.005465
v -0.007776 0.029774 0.005465
v -0.009531 0.029272 0.005465
v -0.018902 -0.014938 0.005465
v -0.018382 -0.014794 0.005465
v -0.017845 -0.014754 0.005465
v -0.017310 -0.014820 0.005465
v -0.016798 -0.014989 0.005465
v -0.016329 -0.015255 0.005465
v -0.015920 -0.015607 0.005465
v -0.015589 -0.016032 0.005465
v -0.015346 -0.016513 0.005465
v -0.015202 -0.017033 0.005465
v -0.015163 -0.017570 0.005465
v -0.015229 -0.018105 0.005465
v -0.015398 -0.018617 0.005465
v -0.015663 -0.019086 0.005465
v -0.016015 -0.019495 0.005465
v -0.016440 -0.019826 0.005465
v -0.016922 -0.020069 0.005465
v -0.017441 -0.020213 0.005465
v -0.017979 -0.020252 0.005465
v -0.018514 -0.020186 0.005465
v -0.019026 -0.020017 0.005465
v -0.019495 -0.019752 0.005465
v -0.019903 -0.019400 0.005465
v -0.020235 -0.018975 0.005465
v -0.020477 -0.018493 0.005465
v -0.020621 -0.017974 0.005465
v -0.020661 -0.017436 0.005465
v -0.020595 -0.016901 0.005465
v -0.020426 -0.016389 0.005465
v -0.020160 -0.015920 0.005465
v -0.019808 -0.015512 0.005465
v -0.019383 -0.015180 0.005465
v 0.016453 -0.014863 0.005465
v 0.016973 -0.014719 0.005465
v 0.017511 -0.014680 0.005465
v 0.018046 -0.014745 0.005465
v 0.018557 -0.014915 0.005465
v 0.019027 -0.015180 0.005465
v 0.019435 -0.015532 0.005465
v 0.019767 -0.015957 0.005465
v 0.020009 -0.016439 0.005465
v 0.020153 -0.016958 0.005465
v 0.020193 -0.017496 0.005465
v 0.020127 -0.018031 0.005465
v 0.019958 -0.018543 0.005465
v 0.019692 -0.019012 0.005465
v 0.019340 -0.019420 0.005465
v 0.018915 -0.019752 0.005465
v 0.018433 -0.019994 0.005465
v 0.017914 -0.020138 0.005465
v 0.017376 -0.020178 0.005465
v 0.016841 -0.020112 0.005465
v 0.016329 -0.019943 0.005465
v 0.015860 -0.019677 0.005465
v 0.015452 -0.019325 0.005465
v 0.015120 -0.018900 0.005465
v 0.014878 -0.018419 0.005465
v 0.014734 -0.017899 0.005465
v 0.014694 -0.017362 0.005465
v 0.014760 -0.016827 0.005465
v 0.014929 -0.016315 0.005465
v 0.015195 -0.015846 0.005465
v 0.015547 -0.015437 0.005465
v 0.015972 -0.015106 0.005465
v 0.016379 0.020492 0.005465
v 0.016898 0.020636 0.005465
v 0.017436 0.020676 0.005465
v 0.017971 0.020610 0.005465
v 0.018483 0.020441 0.005465
v 0.018952 0.020175 0.005465
v 0.019360 0.019823 0.005465
v 0.019692 0.019398 0.005465
v 0.019935 0.018917 0.005465
v 0.020078 0.018397 0.005465
v 0.020118 0.017859 0.005465
v 0.020052 0.017324 0.005465
v 0.019883 0.016812 0.005465
v 0.019618 0.016343 0.005465
v 0.019265 0.015935 0.005465
v 0.018841 0.015603 0.005465
v 0.018359 0.015361 0.005465
v 0.017839 0.015217 0.005465
v 0.017302 0.015177 0.005465
v 0.016767 0.015243 0.005465
v 0.016255 0.015412 0.005465
v 0.015786 0.015678 0.005465
v 0.015378 0.016030 0.005465
v 0.015046 0.016455 0.005465
v 0.014803 0.016936 0.005465
v 0.014659 0.017456 0.005465
v 0.014620 0.017994 0.005465
v 0.014686 0.018529 0.005465
v 0.014855 0.019041 0.005465
v 0.015120 0.019510 0.005465
v 0.015472 0.019918 0.005465
v 0.015897 0.020250 0.005465
v -0.018976 0.020418 0.005465
v -0.018457 0.020562 0.005465
v -0.017919 0.020601 0.005465
v -0.017384 0.020535 0.005465
v -0.016872 0.020366 0.005465
v -0.016403 0.020101 0.005465
v -0.015995 0.019749 0.005465
v -0.015663 0.019324 0.005465
v -0.015421 0.018842 0.005465
v -0.015277 0.018323 0.005465
v -0.015237 0.017785 0.005465
v -0.015303 0.017250 0.005465
v -0.015472 0.016738 0.005465
v -0.015738 0.016269 0.005465
v -0.016090 0.015861 0.005465
v -0.016515 0.015529 0.005465
v -0.016996 0.015286 0.005465
v -0.017516 0.015143 0.005465
v -0.018053 0.015103 0.005465
v -0.018588 0.015169 0.005465
v -0.019100 0.015338 0.005465
v -0.019569 0.015603 0.005465
v -0.019978 0.015956 0.005465
v -0.020309 0.016380 0.005465
v -0.020552 0.016862 0.005465
v -0.020696 0.017382 0.005465
v -0.020735 0.017919 0.005465
v -0.020670 0.018454 0.005465
v -0.020501 0.018966 0.005465
v -0.020235 0.019435 0.005465
v -0.019883 0.019843 0.005465
v -0.019458 0.020175 0.005465
v -0.018902 -0.014938 0.000465
v -0.018382 -0.014794 0.000465
v -0.017845 -0.014754 0.000465
v -0.017310 -0.014820 0.000465
v -0.016798 -0.014989 0.000465
v -0.016329 -0.015255 0.000465
v -0.015920 -0.015607 0.000465
v -0.015589 -0.016032 0.000465
v -0.015346 -0.016513 0.000465
v -0.015202 -0.017033 0.000465
v -0.015163 -0.017570 0.000465
v -0.015229 -0.018105 0.000465
v -0.015398 -0.018617 0.000465
v -0.015663 -0.019086 0.000465
v -0.016015 -0.019495 0.000465
v -0.016440 -0.019826 0.000465
v -0.016922 -0.020069 0.000465
v -0.017441 -0.020213 0.000465
v -0.017979 -0.020252 0.000465
v -0.018514 -0.020186 0.000465
v -0.019026 -0.020017 0.000465
v -0.019495 -0.019752 0.000465
v -0.019903 -0.019400 0.000465
v -0.020235 -0.018975 0.000465
v -0.020477 -0.018493 0.000465
v -0.020621 -0.017974 0.000465
v -0.020661 -0.017436 0.000465
v -0.020595 -0.016901 0.000465
v -0.020426 -0.016389 0.000465
v -0.020160 -0.015920 0.000465
v -0.019808 -0.015512 0.000465
v -0.019383 -0.015180 0.000465
v 0.016453 -0.014863 0.000465
v 0.016973 -0.014719 0.000465
v 0.017511 -0.014680 0.000465
v 0.018046 -0.014745 0.000465
v 0.018557 -0.014915 0.000465
v 0.019027 -0.015180 0.000465
v 0.019435 -0.015532 0.000465
v 0.019767 -0.015957 0.000465
v 0.020009 -0.016439 0.000465
v 0.020153 -0.016958 0.000465
v 0.020193 -0.017496 0.000465
v 0.020127 -0.018031 0.000465
v 0.019958 -0.018543 0.000465
v 0.019692 -0.019012 0.000465
v 0.019340 -0.019420 0.000465
v 0.018915 -0.019752 0.000465
v 0.018433 -0.019994 0.000465
v 0.017914 -0.020138 0.000465
v 0.017376 -0.020178 0.000465
v 0.016841 -0.020112 0.000465
v 0.016329 -0.019943 0.000465
v 0.015860 -0.019677 0.000465
v 0.015452 -0.019325 0.000465
v 0.015120 -0.018900 0.000465
v 0.014878 -0.018419 0.000465
v 0.014734 -0.017899 0.000465
v 0.014694 -0.017362 0.000465
v 0.014760 -0.016827 0.000465
v 0.014929 -0.016315 0.000465
v 0.015195 -0.015846 0.000465
v 0.015547 -0.015437 0.000465
v 0.015972 -0.015106 0.000465
v 0.016379 0.020492 0.000465
v 0.016898 0.020636 0.000465
v 0.017436 0.020676 0.000465
v 0.017971 0.020610 0.000465
v 0.018483 0.020441 0.000465
v 0.018952 0.020175 0.000465
v 0.019360 0.019823 0.000465
v 0.019692 0.019398 0.000465
v 0.019935 0.018917 0.000465
v 0.020078 0.018397 0.000465
v 0.020118 0.017859 0.000465
v 0.020052 0.017324 0.000465
v 0.019883 0.016812 0.000465
v 0.019618 0.016343 0.000465
v 0.019265 0.015935 0.000465
v 0.018841 0.015603 0.000465
v 0.018359 0.015361 0.000465
v 0.017839 0.015217 0.000465
v 0.017302 0.015177 0.000465
v 0.016767 0.015243 0.000465
v 0.016255 0.015412 0.000465
v 0.015786 0.015678 0.000465
v 0.015378 0.016030 0.000465
v 0.015046 0.016455 0.000465
v 0.014803 0.016936 0.000465
v 0.014659 0.017456 0.000465
v 0.014620 0.017994 0.000465
v 0.014686 0.018529 0.000465
v 0.014855 0.019041 0.000465
v 0.015120 0.019510 0.000465
v 0.015472 0.019918 0.000465
v 0.015897 0.020250 0.000465
v -0.018976 0.020418 0.000465
v -0.018457 0.020562 0.000465
v -0.017919 0.020601 0.000465
v -0.017384 0.020535 0.000465
v -0.016872 0.020366 0.000465
v -0.016403 0.020101 0.000465
v -0.015995 0.019749 0.000465
v -0.015663 0.019324 0.000465
v -0.015421 0.018842 0.000465
v -0.015277 0.018323 0.000465
v -0.015237 0.017785 0.000465
v -0.015303 0.017250 0.000465
v -0.015472 0.016738 0.000465
v -0.015738 0.016269 0.000465
v -0.016090 0.015861 0.000465
v -0.016515 0.015529 0.000465
v -0.016996 0.015286 0.000465
v -0.017516 0.015143 0.000465
v -0.018053 0.015103 0.000465
v -0.018588 0.015169 0.000465
v -0.019100 0.015338 0.000465
v -0.019569 0.015603 0.000465
v -0.019978 0.015956 0.000465
v -0.020309 0.016380 0.000465
v -0.020552 0.016862 0.000465
v -0.020696 0.017382 0.000465
v -0.020735 0.017919 0.000465
v -0.020670 0.018454 0.000465
v -0.020501 0.018966 0.000465
v -0.020235 0.019435 0.000465
v -0.019883 0.019843 0.000465
v -0.019458 0.020175 0.000465
v -0.011252 0.028666 0.000465
v -0.012934 0.027959 0.000465
v -0.014571 0.027152 0.000465
v -0.016156 0.026248 0.000465
v -0.017685 0.025252 0.000465
v -0.019152 0.024166 0.000465
v -0.020550 0.022994 0.000465
v -0.021876 0.021740 0.000465
v -0.023125 0.020410 0.000465
v -0.024292 0.019007 0.000465
v -0.025373 0.017536 0.000465
v -0.026364 0.016004 0.000465
v -0.027262 0.014416 0.000465
v -0.028063 0.012776 0.000465
v -0.028765 0.011091 0.000465
v -0.029365 0.009368 0.000465
v -0.029860 0.007612 0.000465
v -0.030250 0.005829 0.000465
v -0.030532 0.004026 0.000465
v -0.030706 0.002209 0.000465
v -0.030771 0.000386 0.000465
v -0.030727 -0.001439 0.000465
v -0.030574 -0.003257 0.000465
v -0.030312 -0.005063 0.000465
v -0.029943 -0.006850 0.000465
v -0.029467 -0.008612 0.000465
v -0.028887 -0.010342 0.000465
v -0.028205 -0.012035 0.000465
v -0.027423 -0.013683 0.000465
v -0.026543 -0.015282 0.000465
v -0.025569 -0.016826 0.000465
v -0.024505 -0.018308 0.000465
v -0.023354 -0.019724 0.000465
v -0.022121 -0.021069 0.000465
v -0.020809 -0.022337 0.000465
v -0.019424 -0.023525 0.000465
v -0.017970 -0.024628 0.000465
v -0.016453 -0.025642 0.000465
v -0.014877 -0.026564 0.000465
v -0.013250 -0.027389 0.000465
v -0.011576 -0.028116 0.000465
v -0.009862 -0.028741 0.000465
v -0.008113 -0.029263 0.000465
v -0.006336 -0.029679 0.000465
v -0.004538 -0.029988 0.000465
v -0.002724 -0.030190 0.000465
v -0.000902 -0.030282 0.000465
v 0.000923 -0.030265 0.000465
v 0.002743 -0.030139 0.000465
v 0.004553 -0.029904 0.000465
v 0.006346 -0.029562 0.000465
v 0.008114 -0.029113 0.000465
v 0.009853 -0.028559 0.000465
v 0.011556 -0.027902 0.000465
v 0.013216 -0.027144 0.000465
v 0.014828 -0.026289 0.000465
v 0.016385 -0.025338 0.000465
v 0.017884 -0.024296 0.000465
v 0.019317 -0.023167 0.000465
v 0.020680 -0.021954 0.000465
v 0.021968 -0.020661 0.000465
v 0.023176 -0.019294 0.000465
v 0.024301 -0.017856 0.000465
v 0.025337 -0.016354 0.000465
v 0.026282 -0.014793 0.000465
v 0.027132 -0.013178 0.000465
v 0.027884 -0.011516 0.000465
v 0.028535 -0.009811 0.000465
v 0.029083 -0.008070 0.000465
v 0.029525 -0.006300 0.000465
v 0.029861 -0.004506 0.000465
v 0.030090 -0.002696 0.000465
v 0.030209 -0.000875 0.000465
v 0.030220 0.000950 0.000465
v 0.030121 0.002772 0.000465
v 0.029913 0.004585 0.000465
v 0.029598 0.006383 0.000465
v 0.029175 0.008158 0.000465
v 0.028647 0.009905 0.000465
v 0.028016 0.011617 0.000465
v 0.027283 0.013288 0.000465
v 0.026452 0.014913 0.000465
v 0.025525 0.016484 0.000465
v 0.024505 0.017998 0.000465
v 0.023397 0.019448 0.000465
v 0.022205 0.020829 0.000465
v 0.020931 0.022136 0.000465
v 0.019582 0.023365 0.000465
v 0.018162 0.024511 0.000465
v 0.016676 0.025570 0.000465
v 0.015129 0.026538 0.000465
v 0.013527 0.027412 0.000465
v 0.011876 0.028188 0.000465
v 0.010181 0.028865 0.000465
v 0.008449 0.029439 0.000465
v 0.006685 0.029908 0.000465
v 0.004897 0.030271 0.000465
v 0.003090 0.030526 0.000465
v 0.001271 0.030673 0.000465
v -0.000554 0.030710 0.000465
v -0.002377 0.030639 0.000465
v -0.004193 0.030458 0.000465
v -0.005995 0.030170 0.000465
v -0.007776 0.029774 0.000465
v -0.009531 0.029272 0.000465
vt 0.500000 -0.388772 0.000000
vt 0.000000 -0.388772 0.000000
vt 0.500000 -0.424115 0.000000
vt 0.000000 -0.424115 0.000000
vt 0.500000 0.424115 0.000000
vt 0.000000 0.424115 0.000000
vt 0.500000 0.388772 0.000000
vt 0.000000 0.388772 0.000000
vt 0.500000 0.353429 0.000000
vt 0.000000 0.353429 0.000000
vt 0.500000 0.318086 0.000000
vt 0.000000 0.318086 0.000000
vt 0.500000 0.282743 0.000000
vt 0.000000 0.282743 0.000000
vt 0.500000 0.247400 0.000000
vt 0.000000 0.247400 0.000000
vt 0.500000 0.212058 0.000000
vt 0.000000 0.212058 0.000000
vt 0.500000 0.176715 0.000000
vt 0.000000 0.176715 0.000000
vt 0.500000 0.141372 0.000000
vt -0.000000 0.141372 0.000000
vt 0.500000 0.106029 0.000000
vt -0.000000 0.106029 0.000000
vt 0.500000 0.070686 0.000000
vt -0.000000 0.070686 0.000000
vt 0.500000 0.035343 0.000000
vt -0.000000 0.035343 0.000000
vt 0.500000 0.000000 0.000000
vt -0.000000 0.000000 0.000000
vt 0.500000 -0.035343 0.000000
vt -0.000000 -0.035343 0.000000
vt 0.500000 -0.070686 0.000000
vt -0.000000 -0.070686 0.000000
vt 0.500000 -0.106029 0.000000
vt -0.000000 -0.106029 0.000000
vt 0.500000 -0.141372 0.000000
vt -0.000000 -0.141372 0.000000
vt 0.500000 -0.176715 0.000000
vt -0.000000 -0.176715 0.000000
vt 0.500000 -0.212058 0.000000
vt -0.000000 -0.212058 0.000000
vt 0.500000 -0.247400 0.000000
vt -0.000000 -0.247400 0.000000
vt 0.500000 -0.282743 0.000000
vt 0.000000 -0.282743 0.000000
vt 0.500000 -0.318086 0.000000
vt 0.000000 -0.318086 0.000000
vt 0.500000 -0.353429 0.000000
vt 0.000000 -0.353429 0.000000
vt 0.500000 -0.388772 0.000000
vt 0.000000 -0.388772 0.000000
vt 0.500000 -0.424115 0.000000
vt -0.000000 -0.424115 0.000000
vt 0.500000 0.424115 0.000000
vt -0.000000 0.424115 0.000000
vt 0.500000 0.388772 0.000000
vt 0.000000 0.388772 0.000000
vt 0.500000 0.353429 0.000000
vt 0.000000 0.353429 0.000000
vt 0.500000 0.318086 0.000000
vt 0.000000 0.318086 0.000000
vt 0.500000 0.282743 0.000000
vt 0.000000 0.282743 0.000000
vt 0.500000 0.247400 0.000000
vt 0.000000 0.247400 0.000000
vt 0.500000 0.212058 0.000000
vt 0.000000 0.212058 0.000000
vt 0.500000 0.176715 0.000000
vt 0.000000 0.176715 0.000000
vt 0.500000 0.141372 0.000000
vt -0.000000 0.141372 0.000000
vt 0.500000 0.106029 0.000000
vt -0.000000 0.106029 0.000000
vt 0.500000 0.070686 0.000000
vt -0.000000 0.070686 0.000000
vt 0.500000 0.035343 0.000000
vt -0.000000 0.035343 0.000000
vt 0.500000 0.000000 0.000000
vt -0.000000 0.000000 0.000000
vt 0.500000 -0.035343 0.000000
vt -0.000000 -0.035343 0.000000
vt 0.500000 -0.070686 0.000000
vt -0.000000 -0.070686 0.000000
vt 0.500000 -0.106029 0.000000
vt -0.000000 -0.106029 0.000000
vt 0.500000 -0.141372 0.000000
vt -0.000000 -0.141372 0.000000
vt 0.500000 -0.176715 0.000000
vt -0.000000 -0.176715 0.000000
vt 0.500000 -0.212058 0.000000
vt -0.000000 -0.212058 0.000000
vt 0.500000 -0.247400 0.000000
vt -0.000000 -0.247400 0.000000
vt 0.500000 -0.282743 0.000000
vt 0.000000 -0.282743 0.000000
vt 0.500000 -0.318086 0.000000
vt 0.000000 -0.318086 0.000000
vt 0.500000 -0.353429 0.000000
vt 0.000000 -0.353429 0.000000
vt 0.500000 -0.388772 0.000000
vt 0.000000 -0.388772 0.000000
vt 0.500000 -0.424115 0.000000
vt 0.000000 -0.424115 0.000000
vt 0.500000 0.424115 0.000000
vt 0.000000 0.424115 0.000000
vt 0.500000 0.388772 0.000000
vt 0.000000 0.388772 0.000000
vt 0.500000 0.353429 0.000000
vt 0.000000 0.353429 0.000000
vt 0.500000 0.318086 0.000000
vt 0.000000 0.318086 0.000000
vt 0.500000 0.282743 0.000000
vt 0.000000 0.282743 0.000000
vt 0.500000 0.247400 0.000000
vt 0.000000 0.247400 0.000000
vt 0.500000 0.212058 0.000000
vt 0.000000 0.212058 0.000000
vt 0.500000 0.176715 0.000000
vt 0.000000 0.176715 0.000000
vt 0.500000 0.141372 0.000000
vt 0.000000 0.141372 0.000000
vt 0.500000 0.106029 0.000000
vt 0.000000 0.106029 0.000000
vt 0.500000 0.070686 0.000000
vt 0.000000 0.070686 0.000000
vt 0.500000 0.035343 0.000000
vt 0.000000 0.035343 0.000000
vt 0.500000 0.000000 0.000000
vt 0.000000 -0.000000 0.000000
vt 0.500000 -0.035343 0.000000
vt 0.000000 -0.035343 0.000000
vt 0.500000 -0.070686 0.000000
vt 0.000000 -0.070686 0.000000
vt 0.500000 -0.106029 0.000000
vt 0.000000 -0.106029 0.000000
vt 0.500000 -0.141372 0.000000
vt 0.000000 -0.141372 0.000000
vt 0.500000 -0.176715 0.000000
vt 0.000000 -0.176715 0.000000
vt 0.500000 -0.212058 0.000000
vt 0.000000 -0.212058 0.000000
vt 0.500000 -0.247400 0.000000
vt 0.000000 -0.247400 0.000000
vt 0.500000 -0.282743 0.000000
vt 0.000000 -0.282743 0.000000
vt 0.500000 -0.318086 0.000000
vt 0.000000 -0.318086 0.000000
vt 0.500000 -0.353429 0.000000
vt 0.000000 -0.353429 0.000000
vt 0.500000 -0.388772 0.000000
vt 0.000000 -0.388772 0.000000
vt 0.500000 -0.424115 0.000000
vt 0.000000 -0.424115 0.000000
vt 0.500000 0.424115 0.000000
vt 0.000000 0.424115 0.000000
vt 0.500000 0.388772 0.000000
vt 0.000000 0.388772 0.000000
vt 0.500000 0.353429 0.000000
vt 0.000000 0.353429 0.000000
vt 0.500000 0.318086 0.000000
vt 0.000000 0.318086 0.000000
vt 0.500000 0.282743 0.000000
vt 0.000000 0.282743 0.000000
vt 0.500000 0.247400 0.000000
vt 0.000000 0.247400 0.000000
vt 0.500000 0.212058 0.000000
vt 0.000000 0.212058 0.000000
vt 0.500000 0.176715 0.000000
vt 0.000000 0.176715 0.000000
vt 0.500000 0.141372 0.000000
vt -0.000000 0.141372 0.000000
vt 0.500000 0.106029 0.000000
vt -0.000000 0.106029 0.000000
vt 0.500000 0.070686 0.000000
vt -0.000000 0.070686 0.000000
vt 0.500000 0.035343 0.000000
vt -0.000000 0.035343 0.000000
vt 0.500000 0.000000 0.000000
vt -0.000000 0.000000 0.000000
vt 0.500000 -0.035343 0.000000
vt -0.000000 -0.035343 0.000000
vt 0.500000 -0.070686 0.000000
vt -0.000000 -0.070686 0.000000
vt 0.500000 -0.106029 0.000000
vt -0.000000 -0.106029 0.000000
vt 0.500000 -0.141372 0.000000
vt -0.000000 -0.141372 0.000000
vt 0.500000 -0.176715 0.000000
vt -0.000000 -0.176715 0.000000
vt 0.500000 -0.212058 0.000000
vt -0.000000 -0.212058 0.000000
vt 0.500000 -0.247400 0.000000
vt -0.000000 -0.247400 0.000000
vt 0.500000 -0.282743 0.000000
vt 0.000000 -0.282743 0.000000
vt 0.500000 -0.318086 0.000000
vt 0.000000 -0.318086 0.000000
vt 0.500000 -0.353429 0.000000
vt 0.000000 -0.353429 0.000000
vt 3.044541 -0.182403 0.000000
vt 3.050000 0.000000 0.000000
vt 1.254682 -0.520278 0.000000
vt 3.044541 0.182403 0.000000
vt 1.233228 -0.492318 0.000000
vt 3.028183 0.364152 0.000000
vt 1.205269 -0.470864 0.000000
vt 1.172709 -0.457378 0.000000
vt 1.137769 -0.452778 0.000000
vt -1.137769 0.452778 0.000000
vt 1.102828 -0.457378 0.000000
vt 1.070269 -0.470864 0.000000
vt 1.042309 -0.492318 0.000000
vt 1.020855 -0.520278 0.000000
vt -0.288747 -1.108643 0.000000
vt 1.007369 -0.552837 0.000000
vt -0.256188 -1.122129 0.000000
vt 1.002769 -0.587778 0.000000
vt -0.228228 -1.143583 0.000000
vt 1.007369 -0.622718 0.000000
vt -0.206774 -1.171542 0.000000
vt 1.020855 -0.655278 0.000000
vt -0.193288 -1.204102 0.000000
vt 1.042309 -0.683237 0.000000
vt -0.188688 -1.239042 0.000000
vt 1.070269 -0.704691 0.000000
vt -0.193288 -1.273983 0.000000
vt 1.102828 -0.718178 0.000000
vt -0.206774 -1.306542 0.000000
vt 1.137769 -0.722778 0.000000
vt -0.228228 -1.334502 0.000000
vt 2.707137 -1.404959 0.000000
vt -0.256188 -1.355956 0.000000
vt -0.288747 -1.369442 0.000000
vt 3.000985 0.544599 0.000000
vt 2.283525 0.742601 0.000000
vt 2.229875 0.747885 0.000000
vt 2.178287 0.763534 0.000000
vt 2.963045 0.723095 0.000000
vt 2.337175 0.747885 0.000000
vt 2.388763 0.763534 0.000000
vt 2.436307 0.788947 0.000000
vt 2.477980 0.823147 0.000000
vt 2.512179 0.864819 0.000000
vt 2.914497 0.899003 0.000000
vt 2.537592 0.912363 0.000000
vt 2.553241 0.963951 0.000000
vt 2.855516 1.071693 0.000000
vt 2.558525 1.017601 0.000000
vt 2.553241 1.071251 0.000000
vt 2.786314 1.240547 0.000000
vt 2.537592 1.122839 0.000000
vt 2.512179 1.170383 0.000000
vt 2.707137 1.404959 0.000000
vt 2.477980 1.212056 0.000000
vt 2.436307 1.246255 0.000000
vt 2.618269 1.564343 0.000000
vt 2.388763 1.271668 0.000000
vt 2.337175 1.287317 0.000000
vt 2.520028 1.718126 0.000000
vt 2.283525 1.292601 0.000000
vt 2.229875 1.287317 0.000000
vt 2.412767 1.865759 0.000000
vt 2.178287 1.271668 0.000000
vt 2.296868 2.006713 0.000000
vt 2.130744 1.246255 0.000000
vt 2.172747 2.140484 0.000000
vt 2.089071 1.212056 0.000000
vt 2.040848 2.266592 0.000000
vt 1.901644 2.384586 0.000000
vt 1.755632 2.494044 0.000000
vt 0.440601 1.306542 0.000000
vt 2.054871 1.170383 0.000000
vt 1.603335 2.594574 0.000000
vt 0.419147 1.334502 0.000000
vt 1.445299 2.685816 0.000000
vt 1.282090 2.767444 0.000000
vt 0.391188 1.355956 0.000000
vt 1.114290 2.839165 0.000000
vt 0.942502 2.900722 0.000000
vt 0.358628 1.369442 0.000000
vt 0.767340 2.951896 0.000000
vt 0.589431 2.992503 0.000000
vt 0.323688 1.374042 0.000000
vt 0.409411 3.022397 0.000000
vt 0.227927 3.041472 0.000000
vt 0.288747 1.369442 0.000000
vt 0.045626 3.049659 0.000000
vt -0.742601 2.283525 0.000000
vt -0.136838 3.046929 0.000000
vt -0.747885 2.337175 0.000000
vt -0.318812 3.033292 0.000000
vt -0.763534 2.388763 0.000000
vt -0.499645 3.008796 0.000000
vt -0.788947 2.436307 0.000000
vt -0.678689 2.973530 0.000000
vt -0.823147 2.477980 0.000000
vt -0.864819 2.512179 0.000000
vt -0.855304 2.927619 0.000000
vt -0.912363 2.537592 0.000000
vt -0.963951 2.553241 0.000000
vt -1.028856 2.871229 0.000000
vt -1.017601 2.558525 0.000000
vt -1.071251 2.553241 0.000000
vt -1.198726 2.804560 0.000000
vt -1.122839 2.537592 0.000000
vt -1.170383 2.512179 0.000000
vt -1.364305 2.727851 0.000000
vt -1.212056 2.477980 0.000000
vt -1.246255 2.436307 0.000000
vt -1.525000 2.641377 0.000000
vt -1.271668 2.388763 0.000000
vt -1.287317 2.337175 0.000000
vt -1.680236 2.545448 0.000000
vt -1.292601 2.283525 0.000000
vt -1.829457 2.440407 0.000000
vt -1.287317 2.229875 0.000000
vt -1.271668 2.178287 0.000000
vt -1.972129 2.326630 0.000000
vt -1.246255 2.130744 0.000000
vt -2.107741 2.204524 0.000000
vt -1.212056 2.089071 0.000000
vt -2.235808 2.074527 0.000000
vt -2.355872 1.937103 0.000000
vt -2.467502 1.792745 0.000000
vt -1.233228 0.683237 0.000000
vt -1.205269 0.704691 0.000000
vt -1.170383 2.054871 0.000000
vt -1.122839 2.029458 0.000000
vt -1.172709 0.718178 0.000000
vt -1.071251 2.013809 0.000000
vt -1.137769 0.722778 0.000000
vt -1.017601 2.008525 0.000000
vt -1.102828 0.718178 0.000000
vt -0.963951 2.013809 0.000000
vt -1.070269 0.704691 0.000000
vt -0.912363 2.029458 0.000000
vt 0.188688 1.239042 0.000000
vt 0.193288 1.273983 0.000000
vt -2.570299 1.641969 0.000000
vt -1.254682 0.655278 0.000000
vt -2.663895 1.485316 0.000000
vt -2.747955 1.323345 0.000000
vt -1.268169 0.622718 0.000000
vt -2.822178 1.156638 0.000000
vt -2.886299 0.985789 0.000000
vt -1.272769 0.587778 0.000000
vt -2.940087 0.811412 0.000000
vt -2.983350 0.634131 0.000000
vt -1.268169 0.552837 0.000000
vt -3.015934 0.454579 0.000000
vt -3.037722 0.273400 0.000000
vt -3.048635 0.091242 0.000000
vt -2.283525 -0.742601 0.000000
vt -2.229875 -0.747885 0.000000
vt -1.254682 0.520278 0.000000
vt -2.178287 -0.763534 0.000000
vt -1.233228 0.492318 0.000000
vt -2.130744 -0.788947 0.000000
vt -1.205269 0.470864 0.000000
vt -2.089071 -0.823147 0.000000
vt -1.172709 0.457378 0.000000
vt -2.054871 -0.864819 0.000000
vt -2.029458 -0.912363 0.000000
vt -0.419147 -1.143583 0.000000
vt -0.440601 -1.171542 0.000000
vt -2.013809 -0.963951 0.000000
vt -0.454088 -1.204102 0.000000
vt -2.008525 -1.017601 0.000000
vt -0.458688 -1.239042 0.000000
vt -2.013809 -1.071251 0.000000
vt -2.029458 -1.122839 0.000000
vt -3.048635 -0.091242 0.000000
vt -2.337175 -0.747885 0.000000
vt -3.037722 -0.273400 0.000000
vt -2.388763 -0.763534 0.000000
vt -3.015934 -0.454579 0.000000
vt -2.436307 -0.788947 0.000000
vt -2.983350 -0.634131 0.000000
vt -2.477980 -0.823147 0.000000
vt -2.940087 -0.811412 0.000000
vt -2.512179 -0.864819 0.000000
vt -2.537592 -0.912363 0.000000
vt -2.886299 -0.985789 0.000000
vt -2.553241 -0.963951 0.000000
vt -2.558525 -1.017601 0.000000
vt -2.822178 -1.156638 0.000000
vt -2.553241 -1.071251 0.000000
vt -2.537592 -1.122839 0.000000
vt -2.747955 -1.323345 0.000000
vt -2.512179 -1.170383 0.000000
vt -2.477980 -1.212056 0.000000
vt -2.663895 -1.485316 0.000000
vt -2.436307 -1.246255 0.000000
vt -2.388763 -1.271668 0.000000
vt -2.570299 -1.641969 0.000000
vt -2.337175 -1.287317 0.000000
vt -2.283525 -1.292601 0.000000
vt -2.467502 -1.792745 0.000000
vt -2.355872 -1.937103 0.000000
vt -2.235808 -2.074527 0.000000
vt -2.107741 -2.204524 0.000000
vt -1.972129 -2.326630 0.000000
vt -0.440601 -1.306542 0.000000
vt -1.829457 -2.440407 0.000000
vt -1.680236 -2.545448 0.000000
vt -1.525000 -2.641377 0.000000
vt -0.419147 -1.334502 0.000000
vt -1.364305 -2.727851 0.000000
vt -1.198726 -2.804560 0.000000
vt -0.391188 -1.355956 0.000000
vt -1.028856 -2.871229 0.000000
vt -0.855304 -2.927619 0.000000
vt -0.358628 -1.369442 0.000000
vt -0.678689 -2.973530 0.000000
vt -0.323688 -1.374042 0.000000
vt -0.499645 -3.008796 0.000000
vt -0.318812 -3.033292 0.000000
vt -0.136838 -3.046929 0.000000
vt 0.742601 -2.283525 0.000000
vt 0.747885 -2.229875 0.000000
vt 0.045626 -3.049659 0.000000
vt 0.747885 -2.337175 0.000000
vt 0.227927 -3.041472 0.000000
vt 0.763534 -2.388763 0.000000
vt 0.409411 -3.022397 0.000000
vt 0.788947 -2.436307 0.000000
vt 0.589431 -2.992503 0.000000
vt 0.823147 -2.477980 0.000000
vt 0.767340 -2.951896 0.000000
vt 0.864819 -2.512179 0.000000
vt 0.912363 -2.537592 0.000000
vt 0.942502 -2.900722 0.000000
vt 0.963951 -2.553241 0.000000
vt 1.017601 -2.558525 0.000000
vt 1.114290 -2.839165 0.000000
vt 1.282090 -2.767444 0.000000
vt 1.445299 -2.685816 0.000000
vt 1.603335 -2.594574 0.000000
vt 1.071251 -2.553241 0.000000
vt 1.122839 -2.537592 0.000000
vt 1.170383 -2.512179 0.000000
vt 1.212056 -2.477980 0.000000
vt 1.246255 -2.436307 0.000000
vt 1.271668 -2.388763 0.000000
vt 1.287317 -2.337175 0.000000
vt 1.755632 -2.494044 0.000000
vt 1.292601 -2.283525 0.000000
vt 1.287317 -2.229875 0.000000
vt 1.901644 -2.384586 0.000000
vt 1.271668 -2.178287 0.000000
vt 2.040848 -2.266592 0.000000
vt 1.246255 -2.130744 0.000000
vt 2.172747 -2.140484 0.000000
vt 1.212056 -2.089071 0.000000
vt 2.296868 -2.006713 0.000000
vt 1.170383 -2.054871 0.000000
vt 2.412767 -1.865759 0.000000
vt 2.520028 -1.718126 0.000000
vt 1.122839 -2.029458 0.000000
vt 2.618269 -1.564343 0.000000
vt 2.786314 -1.240547 0.000000
vt 2.855516 -1.071693 0.000000
vt 2.914497 -0.899003 0.000000
vt 2.963045 -0.723095 0.000000
vt 1.172709 -0.718178 0.000000
vt 1.205269 -0.704691 0.000000
vt 1.233228 -0.683237 0.000000
vt 1.254682 -0.655278 0.000000
vt 1.268169 -0.622718 0.000000
vt 1.272769 -0.587778 0.000000
vt 1.268169 -0.552837 0.000000
vt 3.000985 -0.544599 0.000000
vt 3.028183 -0.364152 0.000000
vt -1.007369 0.552837 0.000000
vt 0.256188 1.122129 0.000000
vt -1.002769 0.587778 0.000000
vt 0.228228 1.143583 0.000000
vt -1.007369 0.622718 0.000000
vt 0.206774 1.171542 0.000000
vt -1.020855 0.655278 0.000000
vt 0.193288 1.204102 0.000000
vt -1.042309 0.683237 0.000000
vt 0.288747 1.108643 0.000000
vt -1.020855 0.520278 0.000000
vt 0.323688 1.104042 0.000000
vt -1.042309 0.492318 0.000000
vt 0.358628 1.108643 0.000000
vt 2.130744 0.788947 0.000000
vt 2.089071 0.823147 0.000000
vt -1.070269 0.470864 0.000000
vt -1.102828 0.457378 0.000000
vt 0.454088 1.204102 0.000000
vt 2.013809 1.071251 0.000000
vt 0.458688 1.239042 0.000000
vt 2.029458 1.122839 0.000000
vt 0.454088 1.273983 0.000000
vt 0.440601 1.171542 0.000000
vt 0.419147 1.143583 0.000000
vt 0.391188 1.122129 0.000000
vt 2.008525 1.017601 0.000000
vt 2.013809 0.963951 0.000000
vt 2.029458 0.912363 0.000000
vt 2.054871 0.864819 0.000000
vt -0.864819 2.054871 0.000000
vt 0.206774 1.306542 0.000000
vt -0.823147 2.089071 0.000000
vt -0.788947 2.130744 0.000000
vt 0.228228 1.334502 0.000000
vt -0.763534 2.178287 0.000000
vt 0.256188 1.355956 0.000000
vt -0.747885 2.229875 0.000000
vt 1.017601 -2.008525 0.000000
vt 1.071251 -2.013809 0.000000
vt -0.454088 -1.273983 0.000000
vt -2.054871 -1.170383 0.000000
vt -2.089071 -1.212056 0.000000
vt -2.130744 -1.246255 0.000000
vt -0.391188 -1.122129 0.000000
vt -0.358628 -1.108643 0.000000
vt -0.323688 -1.104042 0.000000
vt -2.178287 -1.271668 0.000000
vt -2.229875 -1.287317 0.000000
vt 0.763534 -2.178287 0.000000
vt 0.788947 -2.130744 0.000000
vt 0.823147 -2.089071 0.000000
vt 0.864819 -2.054871 0.000000
vt 0.912363 -2.029458 0.000000
vt 0.963951 -2.013809 0.000000
vt -0.000000 0.809942 0.000000
vt 0.500000 0.809942 0.000000
vt 0.000000 0.863938 0.000000
vt 0.500000 0.863938 0.000000
vt 0.000000 -0.863938 0.000000
vt 0.500000 -0.863938 0.000000
vt -0.000000 -0.809942 0.000000
vt 0.500000 -0.809942 0.000000
vt -0.000000 -0.755946 0.000000
vt 0.500000 -0.755946 0.000000
vt -0.000000 -0.701950 0.000000
vt 0.500000 -0.701950 0.000000
vt -0.000000 -0.647953 0.000000
vt 0.500000 -0.647953 0.000000
vt -0.000000 -0.593957 0.000000
vt 0.500000 -0.593957 0.000000
vt -0.000000 -0.539961 0.000000
vt 0.500000 -0.539961 0.000000
vt -0.000000 -0.485965 0.000000
vt 0.500000 -0.485965 0.000000
vt 0.000000 -0.431969 0.000000
vt 0.500000 -0.431969 0.000000
vt 0.000000 -0.377973 0.000000
vt 0.500000 -0.377973 0.000000
vt 0.000000 -0.323977 0.000000
vt 0.500000 -0.323977 0.000000
vt 0.000000 -0.269981 0.000000
vt 0.500000 -0.269981 0.000000
vt 0.000000 -0.215984 0.000000
vt 0.500000 -0.215984 0.000000
vt 0.000000 -0.161988 0.000000
vt 0.500000 -0.161988 0.000000
vt 0.000000 -0.107992 0.000000
vt 0.500000 -0.107992 0.000000
vt 0.000000 -0.053996 0.000000
vt 0.500000 -0.053996 0.000000
vt 0.000000 -0.000000 0.000000
vt 0.500000 -0.000000 0.000000
vt 0.000000 0.053996 0.000000
vt 0.500000 0.053996 0.000000
vt 0.000000 0.107992 0.000000
vt 0.500000 0.107992 0.000000
vt 0.000000 0.161988 0.000000
vt 0.500000 0.161988 0.000000
vt 0.000000 0.215984 0.000000
vt 0.500000 0.215984 0.000000
vt 0.000000 0.269981 0.000000
vt 0.500000 0.269981 0.000000
vt 0.000000 0.323977 0.000000
vt 0.500000 0.323977 0.000000
vt 0.000000 0.377973 0.000000
vt 0.500000 0.377973 0.000000
vt -0.000000 0.431969 0.000000
vt 0.500000 0.431969 0.000000
vt -0.000000 0.485965 0.000000
vt 0.500000 0.485965 0.000000
vt -0.000000 0.539961 0.000000
vt 0.500000 0.539961 0.000000
vt -0.000000 0.593957 0.000000
vt 0.500000 0.593957 0.000000
vt -0.000000 0.647953 0.000000
vt 0.500000 0.647953 0.000000
vt -0.000000 0.701950 0.000000
vt 0.500000 0.701950 0.000000
vt -0.000000 0.755946 0.000000
vt 0.500000 0.755946 0.000000
vt -0.000000 0.809942 0.000000
vt 0.500000 0.809942 0.000000
vt -0.000000 0.863938 0.000000
vt 0.500000 0.863938 0.000000
vt -0.000000 -0.863938 0.000000
vt 0.500000 -0.863938 0.000000
vt -0.000000 -0.809942 0.000000
vt 0.500000 -0.809942 0.000000
vt -0.000000 -0.755946 0.000000
vt 0.500000 -0.755946 0.000000
vt -0.000000 -0.701950 0.000000
vt 0.500000 -0.701950 0.000000
vt -0.000000 -0.647953 0.000000
vt 0.500000 -0.647953 0.000000
vt -0.000000 -0.593957 0.000000
vt 0.500000 -0.593957 0.000000
vt -0.000000 -0.539961 0.000000
vt 0.500000 -0.539961 0.000000
vt -0.000000 -0.485965 0.000000
vt 0.500000 -0.485965 0.000000
vt 0.000000 -0.431969 0.000000
vt 0.500000 -0.431969 0.000000
vt 0.000000 -0.377973 0.000000
vt 0.500000 -0.377973 0.000000
vt 0.000000 -0.323977 0.000000
vt 0.500000 -0.323977 0.000000
vt 0.000000 -0.269981 0.000000
vt 0.500000 -0.269981 0.000000
vt 0.000000 -0.215984 0.000000
vt 0.500000 -0.215984 0.000000
vt 0.000000 -0.161988 0.000000
vt 0.500000 -0.161988 0.000000
vt 0.000000 -0.107992 0.000000
vt 0.500000 -0.107992 0.000000
vt 0.000000 -0.053996 0.000000
vt 0.500000 -0.053996 0.000000
vt 0.000000 0.000000 0.000000
vt 0.500000 0.000000 0.000000
vt 0.000000 0.053996 0.000000
vt 0.500000 0.053996 0.000000
vt 0.000000 0.107992 0.000000
vt 0.500000 0.107992 0.000000
vt 0.000000 0.161988 0.000000
vt 0.500000 0.161988 0.000000
vt 0.000000 0.215984 0.000000
vt 0.500000 0.215984 0.000000
vt 0.000000 0.269981 0.000000
vt 0.500000 0.269981 0.000000
vt 0.000000 0.323977 0.000000
vt 0.500000 0.323977 0.000000
vt 0.000000 0.377973 0.000000
vt 0.500000 0.377973 0.000000
vt -0.000000 0.431969 0.000000
vt 0.500000 0.431969 0.000000
vt -0.000000 0.485965 0.000000
vt 0.500000 0.485965 0.000000
vt -0.000000 0.539961 0.000000
vt 0.500000 0.539961 0.000000
vt -0.000000 0.593957 0.000000
vt 0.500000 0.593957 0.000000
vt -0.000000 0.647953 0.000000
vt 0.500000 0.647953 0.000000
vt -0.000000 0.701950 0.000000
vt 0.500000 0.701950 0.000000
vt -0.000000 0.755946 0.000000
vt 0.500000 0.755946 0.000000
vt -0.000000 0.809942 0.000000
vt 0.500000 0.809942 0.000000
vt -0.000000 0.863938 0.000000
vt 0.500000 0.863938 0.000000
vt -0.000000 -0.863938 0.000000
vt 0.500000 -0.863938 0.000000
vt -0.000000 -0.809942 0.000000
vt 0.500000 -0.809942 0.000000
vt -0.000000 -0.755946 0.000000
vt 0.500000 -0.755946 0.000000
vt -0.000000 -0.701950 0.000000
vt 0.500000 -0.701950 0.000000
vt -0.000000 -0.647953 0.000000
vt 0.500000 -0.647953 0.000000
vt -0.000000 -0.593957 0.000000
vt 0.500000 -0.593957 0.000000
vt -0.000000 -0.539961 0.000000
vt 0.500000 -0.539961 0.000000
vt -0.000000 -0.485965 0.000000
vt 0.500000 -0.485965 0.000000
vt 0.000000 -0.431969 0.000000
vt 0.500000 -0.431969 0.000000
vt 0.000000 -0.377973 0.000000
vt 0.500000 -0.377973 0.000000
vt 0.000000 -0.323977 0.000000
vt 0.500000 -0.323977 0.000000
vt 0.000000 -0.269981 0.000000
vt 0.500000 -0.269981 0.000000
vt 0.000000 -0.215984 0.000000
vt 0.500000 -0.215984 0.000000
vt 0.000000 -0.161988 0.000000
vt 0.500000 -0.161988 0.000000
vt 0.000000 -0.107992 0.000000
vt 0.500000 -0.107992 0.000000
vt 0.000000 -0.053996 0.000000
vt 0.500000 -0.053996 0.000000
vt 0.000000 0.000000 0.000000
vt 0.500000 0.000000 0.000000
vt 0.000000 0.053996 0.000000
vt 0.500000 0.053996 0.000000
vt 0.000000 0.107992 0.000000
vt 0.500000 0.107992 0.000000
vt 0.000000 0.161988 0.000000
vt 0.500000 0.161988 0.000000
vt 0.000000 0.215984 0.000000
vt 0.500000 0.215984 0.000000
vt 0.000000 0.269981 0.000000
vt 0.500000 0.269981 0.000000
vt 0.000000 0.323977 0.000000
vt 0.500000 0.323977 0.000000
vt 0.000000 0.377973 0.000000
vt 0.500000 0.377973 0.000000
vt -0.000000 0.431969 0.000000
vt 0.500000 0.431969 0.000000
vt -0.000000 0.485965 0.000000
vt 0.500000 0.485965 0.000000
vt -0.000000 0.539961 0.000000
vt 0.500000 0.539961 0.000000
vt -0.000000 0.593957 0.000000
vt 0.500000 0.593957 0.000000
vt -0.000000 0.647953 0.000000
vt 0.500000 0.647953 0.000000
vt -0.000000 0.701950 0.000000
vt 0.500000 0.701950 0.000000
vt -0.000000 0.755946 0.000000
vt 0.500000 0.755946 0.000000
vt -0.000000 0.809942 0.000000
vt 0.500000 0.809942 0.000000
vt 0.000000 0.863938 0.000000
vt 0.500000 0.863938 0.000000
vt 0.000000 -0.863938 0.000000
vt 0.500000 -0.863938 0.000000
vt -0.000000 -0.809942 0.000000
vt 0.500000 -0.809942 0.000000
vt -0.000000 -0.755946 0.000000
vt 0.500000 -0.755946 0.000000
vt -0.000000 -0.701950 0.000000
vt 0.500000 -0.701950 0.000000
vt -0.000000 -0.647953 0.000000
vt 0.500000 -0.647953 0.000000
vt -0.000000 -0.593957 0.000000
vt 0.500000 -0.593957 0.000000
vt -0.000000 -0.539961 0.000000
vt 0.500000 -0.539961 0.000000
vt -0.000000 -0.485965 0.000000
vt 0.500000 -0.485965 0.000000
vt 0.000000 -0.431969 0.000000
vt 0.500000 -0.431969 0.000000
vt 0.000000 -0.377973 0.000000
vt 0.500000 -0.377973 0.000000
vt 0.000000 -0.323977 0.000000
vt 0.500000 -0.323977 0.000000
vt 0.000000 -0.269981 0.000000
vt 0.500000 -0.269981 0.000000
vt 0.000000 -0.215984 0.000000
vt 0.500000 -0.215984 0.000000
vt 0.000000 -0.161988 0.000000
vt 0.500000 -0.161988 0.000000
vt 0.000000 -0.107992 0.000000
vt 0.500000 -0.107992 0.000000
vt 0.000000 -0.053996 0.000000
vt 0.500000 -0.053996 0.000000
vt 0.000000 -0.000000 0.000000
vt 0.500000 -0.000000 0.000000
vt 0.000000 0.053996 0.000000
vt 0.500000 0.053996 0.000000
vt 0.000000 0.107992 0.000000
vt 0.500000 0.107992 0.000000
vt 0.000000 0.161988 0.000000
vt 0.500000 0.161988 0.000000
vt 0.000000 0.215984 0.000000
vt 0.500000 0.215984 0.000000
vt 0.000000 0.269981 0.000000
vt 0.500000 0.269981 0.000000
vt 0.000000 0.323977 0.000000
vt 0.500000 0.323977 0.000000
vt 0.000000 0.377973 0.000000
vt 0.500000 0.377973 0.000000
vt -0.000000 0.431969 0.000000
vt 0.500000 0.431969 0.000000
vt -0.000000 0.485965 0.000000
vt 0.500000 0.485965 0.000000
vt -0.000000 0.539961 0.000000
vt 0.500000 0.539961 0.000000
vt -0.000000 0.593957 0.000000
vt 0.500000 0.593957 0.000000
vt -0.000000 0.647953 0.000000
vt 0.500000 0.647953 0.000000
vt -0.000000 0.701950 0.000000
vt 0.500000 0.701950 0.000000
vt -0.000000 0.755946 0.000000
vt 0.500000 0.755946 0.000000
vt 0.000000 -9.399346 0.000000
vt -0.500000 -9.399346 0.000000
vt 0.000000 -9.581858 0.000000
vt -0.500000 -9.581858 0.000000
vt 0.000000 9.581858 0.000000
vt -0.500000 9.581858 0.000000
vt 0.000000 9.399346 0.000000
vt -0.500000 9.399346 0.000000
vt 0.000000 9.216834 0.000000
vt -0.500000 9.216834 0.000000
vt 0.000000 9.034323 0.000000
vt -0.500000 9.034323 0.000000
vt 0.000000 8.851811 0.000000
vt -0.500000 8.851811 0.000000
vt 0.000000 8.669300 0.000000
vt -0.500000 8.669300 0.000000
vt 0.000000 8.486788 0.000000
vt -0.500000 8.486788 0.000000
vt 0.000000 8.304277 0.000000
vt -0.500000 8.304277 0.000000
vt 0.000000 8.121765 0.000000
vt -0.500000 8.121765 0.000000
vt 0.000000 7.939253 0.000000
vt -0.500000 7.939253 0.000000
vt 0.000000 7.756742 0.000000
vt -0.500000 7.756742 0.000000
vt 0.000000 7.574230 0.000000
vt -0.500000 7.574230 0.000000
vt 0.000000 7.391719 0.000000
vt -0.500000 7.391719 0.000000
vt 0.000000 7.209207 0.000000
vt -0.500000 7.209207 0.000000
vt 0.000000 7.026696 0.000000
vt -0.500000 7.026696 0.000000
vt 0.000000 6.844184 0.000000
vt -0.500000 6.844184 0.000000
vt 0.000000 6.661672 0.000000
vt -0.500000 6.661672 0.000000
vt 0.000000 6.479161 0.000000
vt -0.500000 6.479161 0.000000
vt 0.000000 6.296649 0.000000
vt -0.500000 6.296649 0.000000
vt 0.000000 6.114138 0.000000
vt -0.500000 6.114138 0.000000
vt 0.000000 5.931626 0.000000
vt -0.500000 5.931626 0.000000
vt 0.000000 5.749115 0.000000
vt -0.500000 5.749115 0.000000
vt 0.000000 5.566603 0.000000
vt -0.500000 5.566603 0.000000
vt 0.000000 5.384091 0.000000
vt -0.500000 5.384091 0.000000
vt 0.000000 5.201580 0.000000
vt -0.500000 5.201580 0.000000
vt 0.000000 5.019068 0.000000
vt -0.500000 5.019068 0.000000
vt 0.000000 4.836557 0.000000
vt -0.500000 4.836557 0.000000
vt 0.000000 4.654045 0.000000
vt -0.500000 4.654045 0.000000
vt 0.000000 4.471534 0.000000
vt -0.500000 4.471534 0.000000
vt -0.000000 4.289022 0.000000
vt -0.500000 4.289022 0.000000
vt -0.000000 4.106510 0.000000
vt -0.500000 4.106510 0.000000
vt -0.000000 3.923999 0.000000
vt -0.500000 3.923999 0.000000
vt -0.000000 3.741487 0.000000
vt -0.500000 3.741487 0.000000
vt -0.000000 3.558976 0.000000
vt -0.500000 3.558976 0.000000
vt -0.000000 3.376464 0.000000
vt -0.500000 3.376464 0.000000
vt -0.000000 3.193953 0.000000
vt -0.500000 3.193953 0.000000
vt -0.000000 3.011441 0.000000
vt -0.500000 3.011441 0.000000
vt -0.000000 2.828929 0.000000
vt -0.500000 2.828929 0.000000
vt -0.000000 2.646418 0.000000
vt -0.500000 2.646418 0.000000
vt -0.000000 2.463906 0.000000
vt -0.500000 2.463906 0.000000
vt -0.000000 2.281395 0.000000
vt -0.500000 2.281395 0.000000
vt -0.000000 2.098883 0.000000
vt -0.500000 2.098883 0.000000
vt -0.000000 1.916372 0.000000
vt -0.500000 1.916372 0.000000
vt -0.000000 1.733860 0.000000
vt -0.500000 1.733860 0.000000
vt -0.000000 1.551348 0.000000
vt -0.500000 1.551348 0.000000
vt -0.000000 1.368837 0.000000
vt -0.500000 1.368837 0.000000
vt -0.000000 1.186325 0.000000
vt -0.500000 1.186325 0.000000
vt -0.000000 1.003814 0.000000
vt -0.500000 1.003814 0.000000
vt -0.000000 0.821302 0.000000
vt -0.500000 0.821302 0.000000
vt -0.000000 0.638791 0.000000
vt -0.500000 0.638791 0.000000
vt -0.000000 0.456279 0.000000
vt -0.500000 0.456279 0.000000
vt -0.000000 0.273767 0.000000
vt -0.500000 0.273767 0.000000
vt -0.000000 0.091256 0.000000
vt -0.500000 0.091256 0.000000
vt -0.000000 -0.091256 0.000000
vt -0.500000 -0.091256 0.000000
vt -0.000000 -0.273767 0.000000
vt -0.500000 -0.273767 0.000000
vt -0.000000 -0.456279 0.000000
vt -0.500000 -0.456279 0.000000
vt -0.000000 -0.638791 0.000000
vt -0.500000 -0.638791 0.000000
vt -0.000000 -0.821302 0.000000
vt -0.500000 -0.821302 0.000000
vt -0.000000 -1.003814 0.000000
vt -0.500000 -1.003814 0.000000
vt -0.000000 -1.186325 0.000000
vt -0.500000 -1.186325 0.000000
vt -0.000000 -1.368837 0.000000
vt -0.500000 -1.368837 0.000000
vt -0.000000 -1.551348 0.000000
vt -0.500000 -1.551348 0.000000
vt -0.000000 -1.733860 0.000000
vt -0.500000 -1.733860 0.000000
vt -0.000000 -1.916372 0.000000
vt -0.500000 -1.916372 0.000000
vt -0.000000 -2.098883 0.000000
vt -0.500000 -2.098883 0.000000
vt -0.000000 -2.281395 0.000000
vt -0.500000 -2.281395 0.000000
vt -0.000000 -2.463906 0.000000
vt -0.500000 -2.463906 0.000000
vt -0.000000 -2.646418 0.000000
vt -0.500000 -2.646418 0.000000
vt -0.000000 -2.828929 0.000000
vt -0.500000 -2.828929 0.000000
vt -0.000000 -3.011441 0.000000
vt -0.500000 -3.011441 0.000000
vt -0.000000 -3.193953 0.000000
vt -0.500000 -3.193953 0.000000
vt -0.000000 -3.376464 0.000000
vt -0.500000 -3.376464 0.000000
vt -0.000000 -3.558976 0.000000
vt -0.500000 -3.558976 0.000000
vt -0.000000 -3.741487 0.000000
vt -0.500000 -3.741487 0.000000
vt -0.000000 -3.923999 0.000000
vt -0.500000 -3.923999 0.000000
vt -0.000000 -4.106510 0.000000
vt -0.500000 -4.106510 0.000000
vt -0.000000 -4.289022 0.000000
vt -0.500000 -4.289022 0.000000
vt -0.000000 -4.471534 0.000000
vt -0.500000 -4.471534 0.000000
vt -0.000000 -4.654045 0.000000
vt -0.500000 -4.654045 0.000000
vt -0.000000 -4.836557 0.000000
vt -0.500000 -4.836557 0.000000
vt -0.000000 -5.019068 0.000000
vt -0.500000 -5.019068 0.000000
vt 0.000000 -5.201580 0.000000
vt -0.500000 -5.201580 0.000000
vt 0.000000 -5.384091 0.000000
vt -0.500000 -5.384091 0.000000
vt 0.000000 -5.566603 0.000000
vt -0.500000 -5.566603 0.000000
vt 0.000000 -5.749115 0.000000
vt -0.500000 -5.749115 0.000000
vt 0.000000 -5.931626 0.000000
vt -0.500000 -5.931626 0.000000
vt 0.000000 -6.114138 0.000000
vt -0.500000 -6.114138 0.000000
vt 0.000000 -6.296649 0.000000
vt -0.500000 -6.296649 0.000000
vt 0.000000 -6.479161 0.000000
vt -0.500000 -6.479161 0.000000
vt 0.000000 -6.661672 0.000000
vt -0.500000 -6.661672 0.000000
vt 0.000000 -6.844184 0.000000
vt -0.500000 -6.844184 0.000000
vt 0.000000 -7.026696 0.000000
vt -0.500000 -7.026696 0.000000
vt 0.000000 -7.209207 0.000000
vt -0.500000 -7.209207 0.000000
vt 0.000000 -7.391719 0.000000
vt -0.500000 -7.391719 0.000000
vt 0.000000 -7.574230 0.000000
vt -0.500000 -7.574230 0.000000
vt 0.000000 -7.756742 0.000000
vt -0.500000 -7.756742 0.000000
vt 0.000000 -7.939253 0.000000
vt -0.500000 -7.939253 0.000000
vt 0.000000 -8.121765 0.000000
vt -0.500000 -8.121765 0.000000
vt 0.000000 -8.304277 0.000000
vt -0.500000 -8.304277 0.000000
vt 0.000000 -8.486788 0.000000
vt -0.500000 -8.486788 0.000000
vt 0.000000 -8.669300 0.000000
vt -0.500000 -8.669300 0.000000
vt 0.000000 -8.851811 0.000000
vt -0.500000 -8.851811 0.000000
vt 0.000000 -9.034323 0.000000
vt -0.500000 -9.034323 0.000000
vt 0.000000 -9.216834 0.000000
vt -0.500000 -9.216834 0.000000
vt -3.044541 0.182403 0.000000
vt -3.050000 0.000000 0.000000
vt -1.254682 -0.520278 0.000000
vt -3.044541 -0.182403 0.000000
vt -1.268169 -0.552837 0.000000
vt -3.028183 -0.364152 0.000000
vt -3.000985 -0.544599 0.000000
vt -2.963045 -0.723095 0.000000
vt -1.272769 -0.587778 0.000000
vt -1.268169 -0.622718 0.000000
vt -1.254682 -0.655278 0.000000
vt -1.233228 -0.683237 0.000000
vt -1.205269 -0.704691 0.000000
vt -1.172709 -0.718178 0.000000
vt -1.137769 -0.722778 0.000000
vt -2.914497 -0.899003 0.000000
vt -2.855516 -1.071693 0.000000
vt -2.786314 -1.240547 0.000000
vt -2.707137 -1.404959 0.000000
vt 0.228228 -1.334502 0.000000
vt 0.256188 -1.355956 0.000000
vt 0.288747 -1.369442 0.000000
vt 0.323688 -1.374042 0.000000
vt -1.017601 -2.008525 0.000000
vt -0.963951 -2.013809 0.000000
vt -2.618269 -1.564343 0.000000
vt -1.122839 -2.029458 0.000000
vt -1.071251 -2.013809 0.000000
vt -2.520028 -1.718126 0.000000
vt -1.170383 -2.054871 0.000000
vt -2.412767 -1.865759 0.000000
vt -2.296868 -2.006713 0.000000
vt -1.212056 -2.089071 0.000000
vt -2.172747 -2.140484 0.000000
vt -1.246255 -2.130744 0.000000
vt -2.040848 -2.266592 0.000000
vt -1.271668 -2.178287 0.000000
vt -1.901644 -2.384586 0.000000
vt -1.287317 -2.229875 0.000000
vt -1.755632 -2.494044 0.000000
vt -1.292601 -2.283525 0.000000
vt -1.287317 -2.337175 0.000000
vt -1.603335 -2.594574 0.000000
vt -1.271668 -2.388763 0.000000
vt -1.246255 -2.436307 0.000000
vt -1.212056 -2.477980 0.000000
vt -1.170383 -2.512179 0.000000
vt -1.122839 -2.537592 0.000000
vt -1.071251 -2.553241 0.000000
vt -1.017601 -2.558525 0.000000
vt -1.445299 -2.685816 0.000000
vt -1.282090 -2.767444 0.000000
vt -1.114290 -2.839165 0.000000
vt -0.942502 -2.900722 0.000000
vt -0.963951 -2.553241 0.000000
vt -0.912363 -2.537592 0.000000
vt -0.767340 -2.951896 0.000000
vt -0.864819 -2.512179 0.000000
vt -0.823147 -2.477980 0.000000
vt -0.589431 -2.992503 0.000000
vt -0.788947 -2.436307 0.000000
vt -0.409411 -3.022397 0.000000
vt -0.763534 -2.388763 0.000000
vt -0.227927 -3.041472 0.000000
vt -0.747885 -2.337175 0.000000
vt -0.045626 -3.049659 0.000000
vt -0.742601 -2.283525 0.000000
vt 0.136838 -3.046929 0.000000
vt 0.318812 -3.033292 0.000000
vt 0.499645 -3.008796 0.000000
vt 0.678689 -2.973530 0.000000
vt 0.358628 -1.369442 0.000000
vt 0.855304 -2.927619 0.000000
vt 0.391188 -1.355956 0.000000
vt 1.028856 -2.871229 0.000000
vt 1.198726 -2.804560 0.000000
vt 0.419147 -1.334502 0.000000
vt 1.364305 -2.727851 0.000000
vt 1.525000 -2.641377 0.000000
vt 0.440601 -1.306542 0.000000
vt 1.680236 -2.545448 0.000000
vt 1.829457 -2.440407 0.000000
vt 1.972129 -2.326630 0.000000
vt 2.283525 -1.292601 0.000000
vt 2.229875 -1.287317 0.000000
vt 2.107741 -2.204524 0.000000
vt 2.235808 -2.074527 0.000000
vt 2.355872 -1.937103 0.000000
vt 2.467502 -1.792745 0.000000
vt 2.570299 -1.641969 0.000000
vt 2.337175 -1.287317 0.000000
vt 2.388763 -1.271668 0.000000
vt 2.663895 -1.485316 0.000000
vt 2.436307 -1.246255 0.000000
vt 2.477980 -1.212056 0.000000
vt 2.747955 -1.323345 0.000000
vt 2.512179 -1.170383 0.000000
vt 2.537592 -1.122839 0.000000
vt 2.822178 -1.156638 0.000000
vt 2.553241 -1.071251 0.000000
vt 2.558525 -1.017601 0.000000
vt 2.886299 -0.985789 0.000000
vt 2.553241 -0.963951 0.000000
vt 2.537592 -0.912363 0.000000
vt 2.940087 -0.811412 0.000000
vt 2.512179 -0.864819 0.000000
vt 2.477980 -0.823147 0.000000
vt 2.983350 -0.634131 0.000000
vt 2.436307 -0.788947 0.000000
vt 3.015934 -0.454579 0.000000
vt 2.388763 -0.763534 0.000000
vt 3.037722 -0.273400 0.000000
vt 2.337175 -0.747885 0.000000
vt 3.048635 -0.091242 0.000000
vt 2.283525 -0.742601 0.000000
vt 3.048635 0.091242 0.000000
vt 3.037722 0.273400 0.000000
vt 3.015934 0.454579 0.000000
vt 1.268169 0.552837 0.000000
vt 1.254682 0.520278 0.000000
vt 2.229875 -0.747885 0.000000
vt 2.178287 -0.763534 0.000000
vt 1.233228 0.492318 0.000000
vt 2.130744 -0.788947 0.000000
vt 1.205269 0.470864 0.000000
vt 2.089071 -0.823147 0.000000
vt 1.172709 0.457378 0.000000
vt 2.054871 -0.864819 0.000000
vt 1.137769 0.452778 0.000000
vt 2.029458 -0.912363 0.000000
vt 0.419147 -1.143583 0.000000
vt 0.440601 -1.171542 0.000000
vt 2.983350 0.634131 0.000000
vt 1.272769 0.587778 0.000000
vt 2.940087 0.811412 0.000000
vt 2.886299 0.985789 0.000000
vt 1.268169 0.622718 0.000000
vt 2.822178 1.156638 0.000000
vt 2.747955 1.323345 0.000000
vt 1.254682 0.655278 0.000000
vt 2.663895 1.485316 0.000000
vt 2.570299 1.641969 0.000000
vt 1.233228 0.683237 0.000000
vt 2.467502 1.792745 0.000000
vt 2.355872 1.937103 0.000000
vt 2.235808 2.074527 0.000000
vt 1.212056 2.089071 0.000000
vt 1.170383 2.054871 0.000000
vt 1.205269 0.704691 0.000000
vt 1.122839 2.029458 0.000000
vt 1.172709 0.718178 0.000000
vt 1.071251 2.013809 0.000000
vt 1.137769 0.722778 0.000000
vt 1.017601 2.008525 0.000000
vt 1.102828 0.718178 0.000000
vt 0.963951 2.013809 0.000000
vt 1.070269 0.704691 0.000000
vt 0.912363 2.029458 0.000000
vt -0.188688 1.239042 0.000000
vt -0.193288 1.273983 0.000000
vt 0.864819 2.054871 0.000000
vt -0.206774 1.306542 0.000000
vt 0.823147 2.089071 0.000000
vt 0.788947 2.130744 0.000000
vt 2.107741 2.204524 0.000000
vt 1.246255 2.130744 0.000000
vt 1.972129 2.326630 0.000000
vt 1.271668 2.178287 0.000000
vt 1.829457 2.440407 0.000000
vt 1.287317 2.229875 0.000000
vt 1.292601 2.283525 0.000000
vt 1.680236 2.545448 0.000000
vt 1.287317 2.337175 0.000000
vt 1.525000 2.641377 0.000000
vt 1.271668 2.388763 0.000000
vt 1.246255 2.436307 0.000000
vt 1.364305 2.727851 0.000000
vt 1.212056 2.477980 0.000000
vt 1.170383 2.512179 0.000000
vt 1.198726 2.804560 0.000000
vt 1.122839 2.537592 0.000000
vt 1.071251 2.553241 0.000000
vt 1.028856 2.871229 0.000000
vt 1.017601 2.558525 0.000000
vt 0.963951 2.553241 0.000000
vt 0.855304 2.927619 0.000000
vt 0.912363 2.537592 0.000000
vt 0.864819 2.512179 0.000000
vt 0.678689 2.973530 0.000000
vt 0.823147 2.477980 0.000000
vt 0.788947 2.436307 0.000000
vt 0.499645 3.008796 0.000000
vt 0.763534 2.388763 0.000000
vt 0.318812 3.033292 0.000000
vt 0.747885 2.337175 0.000000
vt 0.136838 3.046929 0.000000
vt 0.742601 2.283525 0.000000
vt -0.045626 3.049659 0.000000
vt -0.288747 1.369442 0.000000
vt -0.227927 3.041472 0.000000
vt -0.323688 1.374042 0.000000
vt -0.409411 3.022397 0.000000
vt -0.589431 2.992503 0.000000
vt -0.358628 1.369442 0.000000
vt -0.767340 2.951896 0.000000
vt -0.942502 2.900722 0.000000
vt -0.391188 1.355956 0.000000
vt -1.114290 2.839165 0.000000
vt -1.282090 2.767444 0.000000
vt -0.419147 1.334502 0.000000
vt -1.445299 2.685816 0.000000
vt -1.603335 2.594574 0.000000
vt -0.440601 1.306542 0.000000
vt -1.755632 2.494044 0.000000
vt -1.901644 2.384586 0.000000
vt -2.040848 2.266592 0.000000
vt -2.089071 1.212056 0.000000
vt -2.054871 1.170383 0.000000
vt -0.454088 1.273983 0.000000
vt -2.029458 1.122839 0.000000
vt -0.458688 1.239042 0.000000
vt -2.013809 1.071251 0.000000
vt -2.008525 1.017601 0.000000
vt -2.172747 2.140484 0.000000
vt -2.130744 1.246255 0.000000
vt -2.296868 2.006713 0.000000
vt -2.178287 1.271668 0.000000
vt -2.412767 1.865759 0.000000
vt -2.229875 1.287317 0.000000
vt -2.520028 1.718126 0.000000
vt -2.283525 1.292601 0.000000
vt -2.337175 1.287317 0.000000
vt -2.618269 1.564343 0.000000
vt -2.388763 1.271668 0.000000
vt -2.436307 1.246255 0.000000
vt -2.707137 1.404959 0.000000
vt -2.477980 1.212056 0.000000
vt -2.512179 1.170383 0.000000
vt -2.786314 1.240547 0.000000
vt -2.537592 1.122839 0.000000
vt -2.553241 1.071251 0.000000
vt -2.855516 1.071693 0.000000
vt -2.558525 1.017601 0.000000
vt -2.553241 0.963951 0.000000
vt -2.914497 0.899003 0.000000
vt -2.537592 0.912363 0.000000
vt -2.512179 0.864819 0.000000
vt -2.963045 0.723095 0.000000
vt -2.477980 0.823147 0.000000
vt -2.436307 0.788947 0.000000
vt -2.388763 0.763534 0.000000
vt -2.337175 0.747885 0.000000
vt -2.283525 0.742601 0.000000
vt -3.000985 0.544599 0.000000
vt -3.028183 0.364152 0.000000
vt -1.233228 -0.492318 0.000000
vt -1.205269 -0.470864 0.000000
vt -1.172709 -0.457378 0.000000
vt 1.007369 0.622718 0.000000
vt -0.228228 1.143583 0.000000
vt 1.002769 0.587778 0.000000
vt -0.256188 1.122129 0.000000
vt 1.007369 0.552837 0.000000
vt -0.288747 1.108643 0.000000
vt 1.020855 0.520278 0.000000
vt -0.323688 1.104042 0.000000
vt 1.042309 0.492318 0.000000
vt -2.130744 0.788947 0.000000
vt -2.178287 0.763534 0.000000
vt -0.206774 1.171542 0.000000
vt 1.020855 0.655278 0.000000
vt -0.193288 1.204102 0.000000
vt 1.042309 0.683237 0.000000
vt 1.102828 0.457378 0.000000
vt -1.137769 -0.452778 0.000000
vt -1.102828 -0.457378 0.000000
vt 1.070269 0.470864 0.000000
vt -2.229875 0.747885 0.000000
vt -1.070269 -0.470864 0.000000
vt -1.042309 -0.492318 0.000000
vt -1.020855 -0.520278 0.000000
vt 0.288747 -1.108643 0.000000
vt -1.007369 -0.552837 0.000000
vt 0.256188 -1.122129 0.000000
vt -1.002769 -0.587778 0.000000
vt 0.228228 -1.143583 0.000000
vt -1.007369 -0.622718 0.000000
vt 0.206774 -1.171542 0.000000
vt -1.020855 -0.655278 0.000000
vt 0.193288 -1.204102 0.000000
vt -1.042309 -0.683237 0.000000
vt 0.188688 -1.239042 0.000000
vt -1.070269 -0.704691 0.000000
vt 0.193288 -1.273983 0.000000
vt -1.102828 -0.718178 0.000000
vt 0.206774 -1.306542 0.000000
vt 0.747885 2.229875 0.000000
vt -0.256188 1.355956 0.000000
vt 0.763534 2.178287 0.000000
vt -0.228228 1.334502 0.000000
vt -2.089071 0.823147 0.000000
vt -0.358628 1.108643 0.000000
vt -2.054871 0.864819 0.000000
vt -2.029458 0.912363 0.000000
vt -2.013809 0.963951 0.000000
vt -0.391188 1.122129 0.000000
vt -0.419147 1.143583 0.000000
vt -0.440601 1.171542 0.000000
vt -0.454088 1.204102 0.000000
vt 0.323688 -1.104042 0.000000
vt 0.358628 -1.108643 0.000000
vt 0.391188 -1.122129 0.000000
vt 2.013809 -0.963951 0.000000
vt 0.454088 -1.204102 0.000000
vt 2.008525 -1.017601 0.000000
vt 0.458688 -1.239042 0.000000
vt 2.013809 -1.071251 0.000000
vt 2.029458 -1.122839 0.000000
vt 0.454088 -1.273983 0.000000
vt 2.054871 -1.170383 0.000000
vt 2.089071 -1.212056 0.000000
vt 2.130744 -1.246255 0.000000
vt 2.178287 -1.271668 0.000000
vt -0.912363 -2.029458 0.000000
vt -0.864819 -2.054871 0.000000
vt -0.823147 -2.089071 0.000000
vt -0.788947 -2.130744 0.000000
vt -0.763534 -2.178287 0.000000
vt -0.747885 -2.229875 0.000000
vn 58.921883 -80.797349 0.000000
vn 58.921883 -80.797349 0.000000
vn 36.002276 -93.294352 0.000000
vn 36.002276 -93.294352 0.000000
vn 10.629173 -99.433499 0.000000
vn 10.629173 -99.433499 0.000000
vn -15.468290 -98.796417 0.000000
vn -15.468290 -98.796417 0.000000
vn -40.511615 -91.426523 0.000000
vn -40.511615 -91.426523 0.000000
vn -62.794141 -77.826062 0.000000
vn -62.794141 -77.826062 0.000000
vn -80.797349 -58.921883 0.000000
vn -80.797349 -58.921883 0.000000
vn -93.294352 -36.002276 0.000000
vn -93.294352 -36.002276 0.000000
vn -99.433499 -10.629173 0.000000
vn -99.433499 -10.629173 0.000000
vn -98.796417 15.468290 -0.000000
vn -98.796417 15.468290 -0.000000
vn -91.426523 40.511615 -0.000000
vn -91.426523 40.511615 -0.000000
vn -77.826062 62.794141 -0.000000
vn -77.826062 62.794141 -0.000000
vn -58.921883 80.797349 -0.000000
vn -58.921883 80.797349 -0.000000
vn -36.002276 93.294352 -0.000000
vn -36.002276 93.294352 -0.000000
vn -10.629173 99.433499 -0.000000
vn -10.629173 99.433499 -0.000000
vn 15.468290 98.796417 -0.000000
vn 15.468290 98.796417 -0.000000
vn 40.511615 91.426523 -0.000000
vn 40.511615 91.426523 -0.000000
vn 62.794141 77.826062 -0.000000
vn 62.794141 77.826062 -0.000000
vn 80.797349 58.921883 -0.000000
vn 80.797349 58.921883 -0.000000
vn 93.294352 36.002276 -0.000000
vn 93.294352 36.002276 -0.000000
vn 99.433499 10.629173 -0.000000
vn 99.433499 10.629173 -0.000000
vn 98.796417 -15.468290 0.000000
vn 98.796417 -15.468290 0.000000
vn 91.426523 -40.511615 0.000000
vn 91.426523 -40.511615 0.000000
vn 77.826062 -62.794141 0.000000
vn 77.826062 -62.794141 0.000000
vn 58.921883 -80.797349 0.000000
vn 58.921883 -80.797349 0.000000
vn 36.002276 -93.294352 0.000000
vn 36.002276 -93.294352 0.000000
vn 10.629173 -99.433499 0.000000
vn 10.629173 -99.433499 0.000000
vn -15.468290 -98.796417 0.000000
vn -15.468290 -98.796417 0.000000
vn -40.511615 -91.426523 0.000000
vn -40.511615 -91.426523 0.000000
vn -62.794141 -77.826062 0.000000
vn -62.794141 -77.826062 0.000000
vn -80.797349 -58.921883 0.000000
vn -80.797349 -58.921883 0.000000
vn -93.294352 -36.002276 0.000000
vn -93.294352 -36.002276 0.000000
vn -99.433499 -10.629173 0.000000
vn -99.433499 -10.629173 0.000000
vn -98.796417 15.468290 -0.000000
vn -98.796417 15.468290 -0.000000
vn -91.426523 40.511615 -0.000000
vn -91.426523 40.511615 -0.000000
vn -77.826062 62.794141 -0.000000
vn -77.826062 62.794141 -0.000000
vn -58.921883 80.797349 -0.000000
vn -58.921883 80.797349 -0.000000
vn -36.002276 93.294352 -0.000000
vn -36.002276 93.294352 -0.000000
vn -10.629173 99.433499 -0.000000
vn -10.629173 99.433499 -0.000000
vn 15.468290 98.796417 -0.000000
vn 15.468290 98.796417 -0.000000
vn 40.511615 91.426523 -0.000000
vn 40.511615 91.426523 -0.000000
vn 62.794141 77.826062 -0.000000
vn 62.794141 77.826062 -0.000000
vn 80.797349 58.921883 -0.000000
vn 80.797349 58.921883 -0.000000
vn 93.294352 36.002276 -0.000000
vn 93.294352 36.002276 -0.000000
vn 99.433499 10.629173 -0.000000
vn 99.433499 10.629173 -0.000000
vn 98.796417 -15.468290 0.000000
vn 98.796417 -15.468290 0.000000
vn 91.426523 -40.511615 0.000000
vn 91.426523 -40.511615 0.000000
vn 77.826062 -62.794141 0.000000
vn 77.826062 -62.794141 0.000000
vn 58.921883 -80.797349 0.000000
vn 58.921883 -80.797349 0.000000
vn 36.002276 -93.294352 0.000000
vn 36.002276 -93.294352 0.000000
vn 10.629173 -99.433499 0.000000
vn 10.629173 -99.433499 0.000000
vn -15.468290 -98.796417 0.000000
vn -15.468290 -98.796417 0.000000
vn -40.511615 -91.426523 0.000000
vn -40.511615 -91.426523 0.000000
vn -62.794141 -77.826062 0.000000
vn -62.794141 -77.826062 0.000000
vn -80.797349 -58.921883 0.000000
vn -80.797349 -58.921883 0.000000
vn -93.294352 -36.002276 0.000000
vn -93.294352 -36.002276 0.000000
vn -99.433499 -10.629173 0.000000
vn -99.433499 -10.629173 0.000000
vn -98.796417 15.468290 -0.000000
vn -98.796417 15.468290 -0.000000
vn -91.426523 40.511615 -0.000000
vn -91.426523 40.511615 -0.000000
vn -77.826062 62.794141 -0.000000
vn -77.826062 62.794141 -0.000000
vn -58.921883 80.797349 -0.000000
vn -58.921883 80.797349 -0.000000
vn -36.002276 93.294352 -0.000000
vn -36.002276 93.294352 -0.000000
vn -10.629173 99.433499 -0.000000
vn -10.629173 99.433499 -0.000000
vn 15.468290 98.796417 -0.000000
vn 15.468290 98.796417 -0.000000
vn 40.511615 91.426523 -0.000000
vn 40.511615 91.426523 -0.000000
vn 62.794141 77.826062 -0.000000
vn 62.794141 77.826062 -0.000000
vn 80.797349 58.921883 -0.000000
vn 80.797349 58.921883 -0.000000
vn 93.294352 36.002276 -0.000000
vn 93.294352 36.002276 -0.000000
vn 99.433499 10.629173 -0.000000
vn 99.433499 10.629173 -0.000000
vn 98.796417 -15.468290 0.000000
vn 98.796417 -15.468290 0.000000
vn 91.426523 -40.511615 0.000000
vn 91.426523 -40.511615 0.000000
vn 77.826062 -62.794141 0.000000
vn 77.826062 -62.794141 0.000000
vn 58.921883 -80.797349 0.000000
vn 58.921883 -80.797349 0.000000
vn 36.002276 -93.294352 0.000000
vn 36.002276 -93.294352 0.000000
vn 10.629173 -99.433499 0.000000
vn 10.629173 -99.433499 0.000000
vn -15.468290 -98.796417 0.000000
vn -15.468290 -98.796417 0.000000
vn -40.511615 -91.426523 0.000000
vn -40.511615 -91.426523 0.000000
vn -62.794141 -77.826062 0.000000
vn -62.794141 -77.826062 0.000000
vn -80.797349 -58.921883 0.000000
vn -80.797349 -58.921883 0.000000
vn -93.294352 -36.002276 0.000000
vn -93.294352 -36.002276 0.000000
vn -99.433499 -10.629173 0.000000
vn -99.433499 -10.629173 0.000000
vn -98.796417 15.468290 -0.000000
vn -98.796417 15.468290 -0.000000
vn -91.426523 40.511615 -0.000000
vn -91.426523 40.511615 -0.000000
vn -77.826062 62.794141 -0.000000
vn -77.826062 62.794141 -0.000000
vn -58.921883 80.797349 -0.000000
vn -58.921883 80.797349 -0.000000
vn -36.002276 93.294352 -0.000000
vn -36.002276 93.294352 -0.000000
vn -10.629173 99.433499 -0.000000
vn -10.629173 99.433499 -0.000000
vn 15.468290 98.796417 -0.000000
vn 15.468290 98.796417 -0.000000
vn 40.511615 91.426523 -0.000000
vn 40.511615 91.426523 -0.000000
vn 62.794141 77.826062 -0.000000
vn 62.794141 77.826062 -0.000000
vn 80.797349 58.921883 -0.000000
vn 80.797349 58.921883 -0.000000
vn 93.294352 36.002276 -0.000000
vn 93.294352 36.002276 -0.000000
vn 99.433499 10.629173 -0.000000
vn 99.433499 10.629173 -0.000000
vn 98.796417 -15.468290 0.000000
vn 98.796417 -15.468290 0.000000
vn 91.426523 -40.511615 0.000000
vn 91.426523 -40.511615 0.000000
vn 77.826062 -62.794141 0.000000
vn 77.826062 -62.794141 0.000000
vn -0.000000 0.000000 100.000000
vn -0.000000 0.000000 100.000000
vn -0.000000 0.000000 100.000000
vn -0.000000 0.000000 100.000000
vn -0.000000 0.000000 100.000000
vn -0.000000 0.000000 100.000000
vn -0.000000 0.000000 100.000000
vn -0.000000 0.000000 100.000000
vn -0.000000 0.000000 100.000000
vn -0.000000 0.000000 100.000000
vn -0.000000 0.000000 100.000000
vn -0.000000 0.000000 100.000000
vn -0.000000 0.000000 100.000000
vn -0.000000 0.000000 100.000000
vn -0.000000 0.000000 100.000000
vn -0.000000 0.000000 100.000000
vn -0.000000 0.000000 100.000000
vn -0.000000 0.000000 100.000000
vn -0.000000 0.000000 100.000000
vn -0.000000 0.000000 100.000000
vn -0.000000 0.000000 100.000000
vn -0.000000 0.000000 100.000000
vn -0.000000 0.000000 100.000000
vn -0.000000 0.000000 100.000000
vn -0.000000 0.000000 100.000000
vn -0.000000 0.000000 100.000000
vn -0.000000 0.000000 100.000000
vn -0.000000 0.000000 100.000000
vn -0.000000 0.000000 100.000000
vn -0.000000 0.000000 100.000000
vn -0.000000 0.000000 100.000000
vn -0.000000 0.000000 100.000000
vn -0.000000 0.000000 100.000000
vn -0.000000 0.000000 100.000000
vn -0.000000 0.000000 100.000000
vn -0.000000 0.000000 100.000000
vn -0.000000 0.000000 100.000000
vn -0.000000 0.000000 100.000000
vn -0.000000 0.000000 100.000000
vn -0.000000 0.000000 100.000000
vn -0.000000 0.000000 100.000000
vn -0.000000 0.000000 100.000000
vn -0.000000 0.000000 100.000000
vn -0.000000 0.000000 100.000000
vn -0.000000 0.000000 100.000000
vn -0.000000 0.000000 100.000000
vn -0.000000 0.000000 100.000000
vn -0.000000 0.000000 100.000000
vn -0.000000 0.000000 100.000000
vn -0.000000 0.000000 100.000000
vn -0.000000 0.000000 100.000000
vn -0.000000 0.000000 100.000000
vn -0.000000 0.000000 100.000000
vn -0.000000 0.000000 100.000000
vn -0.000000 0.000000 100.000000
vn -0.000000 0.000000 100.000000
vn -0.000000 0.000000 100.000000
vn -0.000000 0.000000 100.000000
vn -0.000000 0.000000 100.000000
vn -0.000000 0.000000 100.000000
vn -0.000000 0.000000 100.000000
vn -0.000000 0.000000 100.000000
vn -0.000000 0.000000 100.000000
vn -0.000000 0.000000 100.000000
vn -0.000000 0.000000 100.000000
vn -0.000000 0.000000 100.000000
vn -0.000000 0.000000 100.000000
vn -0.000000 0.000000 100.000000
vn -0.000000 0.000000 100.000000
vn -0.000000 0.000000 100.000000
vn -0.000000 0.000000 100.000000
vn -0.000000 0.000000 100.000000
vn -0.000000 0.000000 100.000000
vn -0.000000 0.000000 100.000000
vn -0.000000 0.000000 100.000000
vn -0.000000 0.000000 100.000000
vn -0.000000 0.000000 100.000000
vn -0.000000 0.000000 100.000000
vn -0.000000 0.000000 100.000000
vn -0.000000 0.000000 100.000000
vn -0.000000 0.000000 100.000000
vn -0.000000 0.000000 100.000000
vn -0.000000 0.000000 100.000000
vn -0.000000 0.000000 100.000000
vn -0.000000 0.000000 100.000000
vn -0.000000 0.000000 100.000000
vn -0.000000 0.000000 100.000000
vn -0.000000 0.000000 100.000000
vn -0.000000 0.000000 100.000000
vn -0.000000 0.000000 100.000000
vn -0.000000 0.000000 100.000000
vn -0.000000 0.000000 100.000000
vn -0.000000 0.000000 100.000000
vn -0.000000 0.000000 100.000000
vn -0.000000 0.000000 100.000000
vn -0.000000 0.000000 100.000000
vn -0.000000 0.000000 100.000000
vn -0.000000 0.000000 100.000000
vn -0.000000 0.000000 100.000000
vn -0.000000 0.000000 100.000000
vn -0.000000 0.000000 100.000000
vn -0.000000 0.000000 100.000000
vn -0.000000 0.000000 100.000000
vn -0.000000 0.000000 100.000000
vn -0.000000 0.000000 100.000000
vn -0.000000 0.000000 100.000000
vn -0.000000 0.000000 100.000000
vn -0.000000 0.000000 100.000000
vn -0.000000 0.000000 100.000000
vn -0.000000 0.000000 100.000000
vn -0.000000 0.000000 100.000000
vn -0.000000 0.000000 100.000000
vn -0.000000 0.000000 100.000000
vn -0.000000 0.000000 100.000000
vn -0.000000 0.000000 100.000000
vn -0.000000 0.000000 100.000000
vn -0.000000 0.000000 100.000000
vn -0.000000 0.000000 100.000000
vn -0.000000 0.000000 100.000000
vn -0.000000 0.000000 100.000000
vn -0.000000 0.000000 100.000000
vn -0.000000 0.000000 100.000000
vn -0.000000 0.000000 100.000000
vn -0.000000 0.000000 100.000000
vn -0.000000 0.000000 100.000000
vn -0.000000 0.000000 100.000000
vn -0.000000 0.000000 100.000000
vn -0.000000 0.000000 100.000000
vn -0.000000 0.000000 100.000000
vn -0.000000 0.000000 100.000000
vn -0.000000 0.000000 100.000000
vn -0.000000 0.000000 100.000000
vn -0.000000 0.000000 100.000000
vn -0.000000 0.000000 100.000000
vn -0.000000 0.000000 100.000000
vn -0.000000 0.000000 100.000000
vn -0.000000 0.000000 100.000000
vn -0.000000 0.000000 100.000000
vn -0.000000 0.000000 100.000000
vn -0.000000 0.000000 100.000000
vn -0.000000 0.000000 100.000000
vn -0.000000 0.000000 100.000000
vn -0.000000 0.000000 100.000000
vn -0.000000 0.000000 100.000000
vn -0.000000 0.000000 100.000000
vn -0.000000 0.000000 100.000000
vn -0.000000 0.000000 100.000000
vn -0.000000 0.000000 100.000000
vn -0.000000 0.000000 100.000000
vn -0.000000 0.000000 100.000000
vn -0.000000 0.000000 100.000000
vn -0.000000 0.000000 100.000000
vn -0.000000 0.000000 100.000000
vn -0.000000 0.000000 100.000000
vn -0.000000 0.000000 100.000000
vn -0.000000 0.000000 100.000000
vn -0.000000 0.000000 100.000000
vn -0.000000 0.000000 100.000000
vn -0.000000 0.000000 100.000000
vn -0.000000 0.000000 100.000000
vn -0.000000 0.000000 100.000000
vn -0.000000 0.000000 100.000000
vn -0.000000 0.000000 100.000000
vn -0.000000 0.000000 100.000000
vn -0.000000 0.000000 100.000000
vn -0.000000 0.000000 100.000000
vn -0.000000 0.000000 100.000000
vn -0.000000 0.000000 100.000000
vn -0.000000 0.000000 100.000000
vn -0.000000 0.000000 100.000000
vn -0.000000 0.000000 100.000000
vn -0.000000 0.000000 100.000000
vn -0.000000 0.000000 100.000000
vn -0.000000 0.000000 100.000000
vn -0.000000 0.000000 100.000000
vn -0.000000 0.000000 100.000000
vn -0.000000 0.000000 100.000000
vn -0.000000 0.000000 100.000000
vn -0.000000 0.000000 100.000000
vn -0.000000 0.000000 100.000000
vn -0.000000 0.000000 100.000000
vn -0.000000 0.000000 100.000000
vn -0.000000 0.000000 100.000000
vn -0.000000 0.000000 100.000000
vn -0.000000 0.000000 100.000000
vn -0.000000 0.000000 100.000000
vn -0.000000 0.000000 100.000000
vn -0.000000 0.000000 100.000000
vn -0.000000 0.000000 100.000000
vn -0.000000 0.000000 100.000000
vn -0.000000 0.000000 100.000000
vn -0.000000 0.000000 100.000000
vn -0.000000 0.000000 100.000000
vn -0.000000 0.000000 100.000000
vn -0.000000 0.000000 100.000000
vn -0.000000 0.000000 100.000000
vn -0.000000 0.000000 100.000000
vn -0.000000 0.000000 100.000000
vn -0.000000 0.000000 100.000000
vn -0.000000 0.000000 100.000000
vn -0.000000 0.000000 100.000000
vn -0.000000 0.000000 100.000000
vn -0.000000 0.000000 100.000000
vn -0.000000 0.000000 100.000000
vn -0.000000 0.000000 100.000000
vn -0.000000 0.000000 100.000000
vn -0.000000 0.000000 100.000000
vn -0.000000 0.000000 100.000000
vn -0.000000 0.000000 100.000000
vn -0.000000 0.000000 100.000000
vn -0.000000 0.000000 100.000000
vn -0.000000 0.000000 100.000000
vn -0.000000 0.000000 100.000000
vn -0.000000 0.000000 100.000000
vn -0.000000 0.000000 100.000000
vn -0.000000 0.000000 100.000000
vn -0.000000 0.000000 100.000000
vn -0.000000 0.000000 100.000000
vn -0.000000 0.000000 100.000000
vn -0.000000 0.000000 100.000000
vn -0.000000 0.000000 100.000000
vn -0.000000 0.000000 100.000000
vn -0.000000 0.000000 100.000000
vn -0.000000 0.000000 100.000000
vn -0.000000 0.000000 100.000000
vn -0.000000 0.000000 100.000000
vn -0.000000 0.000000 100.000000
vn -0.000000 0.000000 100.000000
vn -0.000000 0.000000 100.000000
vn -0.000000 0.000000 100.000000
vn -0.000000 0.000000 100.000000
vn -0.000000 0.000000 100.000000
vn -0.000000 0.000000 100.000000
vn -0.000000 0.000000 100.000000
vn -0.000000 0.000000 100.000000
vn -0.000000 0.000000 100.000000
vn -0.000000 0.000000 100.000000
vn -0.000000 0.000000 100.000000
vn -0.000000 0.000000 100.000000
vn -0.000000 0.000000 100.000000
vn -0.000000 0.000000 100.000000
vn -0.000000 0.000000 100.000000
vn -0.000000 0.000000 100.000000
vn -0.000000 0.000000 100.000000
vn -0.000000 0.000000 100.000000
vn -0.000000 0.000000 100.000000
vn -0.000000 0.000000 100.000000
vn -0.000000 0.000000 100.000000
vn -0.000000 0.000000 100.000000
vn -0.000000 0.000000 100.000000
vn -0.000000 0.000000 100.000000
vn -0.000000 0.000000 100.000000
vn -0.000000 0.000000 100.000000
vn -0.000000 0.000000 100.000000
vn -0.000000 0.000000 100.000000
vn -0.000000 0.000000 100.000000
vn -0.000000 0.000000 100.000000
vn -0.000000 0.000000 100.000000
vn -0.000000 0.000000 100.000000
vn -0.000000 0.000000 100.000000
vn -0.000000 0.000000 100.000000
vn -0.000000 0.000000 100.000000
vn -0.000000 0.000000 100.000000
vn -0.000000 0.000000 100.000000
vn -0.000000 0.000000 100.000000
vn -0.000000 0.000000 100.000000
vn -0.000000 0.000000 100.000000
vn -0.000000 0.000000 100.000000
vn -0.000000 0.000000 100.000000
vn -0.000000 0.000000 100.000000
vn -0.000000 0.000000 100.000000
vn -0.000000 0.000000 100.000000
vn -0.000000 0.000000 100.000000
vn -0.000000 0.000000 100.000000
vn -0.000000 0.000000 100.000000
vn -0.000000 0.000000 100.000000
vn -0.000000 0.000000 100.000000
vn -0.000000 0.000000 100.000000
vn -0.000000 0.000000 100.000000
vn -0.000000 0.000000 100.000000
vn -0.000000 0.000000 100.000000
vn -0.000000 0.000000 100.000000
vn -0.000000 0.000000 100.000000
vn -0.000000 0.000000 100.000000
vn -0.000000 0.000000 100.000000
vn -0.000000 0.000000 100.000000
vn -0.000000 0.000000 100.000000
vn -0.000000 0.000000 100.000000
vn -0.000000 0.000000 100.000000
vn -0.000000 0.000000 100.000000
vn -0.000000 0.000000 100.000000
vn -0.000000 0.000000 100.000000
vn -0.000000 0.000000 100.000000
vn -0.000000 0.000000 100.000000
vn -0.000000 0.000000 100.000000
vn -0.000000 0.000000 100.000000
vn -0.000000 0.000000 100.000000
vn -0.000000 0.000000 100.000000
vn -0.000000 0.000000 100.000000
vn -0.000000 0.000000 100.000000
vn -0.000000 0.000000 100.000000
vn -0.000000 0.000000 100.000000
vn -0.000000 0.000000 100.000000
vn -0.000000 0.000000 100.000000
vn -0.000000 0.000000 100.000000
vn -0.000000 0.000000 100.000000
vn -0.000000 0.000000 100.000000
vn -0.000000 0.000000 100.000000
vn -0.000000 0.000000 100.000000
vn -0.000000 0.000000 100.000000
vn -0.000000 0.000000 100.000000
vn -0.000000 0.000000 100.000000
vn -0.000000 0.000000 100.000000
vn -0.000000 0.000000 100.000000
vn -0.000000 0.000000 100.000000
vn -0.000000 0.000000 100.000000
vn -0.000000 0.000000 100.000000
vn -0.000000 0.000000 100.000000
vn -0.000000 0.000000 100.000000
vn -0.000000 0.000000 100.000000
vn -0.000000 0.000000 100.000000
vn -0.000000 0.000000 100.000000
vn -0.000000 0.000000 100.000000
vn -0.000000 0.000000 100.000000
vn -0.000000 0.000000 100.000000
vn -0.000000 0.000000 100.000000
vn -0.000000 0.000000 100.000000
vn -0.000000 0.000000 100.000000
vn -0.000000 0.000000 100.000000
vn 53.511328 -84.478032 0.000000
vn 53.511328 -84.478032 0.000000
vn 36.002276 -93.294352 0.000000
vn 36.002276 -93.294352 0.000000
vn 17.109677 -98.525423 0.000000
vn 17.109677 -98.525423 0.000000
vn -2.440437 -99.970217 0.000000
vn -2.440437 -99.970217 0.000000
vn -21.896766 -97.573212 0.000000
vn -21.896766 -97.573212 0.000000
vn -40.511615 -91.426523 0.000000
vn -40.511615 -91.426523 0.000000
vn -57.569626 -81.766363 0.000000
vn -57.569626 -81.766363 0.000000
vn -72.415268 -68.963969 0.000000
vn -72.415268 -68.963969 0.000000
vn -84.478032 -53.511328 0.000000
vn -84.478032 -53.511328 0.000000
vn -93.294352 -36.002276 -0.000000
vn -93.294352 -36.002276 -0.000000
vn -98.525423 -17.109677 -0.000000
vn -98.525423 -17.109677 -0.000000
vn -99.970217 2.440437 -0.000000
vn -99.970217 2.440437 -0.000000
vn -97.573212 21.896766 -0.000000
vn -97.573212 21.896766 -0.000000
vn -91.426523 40.511615 -0.000000
vn -91.426523 40.511615 -0.000000
vn -81.766363 57.569626 -0.000000
vn -81.766363 57.569626 -0.000000
vn -68.963969 72.415268 -0.000000
vn -68.963969 72.415268 -0.000000
vn -53.511328 84.478032 -0.000000
vn -53.511328 84.478032 -0.000000
vn -36.002276 93.294352 -0.000000
vn -36.002276 93.294352 -0.000000
vn -17.109677 98.525423 -0.000000
vn -17.109677 98.525423 -0.000000
vn 2.440437 99.970217 -0.000000
vn 2.440437 99.970217 -0.000000
vn 21.896766 97.573212 -0.000000
vn 21.896766 97.573212 -0.000000
vn 40.511615 91.426523 -0.000000
vn 40.511615 91.426523 -0.000000
vn 57.569626 81.766363 -0.000000
vn 57.569626 81.766363 -0.000000
vn 72.415268 68.963969 -0.000000
vn 72.415268 68.963969 -0.000000
vn 84.478032 53.511328 -0.000000
vn 84.478032 53.511328 -0.000000
vn 93.294352 36.002276 0.000000
vn 93.294352 36.002276 0.000000
vn 98.525423 17.109677 0.000000
vn 98.525423 17.109677 0.000000
vn 99.970217 -2.440437 0.000000
vn 99.970217 -2.440437 0.000000
vn 97.573212 -21.896766 0.000000
vn 97.573212 -21.896766 0.000000
vn 91.426523 -40.511615 0.000000
vn 91.426523 -40.511615 0.000000
vn 81.766363 -57.569626 0.000000
vn 81.766363 -57.569626 0.000000
vn 68.963969 -72.415268 0.000000
vn 68.963969 -72.415268 0.000000
vn 53.511328 -84.478032 0.000000
vn 53.511328 -84.478032 0.000000
vn 36.002276 -93.294352 0.000000
vn 36.002276 -93.294352 0.000000
vn 17.109677 -98.525423 0.000000
vn 17.109677 -98.525423 0.000000
vn -2.440437 -99.970217 0.000000
vn -2.440437 -99.970217 0.000000
vn -21.896766 -97.573212 0.000000
vn -21.896766 -97.573212 0.000000
vn -40.511615 -91.426523 0.000000
vn -40.511615 -91.426523 0.000000
vn -57.569626 -81.766363 0.000000
vn -57.569626 -81.766363 0.000000
vn -72.415268 -68.963969 0.000000
vn -72.415268 -68.963969 0.000000
vn -84.478032 -53.511328 0.000000
vn -84.478032 -53.511328 0.000000
vn -93.294352 -36.002276 -0.000000
vn -93.294352 -36.002276 -0.000000
vn -98.525423 -17.109677 -0.000000
vn -98.525423 -17.109677 -0.000000
vn -99.970217 2.440437 -0.000000
vn -99.970217 2.440437 -0.000000
vn -97.573212 21.896766 -0.000000
vn -97.573212 21.896766 -0.000000
vn -91.426523 40.511615 -0.000000
vn -91.426523 40.511615 -0.000000
vn -81.766363 57.569626 -0.000000
vn -81.766363 57.569626 -0.000000
vn -68.963969 72.415268 -0.000000
vn -68.963969 72.415268 -0.000000
vn -53.511328 84.478032 -0.000000
vn -53.511328 84.478032 -0.000000
vn -36.002276 93.294352 -0.000000
vn -36.002276 93.294352 -0.000000
vn -17.109677 98.525423 -0.000000
vn -17.109677 98.525423 -0.000000
vn 2.440437 99.970217 -0.000000
vn 2.440437 99.970217 -0.000000
vn 21.896766 97.573212 -0.000000
vn 21.896766 97.573212 -0.000000
vn 40.511615 91.426523 -0.000000
vn 40.511615 91.426523 -0.000000
vn 57.569626 81.766363 -0.000000
vn 57.569626 81.766363 -0.000000
vn 72.415268 68.963969 -0.000000
vn 72.415268 68.963969 -0.000000
vn 84.478032 53.511328 -0.000000
vn 84.478032 53.511328 -0.000000
vn 93.294352 36.002276 0.000000
vn 93.294352 36.002276 0.000000
vn 98.525423 17.109677 0.000000
vn 98.525423 17.109677 0.000000
vn 99.970217 -2.440437 0.000000
vn 99.970217 -2.440437 0.000000
vn 97.573212 -21.896766 0.000000
vn 97.573212 -21.896766 0.000000
vn 91.426523 -40.511615 0.000000
vn 91.426523 -40.511615 0.000000
vn 81.766363 -57.569626 0.000000
vn 81.766363 -57.569626 0.000000
vn 68.963969 -72.415268 0.000000
vn 68.963969 -72.415268 0.000000
vn 53.511328 -84.478032 0.000000
vn 53.511328 -84.478032 0.000000
vn 36.002276 -93.294352 0.000000
vn 36.002276 -93.294352 0.000000
vn 17.109677 -98.525423 0.000000
vn 17.109677 -98.525423 0.000000
vn -2.440437 -99.970217 0.000000
vn -2.440437 -99.970217 0.000000
vn -21.896766 -97.573212 0.000000
vn -21.896766 -97.573212 0.000000
vn -40.511615 -91.426523 0.000000
vn -40.511615 -91.426523 0.000000
vn -57.569626 -81.766363 0.000000
vn -57.569626 -81.766363 0.000000
vn -72.415268 -68.963969 0.000000
vn -72.415268 -68.963969 0.000000
vn -84.478032 -53.511328 0.000000
vn -84.478032 -53.511328 0.000000
vn -93.294352 -36.002276 -0.000000
vn -93.294352 -36.002276 -0.000000
vn -98.525423 -17.109677 -0.000000
vn -98.525423 -17.109677 -0.000000
vn -99.970217 2.440437 -0.000000
vn -99.970217 2.440437 -0.000000
vn -97.573212 21.896766 -0.000000
vn -97.573212 21.896766 -0.000000
vn -91.426523 40.511615 -0.000000
vn -91.426523 40.511615 -0.000000
vn -81.766363 57.569626 -0.000000
vn -81.766363 57.569626 -0.000000
vn -68.963969 72.415268 -0.000000
vn -68.963969 72.415268 -0.000000
vn -53.511328 84.478032 -0.000000
vn -53.511328 84.478032 -0.000000
vn -36.002276 93.294352 -0.000000
vn -36.002276 93.294352 -0.000000
vn -17.109677 98.525423 -0.000000
vn -17.109677 98.525423 -0.000000
vn 2.440437 99.970217 -0.000000
vn 2.440437 99.970217 -0.000000
vn 21.896766 97.573212 -0.000000
vn 21.896766 97.573212 -0.000000
vn 40.511615 91.426523 -0.000000
vn 40.511615 91.426523 -0.000000
vn 57.569626 81.766363 -0.000000
vn 57.569626 81.766363 -0.000000
vn 72.415268 68.963969 -0.000000
vn 72.415268 68.963969 -0.000000
vn 84.478032 53.511328 -0.000000
vn 84.478032 53.511328 -0.000000
vn 93.294352 36.002276 0.000000
vn 93.294352 36.002276 0.000000
vn 98.525423 17.109677 0.000000
vn 98.525423 17.109677 0.000000
vn 99.970217 -2.440437 0.000000
vn 99.970217 -2.440437 0.000000
vn 97.573212 -21.896766 0.000000
vn 97.573212 -21.896766 0.000000
vn 91.426523 -40.511615 0.000000
vn 91.426523 -40.511615 0.000000
vn 81.766363 -57.569626 0.000000
vn 81.766363 -57.569626 0.000000
vn 68.963969 -72.415268 0.000000
vn 68.963969 -72.415268 0.000000
vn 53.511328 -84.478032 0.000000
vn 53.511328 -84.478032 0.000000
vn 36.002276 -93.294352 0.000000
vn 36.002276 -93.294352 0.000000
vn 17.109677 -98.525423 0.000000
vn 17.109677 -98.525423 0.000000
vn -2.440437 -99.970217 0.000000
vn -2.440437 -99.970217 0.000000
vn -21.896766 -97.573212 0.000000
vn -21.896766 -97.573212 0.000000
vn -40.511615 -91.426523 0.000000
vn -40.511615 -91.426523 0.000000
vn -57.569626 -81.766363 0.000000
vn -57.569626 -81.766363 0.000000
vn -72.415268 -68.963969 0.000000
vn -72.415268 -68.963969 0.000000
vn -84.478032 -53.511328 0.000000
vn -84.478032 -53.511328 0.000000
vn -93.294352 -36.002276 -0.000000
vn -93.294352 -36.002276 -0.000000
vn -98.525423 -17.109677 -0.000000
vn -98.525423 -17.109677 -0.000000
vn -99.970217 2.440437 -0.000000
vn -99.970217 2.440437 -0.000000
vn -97.573212 21.896766 -0.000000
vn -97.573212 21.896766 -0.000000
vn -91.426523 40.511615 -0.000000
vn -91.426523 40.511615 -0.000000
vn -81.766363 57.569626 -0.000000
vn -81.766363 57.569626 -0.000000
vn -68.963969 72.415268 -0.000000
vn -68.963969 72.415268 -0.000000
vn -53.511328 84.478032 -0.000000
vn -53.511328 84.478032 -0.000000
vn -36.002276 93.294352 -0.000000
vn -36.002276 93.294352 -0.000000
vn -17.109677 98.525423 -0.000000
vn -17.109677 98.525423 -0.000000
vn 2.440437 99.970217 -0.000000
vn 2.440437 99.970217 -0.000000
vn 21.896766 97.573212 -0.000000
vn 21.896766 97.573212 -0.000000
vn 40.511615 91.426523 -0.000000
vn 40.511615 91.426523 -0.000000
vn 57.569626 81.766363 -0.000000
vn 57.569626 81.766363 -0.000000
vn 72.415268 68.963969 -0.000000
vn 72.415268 68.963969 -0.000000
vn 84.478032 53.511328 -0.000000
vn 84.478032 53.511328 -0.000000
vn 93.294352 36.002276 0.000000
vn 93.294352 36.002276 0.000000
vn 98.525423 17.109677 0.000000
vn 98.525423 17.109677 0.000000
vn 99.970217 -2.440437 0.000000
vn 99.970217 -2.440437 0.000000
vn 97.573212 -21.896766 0.000000
vn 97.573212 -21.896766 0.000000
vn 91.426523 -40.511615 0.000000
vn 91.426523 -40.511615 0.000000
vn 81.766363 -57.569626 0.000000
vn 81.766363 -57.569626 0.000000
vn 68.963969 -72.415268 0.000000
vn 68.963969 -72.415268 0.000000
vn -30.358447 95.280453 -0.000000
vn -30.358447 95.280453 -0.000000
vn -36.002276 93.294352 -0.000000
vn -36.002276 93.294352 -0.000000
vn -41.517226 90.974282 -0.000000
vn -41.517226 90.974282 -0.000000
vn -46.883556 88.328547 -0.000000
vn -46.883556 88.328547 -0.000000
vn -52.082054 85.366619 -0.000000
vn -52.082054 85.366619 -0.000000
vn -57.094113 82.099100 -0.000000
vn -57.094113 82.099100 -0.000000
vn -61.901789 78.537689 -0.000000
vn -61.901789 78.537689 -0.000000
vn -66.487873 74.695132 -0.000000
vn -66.487873 74.695132 -0.000000
vn -70.835947 70.585187 -0.000000
vn -70.835947 70.585187 -0.000000
vn -74.930448 66.222564 -0.000000
vn -74.930448 66.222564 -0.000000
vn -78.756716 61.622883 -0.000000
vn -78.756716 61.622883 -0.000000
vn -82.301056 56.802607 -0.000000
vn -82.301056 56.802607 -0.000000
vn -85.550780 51.778992 -0.000000
vn -85.550780 51.778992 -0.000000
vn -88.494254 46.570023 -0.000000
vn -88.494254 46.570023 -0.000000
vn -91.120942 41.194345 -0.000000
vn -91.120942 41.194345 -0.000000
vn -93.421440 35.671201 -0.000000
vn -93.421440 35.671201 -0.000000
vn -95.387514 30.020364 -0.000000
vn -95.387514 30.020364 -0.000000
vn -97.012125 24.262062 -0.000000
vn -97.012125 24.262062 -0.000000
vn -98.289458 18.416908 -0.000000
vn -98.289458 18.416908 -0.000000
vn -99.214940 12.505826 -0.000000
vn -99.214940 12.505826 -0.000000
vn -99.785258 6.549977 -0.000000
vn -99.785258 6.549977 -0.000000
vn -99.998372 0.570680 -0.000000
vn -99.998372 0.570680 -0.000000
vn -99.853517 -5.410659 -0.000000
vn -99.853517 -5.410659 -0.000000
vn -99.351212 -11.372630 -0.000000
vn -99.351212 -11.372630 -0.000000
vn -98.493256 -17.293889 -0.000000
vn -98.493256 -17.293889 -0.000000
vn -97.282719 -23.153241 -0.000000
vn -97.282719 -23.153241 -0.000000
vn -95.723936 -28.929711 -0.000000
vn -95.723936 -28.929711 -0.000000
vn -93.822485 -34.602619 -0.000000
vn -93.822485 -34.602619 -0.000000
vn -91.585175 -40.151659 -0.000000
vn -91.585175 -40.151659 -0.000000
vn -89.020013 -45.556967 0.000000
vn -89.020013 -45.556967 0.000000
vn -86.136183 -50.799193 0.000000
vn -86.136183 -50.799193 0.000000
vn -82.944008 -55.859570 0.000000
vn -82.944008 -55.859570 0.000000
vn -79.454914 -60.719985 0.000000
vn -79.454914 -60.719985 0.000000
vn -75.681393 -65.363038 0.000000
vn -75.681393 -65.363038 0.000000
vn -71.636952 -69.772108 0.000000
vn -71.636952 -69.772108 0.000000
vn -67.336069 -73.931413 0.000000
vn -67.336069 -73.931413 0.000000
vn -62.794141 -77.826062 0.000000
vn -62.794141 -77.826062 0.000000
vn -58.027426 -81.442114 0.000000
vn -58.027426 -81.442114 0.000000
vn -53.052987 -84.766624 0.000000
vn -53.052987 -84.766624 0.000000
vn -47.888633 -87.787692 0.000000
vn -47.888633 -87.787692 0.000000
vn -42.552850 -90.494502 0.000000
vn -42.552850 -90.494502 0.000000
vn -37.064739 -92.877366 0.000000
vn -37.064739 -92.877366 0.000000
vn -31.443946 -94.927753 0.000000
vn -31.443946 -94.927753 0.000000
vn -25.710591 -96.638323 0.000000
vn -25.710591 -96.638323 0.000000
vn -19.885199 -98.002953 0.000000
vn -19.885199 -98.002953 0.000000
vn -13.988624 -99.016758 0.000000
vn -13.988624 -99.016758 0.000000
vn -8.041972 -99.676109 0.000000
vn -8.041972 -99.676109 0.000000
vn -2.066533 -99.978645 0.000000
vn -2.066533 -99.978645 0.000000
vn 3.916304 -99.923283 0.000000
vn 3.916304 -99.923283 0.000000
vn 9.885122 -99.510222 0.000000
vn 9.885122 -99.510222 0.000000
vn 15.818553 -98.740941 0.000000
vn 15.818553 -98.740941 0.000000
vn 21.695359 -97.618192 0.000000
vn 21.695359 -97.618192 0.000000
vn 27.494500 -96.145996 0.000000
vn 27.494500 -96.145996 0.000000
vn 33.195219 -94.329621 0.000000
vn 33.195219 -94.329621 0.000000
vn 38.777107 -92.175572 0.000000
vn 38.777107 -92.175572 0.000000
vn 44.220183 -89.691557 0.000000
vn 44.220183 -89.691557 0.000000
vn 49.504962 -86.886470 0.000000
vn 49.504962 -86.886470 0.000000
vn 54.612526 -83.770352 0.000000
vn 54.612526 -83.770352 0.000000
vn 59.524592 -80.354358 0.000000
vn 59.524592 -80.354358 0.000000
vn 64.223575 -76.650717 0.000000
vn 64.223575 -76.650717 0.000000
vn 68.692655 -72.672685 0.000000
vn 68.692655 -72.672685 0.000000
vn 72.915832 -68.434505 0.000000
vn 72.915832 -68.434505 0.000000
vn 76.877990 -63.951346 0.000000
vn 76.877990 -63.951346 0.000000
vn 80.564944 -59.239258 0.000000
vn 80.564944 -59.239258 0.000000
vn 83.963497 -54.315109 0.000000
vn 83.963497 -54.315109 0.000000
vn 87.061483 -49.196526 0.000000
vn 87.061483 -49.196526 0.000000
vn 89.847811 -43.901833 0.000000
vn 89.847811 -43.901833 0.000000
vn 92.312507 -38.449982 0.000000
vn 92.312507 -38.449982 0.000000
vn 94.446748 -32.860490 0.000000
vn 94.446748 -32.860490 0.000000
vn 96.242894 -27.153366 0.000000
vn 96.242894 -27.153366 0.000000
vn 97.694516 -21.349040 0.000000
vn 97.694516 -21.349040 0.000000
vn 98.796417 -15.468290 0.000000
vn 98.796417 -15.468290 0.000000
vn 99.544652 -9.532168 0.000000
vn 99.544652 -9.532168 0.000000
vn 99.936543 -3.561923 0.000000
vn 99.936543 -3.561923 0.000000
vn 99.970688 2.421073 0.000000
vn 99.970688 2.421073 0.000000
vn 99.646963 8.395402 0.000000
vn 99.646963 8.395402 0.000000
vn 98.966528 14.339677 0.000000
vn 98.966528 14.339677 0.000000
vn 97.931818 20.232621 0.000000
vn 97.931818 20.232621 0.000000
vn 96.546538 26.053137 0.000000
vn 96.546538 26.053137 0.000000
vn 94.815647 31.780389 0.000000
vn 94.815647 31.780389 0.000000
vn 92.745340 37.393876 0.000000
vn 92.745340 37.393876 0.000000
vn 90.343029 42.873502 0.000000
vn 90.343029 42.873502 0.000000
vn 87.617313 48.199652 -0.000000
vn 87.617313 48.199652 -0.000000
vn 84.577950 53.353261 -0.000000
vn 84.577950 53.353261 -0.000000
vn 81.235820 58.315878 -0.000000
vn 81.235820 58.315878 -0.000000
vn 77.602886 63.069740 -0.000000
vn 77.602886 63.069740 -0.000000
vn 73.692155 67.597828 -0.000000
vn 73.692155 67.597828 -0.000000
vn 69.517624 71.883933 -0.000000
vn 69.517624 71.883933 -0.000000
vn 65.094239 75.912713 -0.000000
vn 65.094239 75.912713 -0.000000
vn 60.437833 79.669745 -0.000000
vn 60.437833 79.669745 -0.000000
vn 55.565076 83.141580 -0.000000
vn 55.565076 83.141580 -0.000000
vn 50.493410 86.315790 -0.000000
vn 50.493410 86.315790 -0.000000
vn 45.240990 89.181011 -0.000000
vn 45.240990 89.181011 -0.000000
vn 39.826620 91.726988 -0.000000
vn 39.826620 91.726988 -0.000000
vn 34.269680 93.944606 -0.000000
vn 34.269680 93.944606 -0.000000
vn 28.590064 95.825927 -0.000000
vn 28.590064 95.825927 -0.000000
vn 22.808103 97.364215 -0.000000
vn 22.808103 97.364215 -0.000000
vn 16.944495 98.553965 -0.000000
vn 16.944495 98.553965 -0.000000
vn 11.020230 99.390918 -0.000000
vn 11.020230 99.390918 -0.000000
vn 5.056516 99.872076 -0.000000
vn 5.056516 99.872076 -0.000000
vn -0.925300 99.995719 -0.000000
vn -0.925300 99.995719 -0.000000
vn -6.903803 99.761403 -0.000000
vn -6.903803 99.761403 -0.000000
vn -12.857592 99.169967 -0.000000
vn -12.857592 99.169967 -0.000000
vn -18.765355 98.223528 -0.000000
vn -18.765355 98.223528 -0.000000
vn -24.605942 96.925474 -0.000000
vn -24.605942 96.925474 -0.000000
vn 0.000000 -0.000000 -100.000000
vn 0.000000 -0.000000 -100.000000
vn 0.000000 -0.000000 -100.000000
vn 0.000000 -0.000000 -100.000000
vn 0.000000 -0.000000 -100.000000
vn 0.000000 -0.000000 -100.000000
vn 0.000000 -0.000000 -100.000000
vn 0.000000 -0.000000 -100.000000
vn 0.000000 -0.000000 -100.000000
vn 0.000000 -0.000000 -100.000000
vn 0.000000 -0.000000 -100.000000
vn 0.000000 -0.000000 -100.000000
vn 0.000000 -0.000000 -100.000000
vn 0.000000 -0.000000 -100.000000
vn 0.000000 -0.000000 -100.000000
vn 0.000000 -0.000000 -100.000000
vn 0.000000 -0.000000 -100.000000
vn 0.000000 -0.000000 -100.000000
vn 0.000000 -0.000000 -100.000000
vn 0.000000 -0.000000 -100.000000
vn 0.000000 -0.000000 -100.000000
vn 0.000000 -0.000000 -100.000000
vn 0.000000 -0.000000 -100.000000
vn 0.000000 -0.000000 -100.000000
vn 0.000000 -0.000000 -100.000000
vn 0.000000 -0.000000 -100.000000
vn 0.000000 -0.000000 -100.000000
vn 0.000000 -0.000000 -100.000000
vn 0.000000 -0.000000 -100.000000
vn 0.000000 -0.000000 -100.000000
vn 0.000000 -0.000000 -100.000000
vn 0.000000 -0.000000 -100.000000
vn 0.000000 -0.000000 -100.000000
vn 0.000000 -0.000000 -100.000000
vn 0.000000 -0.000000 -100.000000
vn 0.000000 -0.000000 -100.000000
vn 0.000000 -0.000000 -100.000000
vn 0.000000 -0.000000 -100.000000
vn 0.000000 -0.000000 -100.000000
vn 0.000000 -0.000000 -100.000000
vn 0.000000 -0.000000 -100.000000
vn 0.000000 -0.000000 -100.000000
vn 0.000000 -0.000000 -100.000000
vn 0.000000 -0.000000 -100.000000
vn 0.000000 -0.000000 -100.000000
vn 0.000000 -0.000000 -100.000000
vn 0.000000 -0.000000 -100.000000
vn 0.000000 -0.000000 -100.000000
vn 0.000000 -0.000000 -100.000000
vn 0.000000 -0.000000 -100.000000
vn 0.000000 -0.000000 -100.000000
vn 0.000000 -0.000000 -100.000000
vn 0.000000 -0.000000 -100.000000
vn 0.000000 -0.000000 -100.000000
vn 0.000000 -0.000000 -100.000000
vn 0.000000 -0.000000 -100.000000
vn 0.000000 -0.000000 -100.000000
vn 0.000000 -0.000000 -100.000000
vn 0.000000 -0.000000 -100.000000
vn 0.000000 -0.000000 -100.000000
vn 0.000000 -0.000000 -100.000000
vn 0.000000 -0.000000 -100.000000
vn 0.000000 -0.000000 -100.000000
vn 0.000000 -0.000000 -100.000000
vn 0.000000 -0.000000 -100.000000
vn 0.000000 -0.000000 -100.000000
vn 0.000000 -0.000000 -100.000000
vn 0.000000 -0.000000 -100.000000
vn 0.000000 -0.000000 -100.000000
vn 0.000000 -0.000000 -100.000000
vn 0.000000 -0.000000 -100.000000
vn 0.000000 -0.000000 -100.000000
vn 0.000000 -0.000000 -100.000000
vn 0.000000 -0.000000 -100.000000
vn 0.000000 -0.000000 -100.000000
vn 0.000000 -0.000000 -100.000000
vn 0.000000 -0.000000 -100.000000
vn 0.000000 -0.000000 -100.000000
vn 0.000000 -0.000000 -100.000000
vn 0.000000 -0.000000 -100.000000
vn 0.000000 -0.000000 -100.000000
vn 0.000000 -0.000000 -100.000000
vn 0.000000 -0.000000 -100.000000
vn 0.000000 -0.000000 -100.000000
vn 0.000000 -0.000000 -100.000000
vn 0.000000 -0.000000 -100.000000
vn 0.000000 -0.000000 -100.000000
vn 0.000000 -0.000000 -100.000000
vn 0.000000 -0.000000 -100.000000
vn 0.000000 -0.000000 -100.000000
vn 0.000000 -0.000000 -100.000000
vn 0.000000 -0.000000 -100.000000
vn 0.000000 -0.000000 -100.000000
vn 0.000000 -0.000000 -100.000000
vn 0.000000 -0.000000 -100.000000
vn 0.000000 -0.000000 -100.000000
vn 0.000000 -0.000000 -100.000000
vn 0.000000 -0.000000 -100.000000
vn 0.000000 -0.000000 -100.000000
vn 0.000000 -0.000000 -100.000000
vn 0.000000 -0.000000 -100.000000
vn 0.000000 -0.000000 -100.000000
vn 0.000000 -0.000000 -100.000000
vn 0.000000 -0.000000 -100.000000
vn 0.000000 -0.000000 -100.000000
vn 0.000000 -0.000000 -100.000000
vn 0.000000 -0.000000 -100.000000
vn 0.000000 -0.000000 -100.000000
vn 0.000000 -0.000000 -100.000000
vn 0.000000 -0.000000 -100.000000
vn 0.000000 -0.000000 -100.000000
vn 0.000000 -0.000000 -100.000000
vn 0.000000 -0.000000 -100.000000
vn 0.000000 -0.000000 -100.000000
vn 0.000000 -0.000000 -100.000000
vn 0.000000 -0.000000 -100.000000
vn 0.000000 -0.000000 -100.000000
vn 0.000000 -0.000000 -100.000000
vn 0.000000 -0.000000 -100.000000
vn 0.000000 -0.000000 -100.000000
vn 0.000000 -0.000000 -100.000000
vn 0.000000 -0.000000 -100.000000
vn 0.000000 -0.000000 -100.000000
vn 0.000000 -0.000000 -100.000000
vn 0.000000 -0.000000 -100.000000
vn 0.000000 -0.000000 -100.000000
vn 0.000000 -0.000000 -100.000000
vn 0.000000 -0.000000 -100.000000
vn 0.000000 -0.000000 -100.000000
vn 0.000000 -0.000000 -100.000000
vn 0.000000 -0.000000 -100.000000
vn 0.000000 -0.000000 -100.000000
vn 0.000000 -0.000000 -100.000000
vn 0.000000 -0.000000 -100.000000
vn 0.000000 -0.000000 -100.000000
vn 0.000000 -0.000000 -100.000000
vn 0.000000 -0.000000 -100.000000
vn 0.000000 -0.000000 -100.000000
vn 0.000000 -0.000000 -100.000000
vn 0.000000 -0.000000 -100.000000
vn 0.000000 -0.000000 -100.000000
vn 0.000000 -0.000000 -100.000000
vn 0.000000 -0.000000 -100.000000
vn 0.000000 -0.000000 -100.000000
vn 0.000000 -0.000000 -100.000000
vn 0.000000 -0.000000 -100.000000
vn 0.000000 -0.000000 -100.000000
vn 0.000000 -0.000000 -100.000000
vn 0.000000 -0.000000 -100.000000
vn 0.000000 -0.000000 -100.000000
vn 0.000000 -0.000000 -100.000000
vn 0.000000 -0.000000 -100.000000
vn 0.000000 -0.000000 -100.000000
vn 0.000000 -0.000000 -100.000000
vn 0.000000 -0.000000 -100.000000
vn 0.000000 -0.000000 -100.000000
vn 0.000000 -0.000000 -100.000000
vn 0.000000 -0.000000 -100.000000
vn 0.000000 -0.000000 -100.000000
vn 0.000000 -0.000000 -100.000000
vn 0.000000 -0.000000 -100.000000
vn 0.000000 -0.000000 -100.000000
vn 0.000000 -0.000000 -100.000000
vn 0.000000 -0.000000 -100.000000
vn 0.000000 -0.000000 -100.000000
vn 0.000000 -0.000000 -100.000000
vn 0.000000 -0.000000 -100.000000
vn 0.000000 -0.000000 -100.000000
vn 0.000000 -0.000000 -100.000000
vn 0.000000 -0.000000 -100.000000
vn 0.000000 -0.000000 -100.000000
vn 0.000000 -0.000000 -100.000000
vn 0.000000 -0.000000 -100.000000
vn 0.000000 -0.000000 -100.000000
vn 0.000000 -0.000000 -100.000000
vn 0.000000 -0.000000 -100.000000
vn 0.000000 -0.000000 -100.000000
vn 0.000000 -0.000000 -100.000000
vn 0.000000 -0.000000 -100.000000
vn 0.000000 -0.000000 -100.000000
vn 0.000000 -0.000000 -100.000000
vn 0.000000 -0.000000 -100.000000
vn 0.000000 -0.000000 -100.000000
vn 0.000000 -0.000000 -100.000000
vn 0.000000 -0.000000 -100.000000
vn 0.000000 -0.000000 -100.000000
vn 0.000000 -0.000000 -100.000000
vn 0.000000 -0.000000 -100.000000
vn 0.000000 -0.000000 -100.000000
vn 0.000000 -0.000000 -100.000000
vn 0.000000 -0.000000 -100.000000
vn 0.000000 -0.000000 -100.000000
vn 0.000000 -0.000000 -100.000000
vn 0.000000 -0.000000 -100.000000
vn 0.000000 -0.000000 -100.000000
vn 0.000000 -0.000000 -100.000000
vn 0.000000 -0.000000 -100.000000
vn 0.000000 -0.000000 -100.000000
vn 0.000000 -0.000000 -100.000000
vn 0.000000 -0.000000 -100.000000
vn 0.000000 -0.000000 -100.000000
vn 0.000000 -0.000000 -100.000000
vn 0.000000 -0.000000 -100.000000
vn 0.000000 -0.000000 -100.000000
vn 0.000000 -0.000000 -100.000000
vn 0.000000 -0.000000 -100.000000
vn 0.000000 -0.000000 -100.000000
vn 0.000000 -0.000000 -100.000000
vn 0.000000 -0.000000 -100.000000
vn 0.000000 -0.000000 -100.000000
vn 0.000000 -0.000000 -100.000000
vn 0.000000 -0.000000 -100.000000
vn 0.000000 -0.000000 -100.000000
vn 0.000000 -0.000000 -100.000000
vn 0.000000 -0.000000 -100.000000
vn 0.000000 -0.000000 -100.000000
vn 0.000000 -0.000000 -100.000000
vn 0.000000 -0.000000 -100.000000
vn 0.000000 -0.000000 -100.000000
vn 0.000000 -0.000000 -100.000000
vn 0.000000 -0.000000 -100.000000
vn 0.000000 -0.000000 -100.000000
vn 0.000000 -0.000000 -100.000000
vn 0.000000 -0.000000 -100.000000
vn 0.000000 -0.000000 -100.000000
vn 0.000000 -0.000000 -100.000000
vn 0.000000 -0.000000 -100.000000
vn 0.000000 -0.000000 -100.000000
vn 0.000000 -0.000000 -100.000000
vn 0.000000 -0.000000 -100.000000
vn 0.000000 -0.000000 -100.000000
vn 0.000000 -0.000000 -100.000000
vn 0.000000 -0.000000 -100.000000
vn 0.000000 -0.000000 -100.000000
vn 0.000000 -0.000000 -100.000000
vn 0.000000 -0.000000 -100.000000
vn 0.000000 -0.000000 -100.000000
vn 0.000000 -0.000000 -100.000000
vn 0.000000 -0.000000 -100.000000
vn 0.000000 -0.000000 -100.000000
vn 0.000000 -0.000000 -100.000000
vn 0.000000 -0.000000 -100.000000
vn 0.000000 -0.000000 -100.000000
vn 0.000000 -0.000000 -100.000000
vn 0.000000 -0.000000 -100.000000
vn 0.000000 -0.000000 -100.000000
vn 0.000000 -0.000000 -100.000000
vn 0.000000 -0.000000 -100.000000
vn 0.000000 -0.000000 -100.000000
vn 0.000000 -0.000000 -100.000000
vn 0.000000 -0.000000 -100.000000
vn 0.000000 -0.000000 -100.000000
vn 0.000000 -0.000000 -100.000000
vn 0.000000 -0.000000 -100.000000
vn 0.000000 -0.000000 -100.000000
vn 0.000000 -0.000000 -100.000000
vn 0.000000 -0.000000 -100.000000
vn 0.000000 -0.000000 -100.000000
vn 0.000000 -0.000000 -100.000000
vn 0.000000 -0.000000 -100.000000
vn 0.000000 -0.000000 -100.000000
vn 0.000000 -0.000000 -100.000000
vn 0.000000 -0.000000 -100.000000
vn 0.000000 -0.000000 -100.000000
vn 0.000000 -0.000000 -100.000000
vn 0.000000 -0.000000 -100.000000
vn 0.000000 -0.000000 -100.000000
vn 0.000000 -0.000000 -100.000000
vn 0.000000 -0.000000 -100.000000
vn 0.000000 -0.000000 -100.000000
vn 0.000000 -0.000000 -100.000000
vn 0.000000 -0.000000 -100.000000
vn 0.000000 -0.000000 -100.000000
vn 0.000000 -0.000000 -100.000000
vn 0.000000 -0.000000 -100.000000
vn 0.000000 -0.000000 -100.000000
vn 0.000000 -0.000000 -100.000000
vn 0.000000 -0.000000 -100.000000
vn 0.000000 -0.000000 -100.000000
vn 0.000000 -0.000000 -100.000000
vn 0.000000 -0.000000 -100.000000
vn 0.000000 -0.000000 -100.000000
vn 0.000000 -0.000000 -100.000000
vn 0.000000 -0.000000 -100.000000
vn 0.000000 -0.000000 -100.000000
vn 0.000000 -0.000000 -100.000000
vn 0.000000 -0.000000 -100.000000
vn 0.000000 -0.000000 -100.000000
vn 0.000000 -0.000000 -100.000000
vn 0.000000 -0.000000 -100.000000
vn 0.000000 -0.000000 -100.000000
vn 0.000000 -0.000000 -100.000000
vn 0.000000 -0.000000 -100.000000
vn 0.000000 -0.000000 -100.000000
vn 0.000000 -0.000000 -100.000000
vn 0.000000 -0.000000 -100.000000
vn 0.000000 -0.000000 -100.000000
vn 0.000000 -0.000000 -100.000000
vn 0.000000 -0.000000 -100.000000
vn 0.000000 -0.000000 -100.000000
vn 0.000000 -0.000000 -100.000000
vn 0.000000 -0.000000 -100.000000
vn 0.000000 -0.000000 -100.000000
vn 0.000000 -0.000000 -100.000000
vn 0.000000 -0.000000 -100.000000
vn 0.000000 -0.000000 -100.000000
vn 0.000000 -0.000000 -100.000000
vn 0.000000 -0.000000 -100.000000
vn 0.000000 -0.000000 -100.000000
vn 0.000000 -0.000000 -100.000000
vn 0.000000 -0.000000 -100.000000
vn 0.000000 -0.000000 -100.000000
vn 0.000000 -0.000000 -100.000000
vn 0.000000 -0.000000 -100.000000
vn 0.000000 -0.000000 -100.000000
vn 0.000000 -0.000000 -100.000000
vn 0.000000 -0.000000 -100.000000
vn 0.000000 -0.000000 -100.000000
vn 0.000000 -0.000000 -100.000000
vn 0.000000 -0.000000 -100.000000
vn 0.000000 -0.000000 -100.000000
vn 0.000000 -0.000000 -100.000000
vn 0.000000 -0.000000 -100.000000
vn 0.000000 -0.000000 -100.000000
vn 0.000000 -0.000000 -100.000000
vn 0.000000 -0.000000 -100.000000
vn 0.000000 -0.000000 -100.000000
vn 0.000000 -0.000000 -100.000000
vn 0.000000 -0.000000 -100.000000
usemtl Opaque(160,160,160)
f 2/1/1 48/2/2 1/3/3
f 1/3/3 48/2/2 25/4/4
f 1/5/3 25/6/4 24/7/5
f 24/7/5 25/6/4 26/8/6
f 24/7/5 26/8/6 23/9/7
f 23/9/7 26/8/6 27/10/8
f 23/9/7 27/10/8 22/11/9
f 22/11/9 27/10/8 28/12/10
f 22/11/9 28/12/10 21/13/11
f 21/13/11 28/12/10 29/14/12
f 21/13/11 29/14/12 20/15/13
f 20/15/13 29/14/12 30/16/14
f 20/15/13 30/16/14 19/17/15
f 19/17/15 30/16/14 31/18/16
f 19/17/15 31/18/16 18/19/17
f 18/19/17 31/18/16 32/20/18
f 18/19/17 32/20/18 17/21/19
f 17/21/19 32/20/18 33/22/20
f 17/21/19 33/22/20 16/23/21
f 16/23/21 33/22/20 34/24/22
f 16/23/21 34/24/22 15/25/23
f 15/25/23 34/24/22 35/26/24
f 15/25/23 35/26/24 14/27/25
f 14/27/25 35/26/24 36/28/26
f 14/27/25 36/28/26 13/29/27
f 13/29/27 36/28/26 37/30/28
f 13/29/27 37/30/28 12/31/29
f 12/31/29 37/30/28 38/32/30
f 12/31/29 38/32/30 11/33/31
f 11/33/31 38/32/30 39/34/32
f 11/33/31 39/34/32 10/35/33
f 10/35/33 39/34/32 40/36/34
f 10/35/33 40/36/34 9/37/35
f 9/37/35 40/36/34 41/38/36
f 9/37/35 41/38/36 8/39/37
f 8/39/37 41/38/36 42/40/38
f 8/39/37 42/40/38 7/41/39
f 7/41/39 42/40/38 43/42/40
f 7/41/39 43/42/40 6/43/41
f 6/43/41 43/42/40 44/44/42
f 6/43/41 44/44/42 5/45/43
f 5/45/43 44/44/42 45/46/44
f 5/45/43 45/46/44 4/47/45
f 4/47/45 45/46/44 46/48/46
f 4/47/45 46/48/46 3/49/47
f 3/49/47 46/48/46 47/50/48
f 3/49/47 47/50/48 2/1/1
f 2/1/1 47/50/48 48/2/2
f 50/51/49 96/52/50 49/53/51
f 49/53/51 96/52/50 73/54/52
f 49/55/51 73/56/52 72/57/53
f 72/57/53 73/56/52 74/58/54
f 72/57/53 74/58/54 71/59/55
f 71/59/55 74/58/54 75/60/56
f 71/59/55 75/60/56 70/61/57
f 70/61/57 75/60/56 76/62/58
f 70/61/57 76/62/58 69/63/59
f 69/63/59 76/62/58 77/64/60
f 69/63/59 77/64/60 68/65/61
f 68/65/61 77/64/60 78/66/62
f 68/65/61 78/66/62 67/67/63
f 67/67/63 78/66/62 79/68/64
f 67/67/63 79/68/64 66/69/65
f 66/69/65 79/68/64 80/70/66
f 66/69/65 80/70/66 65/71/67
f 65/71/67 80/70/66 81/72/68
f 65/71/67 81/72/68 64/73/69
f 64/73/69 81/72/68 82/74/70
f 64/73/69 82/74/70 63/75/71
f 63/75/71 82/74/70 83/76/72
f 63/75/71 83/76/72 62/77/73
f 62/77/73 83/76/72 84/78/74
f 62/77/73 84/78/74 61/79/75
f 61/79/75 84/78/74 85/80/76
f 61/79/75 85/80/76 60/81/77
f 60/81/77 85/80/76 86/82/78
f 60/81/77 86/82/78 59/83/79
f 59/83/79 86/82/78 87/84/80
f 59/83/79 87/84/80 58/85/81
f 58/85/81 87/84/80 88/86/82
f 58/85/81 88/86/82 57/87/83
f 57/87/83 88/86/82 89/88/84
f 57/87/83 89/88/84 56/89/85
f 56/89/85 89/88/84 90/90/86
f 56/89/85 90/90/86 55/91/87
f 55/91/87 90/90/86 91/92/88
f 55/91/87 91/92/88 54/93/89
f 54/93/89 91/92/88 92/94/90
f 54/93/89 92/94/90 53/95/91
f 53/95/91 92/94/90 93/96/92
f 53/95/91 93/96/92 52/97/93
f 52/97/93 93/96/92 94/98/94
f 52/97/93 94/98/94 51/99/95
f 51/99/95 94/98/94 95/100/96
f 51/99/95 95/100/96 50/51/49
f 50/51/49 95/100/96 96/52/50
f 98/101/97 144/102/98 97/103/99
f 97/103/99 144/102/98 121/104/100
f 97/105/99 121/106/100 120/107/101
f 120/107/101 121/106/100 122/108/102
f 120/107/101 122/108/102 119/109/103
f 119/109/103 122/108/102 123/110/104
f 119/109/103 123/110/104 118/111/105
f 118/111/105 123/110/104 124/112/106
f 118/111/105 124/112/106 117/113/107
f 117/113/107 124/112/106 125/114/108
f 117/113/107 125/114/108 116/115/109
f 116/115/109 125/114/108 126/116/110
f 116/115/109 126/116/110 115/117/111
f 115/117/111 126/116/110 127/118/112
f 115/117/111 127/118/112 114/119/113
f 114/119/113 127/118/112 128/120/114
f 114/119/113 128/120/114 113/121/115
f 113/121/115 128/120/114 129/122/116
f 113/121/115 129/122/116 112/123/117
f 112/123/117 129/122/116 130/124/118
f 112/123/117 130/124/118 111/125/119
f 111/125/119 130/124/118 131/126/120
f 111/125/119 131/126/120 110/127/121
f 110/127/121 131/126/120 132/128/122
f 110/127/121 132/128/122 109/129/123
f 109/129/123 132/128/122 133/130/124
f 109/129/123 133/130/124 108/131/125
f 108/131/125 133/130/124 134/132/126
f 108/131/125 134/132/126 107/133/127
f 107/133/127 134/132/126 135/134/128
f 107/133/127 135/134/128 106/135/129
f 106/135/129 135/134/128 136/136/130
f 106/135/129 136/136/130 105/137/131
f 105/137/131 136/136/130 137/138/132
f 105/137/131 137/138/132 104/139/133
f 104/139/133 137/138/132 138/140/134
f 104/139/133 138/140/134 103/141/135
f 103/141/135 138/140/134 139/142/136
f 103/141/135 139/142/136 102/143/137
f 102/143/137 139/142/136 140/144/138
f 102/143/137 140/144/138 101/145/139
f 101/145/139 140/144/138 141/146/140
f 101/145/139 141/146/140 100/147/141
f 100/147/141 141/146/140 142/148/142
f 100/147/141 142/148/142 99/149/143
f 99/149/143 142/148/142 143/150/144
f 99/149/143 143/150/144 98/101/97
f 98/101/97 143/150/144 144/102/98
f 146/151/145 192/152/146 145/153/147
f 145/153/147 192/152/146 169/154/148
f 145/155/147 169/156/148 168/157/149
f 168/157/149 169/156/148 170/158/150
f 168/157/149 170/158/150 167/159/151
f 167/159/151 170/158/150 171/160/152
f 167/159/151 171/160/152 166/161/153
f 166/161/153 171/160/152 172/162/154
f 166/161/153 172/162/154 165/163/155
f 165/163/155 172/162/154 173/164/156
f 165/163/155 173/164/156 164/165/157
f 164/165/157 173/164/156 174/166/158
f 164/165/157 174/166/158 163/167/159
f 163/167/159 174/166/158 175/168/160
f 163/167/159 175/168/160 162/169/161
f 162/169/161 175/168/160 176/170/162
f 162/169/161 176/170/162 161/171/163
f 161/171/163 176/170/162 177/172/164
f 161/171/163 177/172/164 160/173/165
f 160/173/165 177/172/164 178/174/166
f 160/173/165 178/174/166 159/175/167
f 159/175/167 178/174/166 179/176/168
f 159/175/167 179/176/168 158/177/169
f 158/177/169 179/176/168 180/178/170
f 158/177/169 180/178/170 157/179/171
f 157/179/171 180/178/170 181/180/172
f 157/179/171 181/180/172 156/181/173
f 156/181/173 181/180/172 182/182/174
f 156/181/173 182/182/174 155/183/175
f 155/183/175 182/182/174 183/184/176
f 155/183/175 183/184/176 154/185/177
f 154/185/177 183/184/176 184/186/178
f 154/185/177 184/186/178 153/187/179
f 153/187/179 184/186/178 185/188/180
f 153/187/179 185/188/180 152/189/181
f 152/189/181 185/188/180 186/190/182
f 152/189/181 186/190/182 151/191/183
f 151/191/183 186/190/182 187/192/184
f 151/191/183 187/192/184 150/193/185
f 150/193/185 187/192/184 188/194/186
f 150/193/185 188/194/186 149/195/187
f 149/195/187 188/194/186 189/196/188
f 149/195/187 189/196/188 148/197/189
f 148/197/189 189/196/188 190/198/190
f 148/197/189 190/198/190 147/199/191
f 147/199/191 190/198/190 191/200/192
f 147/199/191 191/200/192 146/151/145
f 146/151/145 191/200/192 192/152/146
f 297/201/193 193/202/194 51/203/195
f 51/203/195 193/202/194 194/204/196
f 51/203/195 194/204/196 52/205/197
f 52/205/197 194/204/196 195/206/198
f 52/205/197 195/206/198 53/207/199
f 53/207/199 195/206/198 54/208/200
f 54/208/200 195/206/198 55/209/201
f 55/209/201 195/206/198 19/210/202
f 55/209/201 19/210/202 56/211/203
f 56/211/203 19/210/202 57/212/204
f 57/212/204 19/210/202 58/213/205
f 58/213/205 19/210/202 59/214/206
f 59/214/206 19/210/202 150/215/207
f 59/214/206 150/215/207 60/216/208
f 60/216/208 150/215/207 149/217/209
f 60/216/208 149/217/209 61/218/210
f 61/218/210 149/217/209 148/219/211
f 61/218/210 148/219/211 62/220/212
f 62/220/212 148/219/211 147/221/213
f 62/220/212 147/221/213 63/222/214
f 63/222/214 147/221/213 146/223/215
f 63/222/214 146/223/215 64/224/216
f 64/224/216 146/223/215 145/225/217
f 64/224/216 145/225/217 65/226/218
f 65/226/218 145/225/217 168/227/219
f 65/226/218 168/227/219 66/228/220
f 66/228/220 168/227/219 167/229/221
f 66/228/220 167/229/221 67/230/222
f 67/230/222 167/229/221 166/231/223
f 67/230/222 166/231/223 290/232/224
f 290/232/224 166/231/223 165/233/225
f 290/232/224 165/233/225 164/234/226
f 196/235/227 402/236/228 195/206/198
f 195/206/198 402/236/228 403/237/229
f 195/206/198 403/237/229 404/238/230
f 196/235/227 197/239/231 402/236/228
f 402/236/228 197/239/231 401/240/232
f 401/240/232 197/239/231 400/241/233
f 400/241/233 197/239/231 399/242/234
f 399/242/234 197/239/231 398/243/235
f 398/243/235 197/239/231 397/244/236
f 397/244/236 197/239/231 198/245/237
f 397/244/236 198/245/237 396/246/238
f 396/246/238 198/245/237 395/247/239
f 395/247/239 198/245/237 199/248/240
f 395/247/239 199/248/240 394/249/241
f 394/249/241 199/248/240 425/250/242
f 425/250/242 199/248/240 200/251/243
f 425/250/242 200/251/243 424/252/244
f 424/252/244 200/251/243 423/253/245
f 423/253/245 200/251/243 201/254/246
f 423/253/245 201/254/246 422/255/247
f 422/255/247 201/254/246 421/256/248
f 421/256/248 201/254/246 202/257/249
f 421/256/248 202/257/249 420/258/250
f 420/258/250 202/257/249 419/259/251
f 419/259/251 202/257/249 203/260/252
f 419/259/251 203/260/252 418/261/253
f 418/261/253 203/260/252 417/262/254
f 417/262/254 203/260/252 204/263/255
f 417/262/254 204/263/255 416/264/256
f 416/264/256 204/263/255 205/265/257
f 416/264/256 205/265/257 415/266/258
f 415/266/258 205/265/257 206/267/259
f 415/266/258 206/267/259 414/268/260
f 414/268/260 206/267/259 207/269/261
f 414/268/260 207/269/261 208/270/262
f 209/271/263 99/272/264 208/270/262
f 208/270/262 99/272/264 413/273/265
f 208/270/262 413/273/265 414/268/260
f 209/271/263 210/274/266 99/272/264
f 99/272/264 210/274/266 100/275/267
f 100/275/267 210/274/266 211/276/268
f 100/275/267 211/276/268 212/277/269
f 100/275/267 212/277/269 101/278/270
f 101/278/270 212/277/269 213/279/271
f 101/278/270 213/279/271 214/280/272
f 101/278/270 214/280/272 102/281/273
f 102/281/273 214/280/272 215/282/274
f 102/281/273 215/282/274 216/283/275
f 102/281/273 216/283/275 103/284/276
f 103/284/276 216/283/275 217/285/277
f 103/284/276 217/285/277 218/286/278
f 103/284/276 218/286/278 104/287/279
f 104/287/279 218/286/278 219/288/280
f 104/287/279 219/288/280 298/289/281
f 298/289/281 219/288/280 220/290/282
f 298/289/281 220/290/282 329/291/283
f 329/291/283 220/290/282 221/292/284
f 329/291/283 221/292/284 328/293/285
f 328/293/285 221/292/284 222/294/286
f 328/293/285 222/294/286 327/295/287
f 327/295/287 222/294/286 223/296/288
f 327/295/287 223/296/288 326/297/289
f 326/297/289 223/296/288 325/298/290
f 325/298/290 223/296/288 224/299/291
f 325/298/290 224/299/291 324/300/292
f 324/300/292 224/299/291 323/301/293
f 323/301/293 224/299/291 225/302/294
f 323/301/293 225/302/294 322/303/295
f 322/303/295 225/302/294 321/304/296
f 321/304/296 225/302/294 226/305/297
f 321/304/296 226/305/297 320/306/298
f 320/306/298 226/305/297 319/307/299
f 319/307/299 226/305/297 227/308/300
f 319/307/299 227/308/300 318/309/301
f 318/309/301 227/308/300 317/310/302
f 317/310/302 227/308/300 228/311/303
f 317/310/302 228/311/303 316/312/304
f 316/312/304 228/311/303 315/313/305
f 315/313/305 228/311/303 229/314/306
f 315/313/305 229/314/306 314/315/307
f 314/315/307 229/314/306 230/316/308
f 314/315/307 230/316/308 313/317/309
f 313/317/309 230/316/308 312/318/310
f 312/318/310 230/316/308 231/319/311
f 312/318/310 231/319/311 311/320/312
f 311/320/312 231/319/311 232/321/313
f 311/320/312 232/321/313 310/322/314
f 310/322/314 232/321/313 233/323/315
f 310/322/314 233/323/315 234/324/316
f 235/325/317 10/326/318 234/324/316
f 234/324/316 10/326/318 9/327/319
f 234/324/316 9/327/319 309/328/320
f 309/328/320 9/327/319 308/329/321
f 308/329/321 9/327/319 8/330/322
f 308/329/321 8/330/322 307/331/323
f 307/331/323 8/330/322 7/332/324
f 307/331/323 7/332/324 306/333/325
f 306/333/325 7/332/324 6/334/326
f 306/333/325 6/334/326 305/335/327
f 305/335/327 6/334/326 5/336/328
f 305/335/327 5/336/328 304/337/329
f 304/337/329 5/336/328 109/338/330
f 304/337/329 109/338/330 108/339/331
f 235/325/317 236/340/332 10/326/318
f 10/326/318 236/340/332 11/341/333
f 11/341/333 236/340/332 237/342/334
f 11/341/333 237/342/334 238/343/335
f 11/341/333 238/343/335 12/344/336
f 12/344/336 238/343/335 239/345/337
f 12/344/336 239/345/337 240/346/338
f 12/344/336 240/346/338 13/347/339
f 13/347/339 240/346/338 241/348/340
f 13/347/339 241/348/340 242/349/341
f 13/347/339 242/349/341 14/350/342
f 14/350/342 242/349/341 243/351/343
f 14/350/342 243/351/343 244/352/344
f 245/353/345 354/354/346 244/352/344
f 244/352/344 354/354/346 355/355/347
f 244/352/344 355/355/347 15/356/348
f 15/356/348 355/355/347 356/357/349
f 15/356/348 356/357/349 16/358/350
f 16/358/350 356/357/349 357/359/351
f 16/358/350 357/359/351 17/360/352
f 17/360/352 357/359/351 358/361/353
f 17/360/352 358/361/353 18/362/354
f 18/362/354 358/361/353 359/363/355
f 18/362/354 359/363/355 19/210/202
f 19/210/202 359/363/355 360/364/356
f 19/210/202 360/364/356 154/365/357
f 154/365/357 360/364/356 155/366/358
f 155/366/358 360/364/356 361/367/359
f 155/366/358 361/367/359 156/368/360
f 156/368/360 361/367/359 330/369/361
f 156/368/360 330/369/361 157/370/362
f 157/370/362 330/369/361 331/371/363
f 157/370/362 331/371/363 332/372/364
f 245/353/345 246/373/365 354/354/346
f 354/354/346 246/373/365 353/374/366
f 353/374/366 246/373/365 247/375/367
f 353/374/366 247/375/367 352/376/368
f 352/376/368 247/375/367 248/377/369
f 352/376/368 248/377/369 351/378/370
f 351/378/370 248/377/369 249/379/371
f 351/378/370 249/379/371 350/380/372
f 350/380/372 249/379/371 250/381/373
f 350/380/372 250/381/373 349/382/374
f 349/382/374 250/381/373 348/383/375
f 348/383/375 250/381/373 251/384/376
f 348/383/375 251/384/376 347/385/377
f 347/385/377 251/384/376 346/386/378
f 346/386/378 251/384/376 252/387/379
f 346/386/378 252/387/379 345/388/380
f 345/388/380 252/387/379 344/389/381
f 344/389/381 252/387/379 253/390/382
f 344/389/381 253/390/382 343/391/383
f 343/391/383 253/390/382 342/392/384
f 342/392/384 253/390/382 254/393/385
f 342/392/384 254/393/385 341/394/386
f 341/394/386 254/393/385 340/395/387
f 340/395/387 254/393/385 255/396/388
f 340/395/387 255/396/388 339/397/389
f 339/397/389 255/396/388 338/398/390
f 338/398/390 255/396/388 256/399/391
f 338/398/390 256/399/391 257/400/392
f 257/400/392 258/401/393 338/398/390
f 338/398/390 258/401/393 259/402/394
f 338/398/390 259/402/394 260/403/395
f 338/398/390 260/403/395 159/404/396
f 159/404/396 260/403/395 261/405/397
f 159/404/396 261/405/397 262/406/398
f 262/406/398 263/407/399 159/404/396
f 159/404/396 263/407/399 160/408/400
f 160/408/400 263/407/399 264/409/401
f 160/408/400 264/409/401 265/410/402
f 160/408/400 265/410/402 161/411/403
f 161/411/403 265/410/402 266/412/404
f 161/411/403 266/412/404 267/413/405
f 161/411/403 267/413/405 162/414/406
f 162/414/406 267/413/405 268/415/407
f 162/414/406 268/415/407 163/416/408
f 163/416/408 268/415/407 269/417/409
f 163/416/408 269/417/409 270/418/410
f 270/418/410 271/419/411 163/416/408
f 163/416/408 271/419/411 378/420/412
f 163/416/408 378/420/412 379/421/413
f 271/419/411 272/422/414 378/420/412
f 378/420/412 272/422/414 377/423/415
f 377/423/415 272/422/414 273/424/416
f 377/423/415 273/424/416 376/425/417
f 376/425/417 273/424/416 274/426/418
f 376/425/417 274/426/418 375/427/419
f 375/427/419 274/426/418 275/428/420
f 375/427/419 275/428/420 374/429/421
f 374/429/421 275/428/420 276/430/422
f 374/429/421 276/430/422 373/431/423
f 373/431/423 276/430/422 372/432/424
f 372/432/424 276/430/422 277/433/425
f 372/432/424 277/433/425 371/434/426
f 371/434/426 277/433/425 370/435/427
f 370/435/427 277/433/425 278/436/428
f 370/435/427 278/436/428 279/437/429
f 279/437/429 280/438/430 370/435/427
f 370/435/427 280/438/430 281/439/431
f 370/435/427 281/439/431 369/440/432
f 369/440/432 281/439/431 368/441/433
f 368/441/433 281/439/431 367/442/434
f 367/442/434 281/439/431 366/443/435
f 366/443/435 281/439/431 365/444/436
f 365/444/436 281/439/431 364/445/437
f 364/445/437 281/439/431 363/446/438
f 363/446/438 281/439/431 282/447/439
f 363/446/438 282/447/439 362/448/440
f 362/448/440 282/447/439 393/449/441
f 393/449/441 282/447/439 283/450/442
f 393/449/441 283/450/442 392/451/443
f 392/451/443 283/450/442 284/452/444
f 392/451/443 284/452/444 391/453/445
f 391/453/445 284/452/444 285/454/446
f 391/453/445 285/454/446 390/455/447
f 390/455/447 285/454/446 286/456/448
f 390/455/447 286/456/448 389/457/449
f 389/457/449 286/456/448 287/458/450
f 389/457/449 287/458/450 288/459/451
f 389/457/449 288/459/451 388/460/452
f 388/460/452 288/459/451 289/461/453
f 388/460/452 289/461/453 290/232/224
f 290/232/224 291/462/454 67/230/222
f 67/230/222 291/462/454 292/463/455
f 67/230/222 292/463/455 293/464/456
f 293/464/456 294/465/457 67/230/222
f 67/230/222 294/465/457 68/466/458
f 68/466/458 294/465/457 69/467/459
f 69/467/459 294/465/457 70/468/460
f 70/468/460 294/465/457 71/469/461
f 71/469/461 294/465/457 72/470/462
f 72/470/462 294/465/457 49/471/463
f 49/471/463 294/465/457 50/472/464
f 50/472/464 294/465/457 295/473/465
f 50/472/464 295/473/465 296/474/466
f 296/474/466 297/201/193 50/472/464
f 50/472/464 297/201/193 51/203/195
f 24/475/467 113/476/468 1/477/469
f 1/477/469 113/476/468 112/478/470
f 1/477/469 112/478/470 2/479/471
f 2/479/471 112/478/470 111/480/472
f 2/479/471 111/480/472 3/481/473
f 3/481/473 111/480/472 110/482/474
f 3/481/473 110/482/474 4/483/475
f 4/483/475 110/482/474 109/338/330
f 4/483/475 109/338/330 5/336/328
f 113/476/468 24/475/467 114/484/476
f 114/484/476 24/475/467 23/485/477
f 114/484/476 23/485/477 115/486/478
f 115/486/478 23/485/477 22/487/479
f 115/486/478 22/487/479 116/488/480
f 116/488/480 22/487/479 405/489/481
f 116/488/480 405/489/481 406/490/482
f 405/489/481 22/487/479 404/238/230
f 404/238/230 22/487/479 21/491/483
f 404/238/230 21/491/483 195/206/198
f 195/206/198 21/491/483 20/492/484
f 195/206/198 20/492/484 19/210/202
f 15/356/348 14/350/342 244/352/344
f 120/493/485 411/494/486 97/495/487
f 97/495/487 411/494/486 412/496/488
f 97/495/487 412/496/488 98/497/489
f 98/497/489 412/496/488 413/273/265
f 98/497/489 413/273/265 99/272/264
f 120/493/485 119/498/490 411/494/486
f 411/494/486 119/498/490 118/499/491
f 411/494/486 118/499/491 117/500/492
f 411/494/486 117/500/492 410/501/493
f 410/501/493 117/500/492 116/488/480
f 410/501/493 116/488/480 409/502/494
f 409/502/494 116/488/480 408/503/495
f 408/503/495 116/488/480 407/504/496
f 407/504/496 116/488/480 406/490/482
f 304/337/329 108/339/331 303/505/497
f 303/505/497 108/339/331 107/506/498
f 303/505/497 107/506/498 302/507/499
f 302/507/499 107/506/498 301/508/500
f 301/508/500 107/506/498 106/509/501
f 301/508/500 106/509/501 300/510/502
f 300/510/502 106/509/501 105/511/503
f 300/510/502 105/511/503 299/512/504
f 299/512/504 105/511/503 104/287/279
f 299/512/504 104/287/279 298/289/281
f 164/234/226 163/416/408 290/232/224
f 290/232/224 163/416/408 386/513/505
f 290/232/224 386/513/505 387/514/506
f 158/515/507 333/516/508 159/404/396
f 159/404/396 333/516/508 334/517/509
f 159/404/396 334/517/509 335/518/510
f 333/516/508 158/515/507 332/372/364
f 332/372/364 158/515/507 157/370/362
f 154/365/357 153/519/511 19/210/202
f 19/210/202 153/519/511 152/520/512
f 19/210/202 152/520/512 151/521/513
f 151/521/513 150/215/207 19/210/202
f 309/328/320 310/322/314 234/324/316
f 335/518/510 336/522/514 159/404/396
f 159/404/396 336/522/514 337/523/515
f 159/404/396 337/523/515 338/398/390
f 379/421/413 380/524/516 163/416/408
f 163/416/408 380/524/516 381/525/517
f 163/416/408 381/525/517 382/526/518
f 382/526/518 383/527/519 163/416/408
f 163/416/408 383/527/519 384/528/520
f 163/416/408 384/528/520 385/529/521
f 385/529/521 386/513/505 163/416/408
f 387/514/506 388/460/452 290/232/224
f 329/530/522 457/531/523 298/532/524
f 298/532/524 457/531/523 426/533/525
f 298/534/524 426/535/525 299/536/526
f 299/536/526 426/535/525 427/537/527
f 299/536/526 427/537/527 300/538/528
f 300/538/528 427/537/527 428/539/529
f 300/538/528 428/539/529 301/540/530
f 301/540/530 428/539/529 429/541/531
f 301/540/530 429/541/531 302/542/532
f 302/542/532 429/541/531 430/543/533
f 302/542/532 430/543/533 303/544/534
f 303/544/534 430/543/533 431/545/535
f 303/544/534 431/545/535 304/546/536
f 304/546/536 431/545/535 432/547/537
f 304/546/536 432/547/537 305/548/538
f 305/548/538 432/547/537 433/549/539
f 305/548/538 433/549/539 306/550/540
f 306/550/540 433/549/539 434/551/541
f 306/550/540 434/551/541 307/552/542
f 307/552/542 434/551/541 435/553/543
f 307/552/542 435/553/543 308/554/544
f 308/554/544 435/553/543 436/555/545
f 308/554/544 436/555/545 309/556/546
f 309/556/546 436/555/545 437/557/547
f 309/556/546 437/557/547 310/558/548
f 310/558/548 437/557/547 438/559/549
f 310/558/548 438/559/549 311/560/550
f 311/560/550 438/559/549 439/561/551
f 311/560/550 439/561/551 312/562/552
f 312/562/552 439/561/551 440/563/553
f 312/562/552 440/563/553 313/564/554
f 313/564/554 440/563/553 441/565/555
f 313/564/554 441/565/555 314/566/556
f 314/566/556 441/565/555 442/567/557
f 314/566/556 442/567/557 315/568/558
f 315/568/558 442/567/557 443/569/559
f 315/568/558 443/569/559 316/570/560
f 316/570/560 443/569/559 444/571/561
f 316/570/560 444/571/561 317/572/562
f 317/572/562 444/571/561 445/573/563
f 317/572/562 445/573/563 318/574/564
f 318/574/564 445/573/563 446/575/565
f 318/574/564 446/575/565 319/576/566
f 319/576/566 446/575/565 447/577/567
f 319/576/566 447/577/567 320/578/568
f 320/578/568 447/577/567 448/579/569
f 320/578/568 448/579/569 321/580/570
f 321/580/570 448/579/569 449/581/571
f 321/580/570 449/581/571 322/582/572
f 322/582/572 449/581/571 450/583/573
f 322/582/572 450/583/573 323/584/574
f 323/584/574 450/583/573 451/585/575
f 323/584/574 451/585/575 324/586/576
f 324/586/576 451/585/575 452/587/577
f 324/586/576 452/587/577 325/588/578
f 325/588/578 452/587/577 453/589/579
f 325/588/578 453/589/579 326/590/580
f 326/590/580 453/589/579 454/591/581
f 326/590/580 454/591/581 327/592/582
f 327/592/582 454/591/581 455/593/583
f 327/592/582 455/593/583 328/594/584
f 328/594/584 455/593/583 456/595/585
f 328/594/584 456/595/585 329/530/522
f 329/530/522 456/595/585 457/531/523
f 361/596/586 489/597/587 330/598/588
f 330/598/588 489/597/587 458/599/589
f 330/600/588 458/601/589 331/602/590
f 331/602/590 458/601/589 459/603/591
f 331/602/590 459/603/591 332/604/592
f 332/604/592 459/603/591 460/605/593
f 332/604/592 460/605/593 333/606/594
f 333/606/594 460/605/593 461/607/595
f 333/606/594 461/607/595 334/608/596
f 334/608/596 461/607/595 462/609/597
f 334/608/596 462/609/597 335/610/598
f 335/610/598 462/609/597 463/611/599
f 335/610/598 463/611/599 336/612/600
f 336/612/600 463/611/599 464/613/601
f 336/612/600 464/613/601 337/614/602
f 337/614/602 464/613/601 465/615/603
f 337/614/602 465/615/603 338/616/604
f 338/616/604 465/615/603 466/617/605
f 338/616/604 466/617/605 339/618/606
f 339/618/606 466/617/605 467/619/607
f 339/618/606 467/619/607 340/620/608
f 340/620/608 467/619/607 468/621/609
f 340/620/608 468/621/609 341/622/610
f 341/622/610 468/621/609 469/623/611
f 341/622/610 469/623/611 342/624/612
f 342/624/612 469/623/611 470/625/613
f 342/624/612 470/625/613 343/626/614
f 343/626/614 470/625/613 471/627/615
f 343/626/614 471/627/615 344/628/616
f 344/628/616 471/627/615 472/629/617
f 344/628/616 472/629/617 345/630/618
f 345/630/618 472/629/617 473/631/619
f 345/630/618 473/631/619 346/632/620
f 346/632/620 473/631/619 474/633/621
f 346/632/620 474/633/621 347/634/622
f 347/634/622 474/633/621 475/635/623
f 347/634/622 475/635/623 348/636/624
f 348/636/624 475/635/623 476/637/625
f 348/636/624 476/637/625 349/638/626
f 349/638/626 476/637/625 477/639/627
f 349/638/626 477/639/627 350/640/628
f 350/640/628 477/639/627 478/641/629
f 350/640/628 478/641/629 351/642/630
f 351/642/630 478/641/629 479/643/631
f 351/642/630 479/643/631 352/644/632
f 352/644/632 479/643/631 480/645/633
f 352/644/632 480/645/633 353/646/634
f 353/646/634 480/645/633 481/647/635
f 353/646/634 481/647/635 354/648/636
f 354/648/636 481/647/635 482/649/637
f 354/648/636 482/649/637 355/650/638
f 355/650/638 482/649/637 483/651/639
f 355/650/638 483/651/639 356/652/640
f 356/652/640 483/651/639 484/653/641
f 356/652/640 484/653/641 357/654/642
f 357/654/642 484/653/641 485/655/643
f 357/654/642 485/655/643 358/656/644
f 358/656/644 485/655/643 486/657/645
f 358/656/644 486/657/645 359/658/646
f 359/658/646 486/657/645 487/659/647
f 359/658/646 487/659/647 360/660/648
f 360/660/648 487/659/647 488/661/649
f 360/660/648 488/661/649 361/596/586
f 361/596/586 488/661/649 489/597/587
f 393/662/650 521/663/651 362/664/652
f 362/664/652 521/663/651 490/665/653
f 362/666/652 490/667/653 363/668/654
f 363/668/654 490/667/653 491/669/655
f 363/668/654 491/669/655 364/670/656
f 364/670/656 491/669/655 492/671/657
f 364/670/656 492/671/657 365/672/658
f 365/672/658 492/671/657 493/673/659
f 365/672/658 493/673/659 366/674/660
f 366/674/660 493/673/659 494/675/661
f 366/674/660 494/675/661 367/676/662
f 367/676/662 494/675/661 495/677/663
f 367/676/662 495/677/663 368/678/664
f 368/678/664 495/677/663 496/679/665
f 368/678/664 496/679/665 369/680/666
f 369/680/666 496/679/665 497/681/667
f 369/680/666 497/681/667 370/682/668
f 370/682/668 497/681/667 498/683/669
f 370/682/668 498/683/669 371/684/670
f 371/684/670 498/683/669 499/685/671
f 371/684/670 499/685/671 372/686/672
f 372/686/672 499/685/671 500/687/673
f 372/686/672 500/687/673 373/688/674
f 373/688/674 500/687/673 501/689/675
f 373/688/674 501/689/675 374/690/676
f 374/690/676 501/689/675 502/691/677
f 374/690/676 502/691/677 375/692/678
f 375/692/678 502/691/677 503/693/679
f 375/692/678 503/693/679 376/694/680
f 376/694/680 503/693/679 504/695/681
f 376/694/680 504/695/681 377/696/682
f 377/696/682 504/695/681 505/697/683
f 377/696/682 505/697/683 378/698/684
f 378/698/684 505/697/683 506/699/685
f 378/698/684 506/699/685 379/700/686
f 379/700/686 506/699/685 507/701/687
f 379/700/686 507/701/687 380/702/688
f 380/702/688 507/701/687 508/703/689
f 380/702/688 508/703/689 381/704/690
f 381/704/690 508/703/689 509/705/691
f 381/704/690 509/705/691 382/706/692
f 382/706/692 509/705/691 510/707/693
f 382/706/692 510/707/693 383/708/694
f 383/708/694 510/707/693 511/709/695
f 383/708/694 511/709/695 384/710/696
f 384/710/696 511/709/695 512/711/697
f 384/710/696 512/711/697 385/712/698
f 385/712/698 512/711/697 513/713/699
f 385/712/698 513/713/699 386/714/700
f 386/714/700 513/713/699 514/715/701
f 386/714/700 514/715/701 387/716/702
f 387/716/702 514/715/701 515/717/703
f 387/716/702 515/717/703 388/718/704
f 388/718/704 515/717/703 516/719/705
f 388/718/704 516/719/705 389/720/706
f 389/720/706 516/719/705 517/721/707
f 389/720/706 517/721/707 390/722/708
f 390/722/708 517/721/707 518/723/709
f 390/722/708 518/723/709 391/724/710
f 391/724/710 518/723/709 519/725/711
f 391/724/710 519/725/711 392/726/712
f 392/726/712 519/725/711 520/727/713
f 392/726/712 520/727/713 393/662/650
f 393/662/650 520/727/713 521/663/651
f 425/728/714 553/729/715 394/730/716
f 394/730/716 553/729/715 522/731/717
f 394/732/716 522/733/717 395/734/718
f 395/734/718 522/733/717 523/735/719
f 395/734/718 523/735/719 396/736/720
f 396/736/720 523/735/719 524/737/721
f 396/736/720 524/737/721 397/738/722
f 397/738/722 524/737/721 525/739/723
f 397/738/722 525/739/723 398/740/724
f 398/740/724 525/739/723 526/741/725
f 398/740/724 526/741/725 399/742/726
f 399/742/726 526/741/725 527/743/727
f 399/742/726 527/743/727 400/744/728
f 400/744/728 527/743/727 528/745/729
f 400/744/728 528/745/729 401/746/730
f 401/746/730 528/745/729 529/747/731
f 401/746/730 529/747/731 402/748/732
f 402/748/732 529/747/731 530/749/733
f 402/748/732 530/749/733 403/750/734
f 403/750/734 530/749/733 531/751/735
f 403/750/734 531/751/735 404/752/736
f 404/752/736 531/751/735 532/753/737
f 404/752/736 532/753/737 405/754/738
f 405/754/738 532/753/737 533/755/739
f 405/754/738 533/755/739 406/756/740
f 406/756/740 533/755/739 534/757/741
f 406/756/740 534/757/741 407/758/742
f 407/758/742 534/757/741 535/759/743
f 407/758/742 535/759/743 408/760/744
f 408/760/744 535/759/743 536/761/745
f 408/760/744 536/761/745 409/762/746
f 409/762/746 536/761/745 537/763/747
f 409/762/746 537/763/747 410/764/748
f 410/764/748 537/763/747 538/765/749
f 410/764/748 538/765/749 411/766/750
f 411/766/750 538/765/749 539/767/751
f 411/766/750 539/767/751 412/768/752
f 412/768/752 539/767/751 540/769/753
f 412/768/752 540/769/753 413/770/754
f 413/770/754 540/769/753 541/771/755
f 413/770/754 541/771/755 414/772/756
f 414/772/756 541/771/755 542/773/757
f 414/772/756 542/773/757 415/774/758
f 415/774/758 542/773/757 543/775/759
f 415/774/758 543/775/759 416/776/760
f 416/776/760 543/775/759 544/777/761
f 416/776/760 544/777/761 417/778/762
f 417/778/762 544/777/761 545/779/763
f 417/778/762 545/779/763 418/780/764
f 418/780/764 545/779/763 546/781/765
f 418/780/764 546/781/765 419/782/766
f 419/782/766 546/781/765 547/783/767
f 419/782/766 547/783/767 420/784/768
f 420/784/768 547/783/767 548/785/769
f 420/784/768 548/785/769 421/786/770
f 421/786/770 548/785/769 549/787/771
f 421/786/770 549/787/771 422/788/772
f 422/788/772 549/787/771 550/789/773
f 422/788/772 550/789/773 423/790/774
f 423/790/774 550/789/773 551/791/775
f 423/790/774 551/791/775 424/792/776
f 424/792/776 551/791/775 552/793/777
f 424/792/776 552/793/777 425/728/714
f 425/728/714 552/793/777 553/729/715
f 297/794/778 658/795/779 193/796/780
f 193/796/780 658/795/779 554/797/781
f 193/798/780 554/799/781 194/800/782
f 194/800/782 554/799/781 555/801/783
f 194/800/782 555/801/783 195/802/784
f 195/802/784 555/801/783 556/803/785
f 195/802/784 556/803/785 196/804/786
f 196/804/786 556/803/785 557/805/787
f 196/804/786 557/805/787 197/806/788
f 197/806/788 557/805/787 558/807/789
f 197/806/788 558/807/789 198/808/790
f 198/808/790 558/807/789 559/809/791
f 198/808/790 559/809/791 199/810/792
f 199/810/792 559/809/791 560/811/793
f 199/810/792 560/811/793 200/812/794
f 200/812/794 560/811/793 561/813/795
f 200/812/794 561/813/795 201/814/796
f 201/814/796 561/813/795 562/815/797
f 201/814/796 562/815/797 202/816/798
f 202/816/798 562/815/797 563/817/799
f 202/816/798 563/817/799 203/818/800
f 203/818/800 563/817/799 564/819/801
f 203/818/800 564/819/801 204/820/802
f 204/820/802 564/819/801 565/821/803
f 204/820/802 565/821/803 205/822/804
f 205/822/804 565/821/803 566/823/805
f 205/822/804 566/823/805 206/824/806
f 206/824/806 566/823/805 567/825/807
f 206/824/806 567/825/807 207/826/808
f 207/826/808 567/825/807 568/827/809
f 207/826/808 568/827/809 208/828/810
f 208/828/810 568/827/809 569/829/811
f 208/828/810 569/829/811 209/830/812
f 209/830/812 569/829/811 570/831/813
f 209/830/812 570/831/813 210/832/814
f 210/832/814 570/831/813 571/833/815
f 210/832/814 571/833/815 211/834/816
f 211/834/816 571/833/815 572/835/817
f 211/834/816 572/835/817 212/836/818
f 212/836/818 572/835/817 573/837/819
f 212/836/818 573/837/819 213/838/820
f 213/838/820 573/837/819 574/839/821
f 213/838/820 574/839/821 214/840/822
f 214/840/822 574/839/821 575/841/823
f 214/840/822 575/841/823 215/842/824
f 215/842/824 575/841/823 576/843/825
f 215/842/824 576/843/825 216/844/826
f 216/844/826 576/843/825 577/845/827
f 216/844/826 577/845/827 217/846/828
f 217/846/828 577/845/827 578/847/829
f 217/846/828 578/847/829 218/848/830
f 218/848/830 578/847/829 579/849/831
f 218/848/830 579/849/831 219/850/832
f 219/850/832 579/849/831 580/851/833
f 219/850/832 580/851/833 220/852/834
f 220/852/834 580/851/833 581/853/835
f 220/852/834 581/853/835 221/854/836
f 221/854/836 581/853/835 582/855/837
f 221/854/836 582/855/837 222/856/838
f 222/856/838 582/855/837 583/857/839
f 222/856/838 583/857/839 223/858/840
f 223/858/840 583/857/839 584/859/841
f 223/858/840 584/859/841 224/860/842
f 224/860/842 584/859/841 585/861/843
f 224/860/842 585/861/843 225/862/844
f 225/862/844 585/861/843 586/863/845
f 225/862/844 586/863/845 226/864/846
f 226/864/846 586/863/845 587/865/847
f 226/864/846 587/865/847 227/866/848
f 227/866/848 587/865/847 588/867/849
f 227/866/848 588/867/849 228/868/850
f 228/868/850 588/867/849 589/869/851
f 228/868/850 589/869/851 229/870/852
f 229/870/852 589/869/851 590/871/853
f 229/870/852 590/871/853 230/872/854
f 230/872/854 590/871/853 591/873/855
f 230/872/854 591/873/855 231/874/856
f 231/874/856 591/873/855 592/875/857
f 231/874/856 592/875/857 232/876/858
f 232/876/858 592/875/857 593/877/859
f 232/876/858 593/877/859 233/878/860
f 233/878/860 593/877/859 594/879/861
f 233/878/860 594/879/861 234/880/862
f 234/880/862 594/879/861 595/881/863
f 234/880/862 595/881/863 235/882/864
f 235/882/864 595/881/863 596/883/865
f 235/882/864 596/883/865 236/884/866
f 236/884/866 596/883/865 597/885/867
f 236/884/866 597/885/867 237/886/868
f 237/886/868 597/885/867 598/887/869
f 237/886/868 598/887/869 238/888/870
f 238/888/870 598/887/869 599/889/871
f 238/888/870 599/889/871 239/890/872
f 239/890/872 599/889/871 600/891/873
f 239/890/872 600/891/873 240/892/874
f 240/892/874 600/891/873 601/893/875
f 240/892/874 601/893/875 241/894/876
f 241/894/876 601/893/875 602/895/877
f 241/894/876 602/895/877 242/896/878
f 242/896/878 602/895/877 603/897/879
f 242/896/878 603/897/879 243/898/880
f 243/898/880 603/897/879 604/899/881
f 243/898/880 604/899/881 244/900/882
f 244/900/882 604/899/881 605/901/883
f 244/900/882 605/901/883 245/902/884
f 245/902/884 605/901/883 606/903/885
f 245/902/884 606/903/885 246/904/886
f 246/904/886 606/903/885 607/905/887
f 246/904/886 607/905/887 247/906/888
f 247/906/888 607/905/887 608/907/889
f 247/906/888 608/907/889 248/908/890
f 248/908/890 608/907/889 609/909/891
f 248/908/890 609/909/891 249/910/892
f 249/910/892 609/909/891 610/911/893
f 249/910/892 610/911/893 250/912/894
f 250/912/894 610/911/893 611/913/895
f 250/912/894 611/913/895 251/914/896
f 251/914/896 611/913/895 612/915/897
f 251/914/896 612/915/897 252/916/898
f 252/916/898 612/915/897 613/917/899
f 252/916/898 613/917/899 253/918/900
f 253/918/900 613/917/899 614/919/901
f 253/918/900 614/919/901 254/920/902
f 254/920/902 614/919/901 615/921/903
f 254/920/902 615/921/903 255/922/904
f 255/922/904 615/921/903 616/923/905
f 255/922/904 616/923/905 256/924/906
f 256/924/906 616/923/905 617/925/907
f 256/924/906 617/925/907 257/926/908
f 257/926/908 617/925/907 618/927/909
f 257/926/908 618/927/909 258/928/910
f 258/928/910 618/927/909 619/929/911
f 258/928/910 619/929/911 259/930/912
f 259/930/912 619/929/911 620/931/913
f 259/930/912 620/931/913 260/932/914
f 260/932/914 620/931/913 621/933/915
f 260/932/914 621/933/915 261/934/916
f 261/934/916 621/933/915 622/935/917
f 261/934/916 622/935/917 262/936/918
f 262/936/918 622/935/917 623/937/919
f 262/936/918 623/937/919 263/938/920
f 263/938/920 623/937/919 624/939/921
f 263/938/920 624/939/921 264/940/922
f 264/940/922 624/939/921 625/941/923
f 264/940/922 625/941/923 265/942/924
f 265/942/924 625/941/923 626/943/925
f 265/942/924 626/943/925 266/944/926
f 266/944/926 626/943/925 627/945/927
f 266/944/926 627/945/927 267/946/928
f 267/946/928 627/945/927 628/947/929
f 267/946/928 628/947/929 268/948/930
f 268/948/930 628/947/929 629/949/931
f 268/948/930 629/949/931 269/950/932
f 269/950/932 629/949/931 630/951/933
f 269/950/932 630/951/933 270/952/934
f 270/952/934 630/951/933 631/953/935
f 270/952/934 631/953/935 271/954/936
f 271/954/936 631/953/935 632/955/937
f 271/954/936 632/955/937 272/956/938
f 272/956/938 632/955/937 633/957/939
f 272/956/938 633/957/939 273/958/940
f 273/958/940 633/957/939 634/959/941
f 273/958/940 634/959/941 274/960/942
f 274/960/942 634/959/941 635/961/943
f 274/960/942 635/961/943 275/962/944
f 275/962/944 635/961/943 636/963/945
f 275/962/944 636/963/945 276/964/946
f 276/964/946 636/963/945 637/965/947
f 276/964/946 637/965/947 277/966/948
f 277/966/948 637/965/947 638/967/949
f 277/966/948 638/967/949 278/968/950
f 278/968/950 638/967/949 639/969/951
f 278/968/950 639/969/951 279/970/952
f 279/970/952 639/969/951 640/971/953
f 279/970/952 640/971/953 280/972/954
f 280/972/954 640/971/953 641/973/955
f 280/972/954 641/973/955 281/974/956
f 281/974/956 641/973/955 642/975/957
f 281/974/956 642/975/957 282/976/958
f 282/976/958 642/975/957 643/977/959
f 282/976/958 643/977/959 283/978/960
f 283/978/960 643/977/959 644/979/961
f 283/978/960 644/979/961 284/980/962
f 284/980/962 644/979/961 645/981/963
f 284/980/962 645/981/963 285/982/964
f 285/982/964 645/981/963 646/983/965
f 285/982/964 646/983/965 286/984/966
f 286/984/966 646/983/965 647/985/967
f 286/984/966 647/985/967 287/986/968
f 287/986/968 647/985/967 648/987/969
f 287/986/968 648/987/969 288/988/970
f 288/988/970 648/987/969 649/989/971
f 288/988/970 649/989/971 289/990/972
f 289/990/972 649/989/971 650/991/973
f 289/990/972 650/991/973 290/992/974
f 290/992/974 650/991/973 651/993/975
f 290/992/974 651/993/975 291/994/976
f 291/994/976 651/993/975 652/995/977
f 291/994/976 652/995/977 292/996/978
f 292/996/978 652/995/977 653/997/979
f 292/996/978 653/997/979 293/998/980
f 293/998/980 653/997/979 654/999/981
f 293/998/980 654/999/981 294/1000/982
f 294/1000/982 654/999/981 655/1001/983
f 294/1000/982 655/1001/983 295/1002/984
f 295/1002/984 655/1001/983 656/1003/985
f 295/1002/984 656/1003/985 296/1004/986
f 296/1004/986 656/1003/985 657/1005/987
f 296/1004/986 657/1005/987 297/794/778
f 297/794/778 657/1005/987 658/795/779
f 555/1006/988 554/1007/989 95/1008/990
f 95/1008/990 554/1007/989 658/1009/991
f 95/1008/990 658/1009/991 96/1010/992
f 96/1010/992 658/1009/991 657/1011/993
f 96/1010/992 657/1011/993 656/1012/994
f 656/1012/994 655/1013/995 96/1010/992
f 96/1010/992 655/1013/995 73/1014/996
f 73/1014/996 655/1013/995 74/1015/997
f 74/1015/997 655/1013/995 75/1016/998
f 75/1016/998 655/1013/995 76/1017/999
f 76/1017/999 655/1013/995 77/1018/1000
f 77/1018/1000 655/1013/995 78/1019/1001
f 78/1019/1001 655/1013/995 79/1020/1002
f 79/1020/1002 655/1013/995 654/1021/1003
f 79/1020/1002 654/1021/1003 653/1022/1004
f 653/1022/1004 652/1023/1005 79/1020/1002
f 79/1020/1002 652/1023/1005 651/1024/1006
f 79/1020/1002 651/1024/1006 172/1025/1007
f 172/1025/1007 651/1024/1006 173/1026/1008
f 173/1026/1008 651/1024/1006 174/1027/1009
f 174/1027/1009 651/1024/1006 175/1028/1010
f 175/1028/1010 651/1024/1006 514/1029/1011
f 175/1028/1010 514/1029/1011 513/1030/1012
f 650/1031/1013 516/1032/1014 651/1024/1006
f 651/1024/1006 516/1032/1014 515/1033/1015
f 651/1024/1006 515/1033/1015 514/1029/1011
f 650/1031/1013 649/1034/1016 516/1032/1014
f 516/1032/1014 649/1034/1016 517/1035/1017
f 517/1035/1017 649/1034/1016 648/1036/1018
f 517/1035/1017 648/1036/1018 647/1037/1019
f 517/1035/1017 647/1037/1019 518/1038/1020
f 518/1038/1020 647/1037/1019 646/1039/1021
f 518/1038/1020 646/1039/1021 519/1040/1022
f 519/1040/1022 646/1039/1021 645/1041/1023
f 519/1040/1022 645/1041/1023 520/1042/1024
f 520/1042/1024 645/1041/1023 644/1043/1025
f 520/1042/1024 644/1043/1025 521/1044/1026
f 521/1044/1026 644/1043/1025 643/1045/1027
f 521/1044/1026 643/1045/1027 490/1046/1028
f 490/1046/1028 643/1045/1027 491/1047/1029
f 491/1047/1029 643/1045/1027 642/1048/1030
f 491/1047/1029 642/1048/1030 492/1049/1031
f 492/1049/1031 642/1048/1030 493/1050/1032
f 493/1050/1032 642/1048/1030 494/1051/1033
f 494/1051/1033 642/1048/1030 495/1052/1034
f 495/1052/1034 642/1048/1030 496/1053/1035
f 496/1053/1035 642/1048/1030 497/1054/1036
f 497/1054/1036 642/1048/1030 498/1055/1037
f 498/1055/1037 642/1048/1030 641/1056/1038
f 498/1055/1037 641/1056/1038 640/1057/1039
f 640/1057/1039 639/1058/1040 498/1055/1037
f 498/1055/1037 639/1058/1040 638/1059/1041
f 498/1055/1037 638/1059/1041 499/1060/1042
f 499/1060/1042 638/1059/1041 500/1061/1043
f 500/1061/1043 638/1059/1041 637/1062/1044
f 500/1061/1043 637/1062/1044 501/1063/1045
f 501/1063/1045 637/1062/1044 502/1064/1046
f 502/1064/1046 637/1062/1044 636/1065/1047
f 502/1064/1046 636/1065/1047 503/1066/1048
f 503/1066/1048 636/1065/1047 635/1067/1049
f 503/1066/1048 635/1067/1049 504/1068/1050
f 504/1068/1050 635/1067/1049 634/1069/1051
f 504/1068/1050 634/1069/1051 505/1070/1052
f 505/1070/1052 634/1069/1051 633/1071/1053
f 505/1070/1052 633/1071/1053 506/1072/1054
f 506/1072/1054 633/1071/1053 632/1073/1055
f 506/1072/1054 632/1073/1055 175/1028/1010
f 175/1028/1010 632/1073/1055 631/1074/1056
f 175/1028/1010 631/1074/1056 630/1075/1057
f 630/1075/1057 629/1076/1058 175/1028/1010
f 175/1028/1010 629/1076/1058 176/1077/1059
f 176/1077/1059 629/1076/1058 628/1078/1060
f 176/1077/1059 628/1078/1060 177/1079/1061
f 177/1079/1061 628/1078/1060 627/1080/1062
f 177/1079/1061 627/1080/1062 626/1081/1063
f 177/1079/1061 626/1081/1063 178/1082/1064
f 178/1082/1064 626/1081/1063 625/1083/1065
f 178/1082/1064 625/1083/1065 624/1084/1066
f 178/1082/1064 624/1084/1066 179/1085/1067
f 179/1085/1067 624/1084/1066 623/1086/1068
f 179/1085/1067 623/1086/1068 622/1087/1069
f 622/1087/1069 621/1088/1070 179/1085/1067
f 179/1085/1067 621/1088/1070 466/1089/1071
f 179/1085/1067 466/1089/1071 465/1090/1072
f 621/1088/1070 620/1091/1073 466/1089/1071
f 466/1089/1071 620/1091/1073 619/1092/1074
f 466/1089/1071 619/1092/1074 618/1093/1075
f 618/1093/1075 617/1094/1076 466/1089/1071
f 466/1089/1071 617/1094/1076 616/1095/1077
f 466/1089/1071 616/1095/1077 467/1096/1078
f 467/1096/1078 616/1095/1077 468/1097/1079
f 468/1097/1079 616/1095/1077 615/1098/1080
f 468/1097/1079 615/1098/1080 469/1099/1081
f 469/1099/1081 615/1098/1080 470/1100/1082
f 470/1100/1082 615/1098/1080 614/1101/1083
f 470/1100/1082 614/1101/1083 471/1102/1084
f 471/1102/1084 614/1101/1083 472/1103/1085
f 472/1103/1085 614/1101/1083 613/1104/1086
f 472/1103/1085 613/1104/1086 473/1105/1087
f 473/1105/1087 613/1104/1086 474/1106/1088
f 474/1106/1088 613/1104/1086 612/1107/1089
f 474/1106/1088 612/1107/1089 475/1108/1090
f 475/1108/1090 612/1107/1089 476/1109/1091
f 476/1109/1091 612/1107/1089 611/1110/1092
f 476/1109/1091 611/1110/1092 477/1111/1093
f 477/1111/1093 611/1110/1092 478/1112/1094
f 478/1112/1094 611/1110/1092 610/1113/1095
f 478/1112/1094 610/1113/1095 479/1114/1096
f 479/1114/1096 610/1113/1095 609/1115/1097
f 479/1114/1096 609/1115/1097 480/1116/1098
f 480/1116/1098 609/1115/1097 608/1117/1099
f 480/1116/1098 608/1117/1099 481/1118/1100
f 481/1118/1100 608/1117/1099 607/1119/1101
f 481/1118/1100 607/1119/1101 482/1120/1102
f 482/1120/1102 607/1119/1101 606/1121/1103
f 482/1120/1102 606/1121/1103 605/1122/1104
f 604/1123/1105 36/1124/1106 605/1122/1104
f 605/1122/1104 36/1124/1106 35/1125/1107
f 605/1122/1104 35/1125/1107 483/1126/1108
f 483/1126/1108 35/1125/1107 484/1127/1109
f 484/1127/1109 35/1125/1107 34/1128/1110
f 484/1127/1109 34/1128/1110 485/1129/1111
f 485/1129/1111 34/1128/1110 33/1130/1112
f 485/1129/1111 33/1130/1112 486/1131/1113
f 486/1131/1113 33/1130/1112 32/1132/1114
f 486/1131/1113 32/1132/1114 487/1133/1115
f 487/1133/1115 32/1132/1114 31/1134/1116
f 487/1133/1115 31/1134/1116 488/1135/1117
f 488/1135/1117 31/1134/1116 184/1136/1118
f 488/1135/1117 184/1136/1118 183/1137/1119
f 604/1123/1105 603/1138/1120 36/1124/1106
f 36/1124/1106 603/1138/1120 37/1139/1121
f 37/1139/1121 603/1138/1120 602/1140/1122
f 37/1139/1121 602/1140/1122 601/1141/1123
f 37/1139/1121 601/1141/1123 38/1142/1124
f 38/1142/1124 601/1141/1123 600/1143/1125
f 38/1142/1124 600/1143/1125 599/1144/1126
f 38/1142/1124 599/1144/1126 39/1145/1127
f 39/1145/1127 599/1144/1126 598/1146/1128
f 39/1145/1127 598/1146/1128 597/1147/1129
f 39/1145/1127 597/1147/1129 40/1148/1130
f 40/1148/1130 597/1147/1129 596/1149/1131
f 40/1148/1130 596/1149/1131 595/1150/1132
f 594/1151/1133 438/1152/1134 595/1150/1132
f 595/1150/1132 438/1152/1134 437/1153/1135
f 595/1150/1132 437/1153/1135 41/1154/1136
f 41/1154/1136 437/1153/1135 436/1155/1137
f 41/1154/1136 436/1155/1137 42/1156/1138
f 42/1156/1138 436/1155/1137 435/1157/1139
f 42/1156/1138 435/1157/1139 43/1158/1140
f 43/1158/1140 435/1157/1139 434/1159/1141
f 43/1158/1140 434/1159/1141 44/1160/1142
f 44/1160/1142 434/1159/1141 433/1161/1143
f 44/1160/1142 433/1161/1143 45/1162/1144
f 45/1162/1144 433/1161/1143 432/1163/1145
f 45/1162/1144 432/1163/1145 133/1164/1146
f 133/1164/1146 432/1163/1145 134/1165/1147
f 134/1165/1147 432/1163/1145 431/1166/1148
f 134/1165/1147 431/1166/1148 135/1167/1149
f 135/1167/1149 431/1166/1148 430/1168/1150
f 135/1167/1149 430/1168/1150 429/1169/1151
f 594/1151/1133 593/1170/1152 438/1152/1134
f 438/1152/1134 593/1170/1152 439/1171/1153
f 439/1171/1153 593/1170/1152 592/1172/1154
f 439/1171/1153 592/1172/1154 440/1173/1155
f 440/1173/1155 592/1172/1154 591/1174/1156
f 440/1173/1155 591/1174/1156 441/1175/1157
f 441/1175/1157 591/1174/1156 442/1176/1158
f 442/1176/1158 591/1174/1156 590/1177/1159
f 442/1176/1158 590/1177/1159 443/1178/1160
f 443/1178/1160 590/1177/1159 589/1179/1161
f 443/1178/1160 589/1179/1161 444/1180/1162
f 444/1180/1162 589/1179/1161 445/1181/1163
f 445/1181/1163 589/1179/1161 588/1182/1164
f 445/1181/1163 588/1182/1164 446/1183/1165
f 446/1183/1165 588/1182/1164 447/1184/1166
f 447/1184/1166 588/1182/1164 587/1185/1167
f 447/1184/1166 587/1185/1167 448/1186/1168
f 448/1186/1168 587/1185/1167 449/1187/1169
f 449/1187/1169 587/1185/1167 586/1188/1170
f 449/1187/1169 586/1188/1170 450/1189/1171
f 450/1189/1171 586/1188/1170 451/1190/1172
f 451/1190/1172 586/1188/1170 585/1191/1173
f 451/1190/1172 585/1191/1173 452/1192/1174
f 452/1192/1174 585/1191/1173 453/1193/1175
f 453/1193/1175 585/1191/1173 584/1194/1176
f 453/1193/1175 584/1194/1176 454/1195/1177
f 454/1195/1177 584/1194/1176 455/1196/1178
f 455/1196/1178 584/1194/1176 583/1197/1179
f 455/1196/1178 583/1197/1179 456/1198/1180
f 456/1198/1180 583/1197/1179 582/1199/1181
f 456/1198/1180 582/1199/1181 457/1200/1182
f 457/1200/1182 582/1199/1181 581/1201/1183
f 457/1200/1182 581/1201/1183 426/1202/1184
f 426/1202/1184 581/1201/1183 580/1203/1185
f 426/1202/1184 580/1203/1185 138/1204/1186
f 138/1204/1186 580/1203/1185 579/1205/1187
f 138/1204/1186 579/1205/1187 139/1206/1188
f 139/1206/1188 579/1205/1187 578/1207/1189
f 139/1206/1188 578/1207/1189 577/1208/1190
f 139/1206/1188 577/1208/1190 140/1209/1191
f 140/1209/1191 577/1208/1190 576/1210/1192
f 140/1209/1191 576/1210/1192 575/1211/1193
f 140/1209/1191 575/1211/1193 141/1212/1194
f 141/1212/1194 575/1211/1193 574/1213/1195
f 141/1212/1194 574/1213/1195 573/1214/1196
f 141/1212/1194 573/1214/1196 142/1215/1197
f 142/1215/1197 573/1214/1196 572/1216/1198
f 142/1215/1197 572/1216/1198 571/1217/1199
f 142/1215/1197 571/1217/1199 143/1218/1200
f 143/1218/1200 571/1217/1199 570/1219/1201
f 143/1218/1200 570/1219/1201 569/1220/1202
f 568/1221/1203 542/1222/1204 569/1220/1202
f 569/1220/1202 542/1222/1204 541/1223/1205
f 569/1220/1202 541/1223/1205 143/1218/1200
f 143/1218/1200 541/1223/1205 144/1224/1206
f 144/1224/1206 541/1223/1205 540/1225/1207
f 144/1224/1206 540/1225/1207 121/1226/1208
f 121/1226/1208 540/1225/1207 539/1227/1209
f 121/1226/1208 539/1227/1209 538/1228/1210
f 568/1221/1203 567/1229/1211 542/1222/1204
f 542/1222/1204 567/1229/1211 543/1230/1212
f 543/1230/1212 567/1229/1211 566/1231/1213
f 543/1230/1212 566/1231/1213 544/1232/1214
f 544/1232/1214 566/1231/1213 565/1233/1215
f 544/1232/1214 565/1233/1215 545/1234/1216
f 545/1234/1216 565/1233/1215 564/1235/1217
f 545/1234/1216 564/1235/1217 546/1236/1218
f 546/1236/1218 564/1235/1217 547/1237/1219
f 547/1237/1219 564/1235/1217 563/1238/1220
f 547/1237/1219 563/1238/1220 548/1239/1221
f 548/1239/1221 563/1238/1220 549/1240/1222
f 549/1240/1222 563/1238/1220 562/1241/1223
f 549/1240/1222 562/1241/1223 550/1242/1224
f 550/1242/1224 562/1241/1223 551/1243/1225
f 551/1243/1225 562/1241/1223 561/1244/1226
f 551/1243/1225 561/1244/1226 552/1245/1227
f 552/1245/1227 561/1244/1226 553/1246/1228
f 553/1246/1228 561/1244/1226 560/1247/1229
f 553/1246/1228 560/1247/1229 522/1248/1230
f 522/1248/1230 560/1247/1229 523/1249/1231
f 523/1249/1231 560/1247/1229 559/1250/1232
f 523/1249/1231 559/1250/1232 524/1251/1233
f 524/1251/1233 559/1250/1232 525/1252/1234
f 525/1252/1234 559/1250/1232 558/1253/1235
f 525/1252/1234 558/1253/1235 526/1254/1236
f 526/1254/1236 558/1253/1235 527/1255/1237
f 527/1255/1237 558/1253/1235 528/1256/1238
f 528/1256/1238 558/1253/1235 529/1257/1239
f 529/1257/1239 558/1253/1235 530/1258/1240
f 530/1258/1240 558/1253/1235 557/1259/1241
f 530/1258/1240 557/1259/1241 556/1260/1242
f 555/1006/988 94/1261/1243 556/1260/1242
f 556/1260/1242 94/1261/1243 93/1262/1244
f 556/1260/1242 93/1262/1244 92/1263/1245
f 94/1261/1243 555/1006/988 95/1008/990
f 48/1264/1246 130/1265/1247 25/1266/1248
f 25/1266/1248 130/1265/1247 129/1267/1249
f 25/1266/1248 129/1267/1249 26/1268/1250
f 26/1268/1250 129/1267/1249 128/1269/1251
f 26/1268/1250 128/1269/1251 27/1270/1252
f 27/1270/1252 128/1269/1251 127/1271/1253
f 27/1270/1252 127/1271/1253 28/1272/1254
f 28/1272/1254 127/1271/1253 533/1273/1255
f 28/1272/1254 533/1273/1255 532/1274/1256
f 130/1265/1247 48/1264/1246 131/1275/1257
f 131/1275/1257 48/1264/1246 47/1276/1258
f 131/1275/1257 47/1276/1258 132/1277/1259
f 132/1277/1259 47/1276/1258 46/1278/1260
f 132/1277/1259 46/1278/1260 133/1164/1146
f 133/1164/1146 46/1278/1260 45/1162/1144
f 41/1154/1136 40/1148/1130 595/1150/1132
f 30/1279/1261 556/1260/1242 31/1134/1116
f 31/1134/1116 556/1260/1242 91/1280/1262
f 31/1134/1116 91/1280/1262 90/1281/1263
f 30/1279/1261 29/1282/1264 556/1260/1242
f 556/1260/1242 29/1282/1264 532/1274/1256
f 556/1260/1242 532/1274/1256 531/1283/1265
f 29/1282/1264 28/1272/1254 532/1274/1256
f 92/1263/1245 91/1280/1262 556/1260/1242
f 90/1281/1263 89/1284/1266 31/1134/1116
f 31/1134/1116 89/1284/1266 88/1285/1267
f 31/1134/1116 88/1285/1267 87/1286/1268
f 31/1134/1116 87/1286/1268 188/1287/1269
f 188/1287/1269 87/1286/1268 86/1288/1270
f 188/1287/1269 86/1288/1270 189/1289/1271
f 189/1289/1271 86/1288/1270 85/1290/1272
f 189/1289/1271 85/1290/1272 190/1291/1273
f 190/1291/1273 85/1290/1272 84/1292/1274
f 190/1291/1273 84/1292/1274 191/1293/1275
f 191/1293/1275 84/1292/1274 83/1294/1276
f 191/1293/1275 83/1294/1276 192/1295/1277
f 192/1295/1277 83/1294/1276 82/1296/1278
f 192/1295/1277 82/1296/1278 169/1297/1279
f 169/1297/1279 82/1296/1278 81/1298/1280
f 169/1297/1279 81/1298/1280 170/1299/1281
f 170/1299/1281 81/1298/1280 80/1300/1282
f 170/1299/1281 80/1300/1282 171/1301/1283
f 171/1301/1283 80/1300/1282 79/1020/1002
f 171/1301/1283 79/1020/1002 172/1025/1007
f 426/1202/1184 138/1204/1186 427/1302/1284
f 427/1302/1284 138/1204/1186 137/1303/1285
f 427/1302/1284 137/1303/1285 428/1304/1286
f 428/1304/1286 137/1303/1285 136/1305/1287
f 428/1304/1286 136/1305/1287 429/1169/1151
f 429/1169/1151 136/1305/1287 135/1167/1149
f 533/1273/1255 127/1271/1253 534/1306/1288
f 534/1306/1288 127/1271/1253 126/1307/1289
f 534/1306/1288 126/1307/1289 535/1308/1290
f 535/1308/1290 126/1307/1289 536/1309/1291
f 536/1309/1291 126/1307/1289 537/1310/1292
f 537/1310/1292 126/1307/1289 538/1228/1210
f 538/1228/1210 126/1307/1289 125/1311/1293
f 538/1228/1210 125/1311/1293 124/1312/1294
f 124/1312/1294 123/1313/1295 538/1228/1210
f 538/1228/1210 123/1313/1295 122/1314/1296
f 538/1228/1210 122/1314/1296 121/1226/1208
f 188/1287/1269 187/1315/1297 31/1134/1116
f 31/1134/1116 187/1315/1297 186/1316/1298
f 31/1134/1116 186/1316/1298 185/1317/1299
f 185/1317/1299 184/1136/1118 31/1134/1116
f 488/1135/1117 183/1137/1119 489/1318/1300
f 489/1318/1300 183/1137/1119 182/1319/1301
f 489/1318/1300 182/1319/1301 458/1320/1302
f 458/1320/1302 182/1319/1301 181/1321/1303
f 458/1320/1302 181/1321/1303 459/1322/1304
f 459/1322/1304 181/1321/1303 460/1323/1305
f 460/1323/1305 181/1321/1303 180/1324/1306
f 460/1323/1305 180/1324/1306 461/1325/1307
f 461/1325/1307 180/1324/1306 179/1085/1067
f 461/1325/1307 179/1085/1067 462/1326/1308
f 462/1326/1308 179/1085/1067 463/1327/1309
f 463/1327/1309 179/1085/1067 464/1328/1310
f 464/1328/1310 179/1085/1067 465/1090/1072
f 531/1283/1265 530/1258/1240 556/1260/1242
f 513/1030/1012 512/1329/1311 175/1028/1010
f 175/1028/1010 512/1329/1311 511/1330/1312
f 175/1028/1010 511/1330/1312 510/1331/1313
f 510/1331/1313 509/1332/1314 175/1028/1010
f 175/1028/1010 509/1332/1314 508/1333/1315
f 175/1028/1010 508/1333/1315 507/1334/1316
f 507/1334/1316 506/1072/1054 175/1028/1010
f 483/1126/1108 482/1120/1102 605/1122/1104
# 658 vertices
# 1334 texture params
# 1316 normals
# 1344 facets

# 1 groups
