# WaveFront *.obj file (generated by Autodesk ATF)

mtllib spoonV3.mtl

g MeshBody1 (1)

v -1.246903 93.795166 -0.915588
v -1.592064 93.795166 -0.458519
v -1.847362 93.795166 0.054192
v -2.004103 93.795166 0.605080
v -2.056950 93.795166 1.175373
v -2.004103 93.795166 1.745689
v -1.847362 93.795166 2.296585
v -1.592064 93.795166 2.809288
v -1.246903 93.795166 3.266357
v -0.823634 93.795166 3.652222
v -0.336670 93.795166 3.953735
v 0.197406 93.795166 4.160637
v 0.760406 93.795166 4.265884
v 1.333158 93.795166 4.265884
v 1.896159 93.795166 4.160637
v 2.430235 93.795166 3.953735
v 2.917200 93.795166 3.652222
v 3.340468 93.795166 3.266357
v 3.685629 93.795166 2.809288
v 3.940927 93.795166 2.296585
v 4.097668 93.795166 1.745689
v 4.150515 93.795166 1.175377
v 4.097668 93.795166 0.605080
v 3.940927 93.795166 0.054192
v 3.685629 93.795166 -0.458519
v 3.340468 93.795166 -0.915588
v 2.917200 93.795166 -1.301453
v 2.430235 93.795166 -1.602966
v 1.896159 93.795166 -1.809860
v 1.333158 93.795166 -1.915108
v 0.760406 93.795166 -1.915108
v 0.197406 93.795166 -1.809860
v -0.336670 93.795166 -1.602966
v -0.823634 93.795166 -1.301453
v 2.220986 93.795166 1.298320
v 2.220986 93.795166 1.300062
v -0.178876 93.795166 1.300062
v -0.176415 93.795166 1.271931
v -0.163272 93.795166 1.107273
v -0.124176 93.795166 0.946786
v -0.116868 93.795166 0.919509
v -0.052808 93.795166 0.767256
v -0.040874 93.795166 0.741663
v 0.046526 93.795166 0.601498
v 0.062723 93.795166 0.578367
v 0.171250 93.795166 0.453842
v 0.191218 93.795166 0.433874
v 0.318124 93.795166 0.328141
v 0.341256 93.795166 0.311944
v 0.479026 93.795166 0.229802
v 0.504618 93.795166 0.217867
v 0.653398 93.795166 0.157932
v 0.680675 93.795166 0.150623
v 0.836913 93.795166 0.114324
v 0.865044 93.795166 0.111863
v 1.025008 93.795166 0.100069
v 1.184880 93.795166 0.113060
v 1.213011 93.795166 0.115522
v 1.368973 93.795166 0.152988
v 1.396249 93.795166 0.160297
v 1.544577 93.795166 0.221345
v 1.570169 93.795166 0.233279
v 1.707321 93.795166 0.316450
v 1.730452 93.795166 0.332647
v 1.855644 93.795166 0.438415
v 1.875612 93.795166 0.458383
v 1.982596 93.795166 0.582538
v 1.998793 93.795166 0.605670
v 2.084902 93.795166 0.745116
v 2.096836 93.795166 0.770708
v 2.159923 93.795166 0.921970
v 2.167232 93.795166 0.949246
v 2.205724 93.795166 1.108552
v 2.206093 93.795166 1.110746
v 2.206241 93.795166 1.112129
v 4.097668 26.938023 0.605080
v 4.097668 38.080880 0.605080
v 4.097668 49.223737 0.605080
v 4.097668 60.366594 0.605080
v 4.097668 71.509452 0.605080
v 4.097668 82.652309 0.605080
v 4.150515 82.652309 1.175377
v 4.150515 71.509452 1.175377
v 4.150515 60.366594 1.175377
v 4.150515 49.223737 1.175377
v 4.150515 38.080880 1.175377
v 4.150515 26.938023 1.175377
v 2.430235 15.795166 3.953735
v 2.430235 26.938023 3.953735
v 2.430235 38.080880 3.953735
v 2.430235 49.223737 3.953735
v 2.430235 60.366595 3.953735
v 2.430235 71.509452 3.953735
v 2.430235 82.652309 3.953735
v 1.896159 82.652309 4.160637
v 1.896159 71.509452 4.160637
v 1.896159 60.366595 4.160637
v 1.896159 49.223737 4.160637
v 1.896159 38.080880 4.160637
v 1.896159 26.938023 4.160637
v 1.896159 15.795166 4.160637
v 1.333158 82.652309 4.265884
v 1.333158 71.509452 4.265884
v 1.333158 60.366595 4.265884
v 1.333158 49.223737 4.265884
v 1.333158 38.080880 4.265884
v 1.333158 26.938023 4.265884
v 1.333158 15.795166 4.265884
v 2.917200 15.795166 3.652222
v 2.917200 26.938023 3.652222
v 2.917200 38.080880 3.652222
v 2.917200 49.223737 3.652222
v 2.917200 60.366595 3.652222
v 2.917200 71.509452 3.652222
v 2.917200 82.652309 3.652222
v 3.340468 15.795166 3.266357
v 3.340468 26.938023 3.266357
v 3.340468 38.080880 3.266357
v 3.340468 49.223737 3.266357
v 3.340468 60.366595 3.266357
v 3.340468 71.509452 3.266357
v 3.340468 82.652309 3.266357
v 3.685629 15.795166 2.809288
v 3.685629 26.938023 2.809288
v 3.685629 38.080880 2.809288
v 3.685629 49.223737 2.809288
v 3.685629 60.366595 2.809288
v 3.685629 71.509452 2.809288
v 3.685629 82.652309 2.809288
v 3.940927 15.795166 2.296585
v 3.940927 26.938023 2.296585
v 3.940927 38.080880 2.296585
v 3.940927 49.223737 2.296585
v 3.940927 60.366595 2.296585
v 3.940927 71.509452 2.296585
v 3.940927 82.652309 2.296585
v 4.097668 15.795166 1.745689
v 4.097668 82.652309 1.745689
v 4.097668 71.509452 1.745689
v 4.097668 60.366595 1.745689
v 4.097668 49.223737 1.745689
v 4.097668 38.080880 1.745689
v 4.097668 26.938023 1.745689
v -2.004103 26.938023 1.745689
v -2.004103 38.080880 1.745689
v -2.004103 49.223737 1.745689
v -2.004103 60.366594 1.745689
v -2.004103 71.509452 1.745689
v -2.004103 82.652309 1.745689
v -2.056950 82.652309 1.175377
v -2.056950 71.509452 1.175377
v -2.056950 60.366594 1.175377
v -2.056950 49.223737 1.175377
v -2.056950 38.080880 1.175377
v -2.056950 26.938023 1.175377
v -0.823634 15.795166 3.652222
v -0.823634 26.938023 3.652222
v -0.823634 38.080880 3.652222
v -0.823634 49.223737 3.652222
v -0.823634 60.366595 3.652222
v -0.823634 71.509452 3.652222
v -0.823634 82.652309 3.652222
v -1.246903 82.652309 3.266357
v -1.246903 71.509452 3.266357
v -1.246903 60.366595 3.266357
v -1.246903 49.223737 3.266357
v -1.246903 38.080880 3.266357
v -1.246903 26.938023 3.266357
v -1.246903 15.795166 3.266357
v -1.592064 82.652309 2.809288
v -1.592064 71.509452 2.809288
v -1.592064 60.366595 2.809288
v -1.592064 49.223737 2.809288
v -1.592064 38.080880 2.809288
v -1.592064 26.938023 2.809288
v -1.592064 15.795166 2.809288
v -0.336670 15.795166 3.953735
v -0.336670 26.938023 3.953735
v -0.336670 38.080880 3.953735
v -0.336670 49.223737 3.953735
v -0.336670 60.366595 3.953735
v -0.336670 71.509452 3.953735
v -0.336670 82.652309 3.953735
v -1.847362 82.652309 2.296585
v -1.847362 71.509452 2.296585
v -1.847362 60.366595 2.296585
v -1.847362 49.223737 2.296585
v -1.847362 38.080880 2.296585
v -1.847362 26.938023 2.296585
v -1.847362 15.795166 2.296585
v 0.197406 15.795166 4.160637
v 0.197406 26.938023 4.160637
v 0.197406 38.080880 4.160637
v 0.197406 49.223737 4.160637
v 0.197406 60.366595 4.160637
v 0.197406 71.509452 4.160637
v 0.197406 82.652309 4.160637
v -2.004103 15.795166 1.745689
v 0.760406 15.795166 4.265884
v 0.760406 26.938023 4.265884
v 0.760406 38.080880 4.265884
v 0.760406 49.223737 4.265884
v 0.760406 60.366595 4.265884
v 0.760406 71.509452 4.265884
v 0.760406 82.652309 4.265884
v 15.546782 15.795166 15.675400
v 5.880116 15.795166 15.675400
v -3.786550 15.795166 15.675400
v -13.453217 15.795166 15.675400
v -13.453217 7.461833 15.675400
v -13.453217 -0.871501 15.675400
v -13.453217 -9.204834 15.675400
v -3.786550 -9.204834 15.675400
v 5.880116 -9.204834 15.675400
v 15.546782 -9.204834 15.675400
v 15.546782 -0.871501 15.675400
v 15.546782 7.461833 15.675400
v -3.786550 7.461833 15.675400
v 5.880116 7.461833 15.675400
v -3.786550 -0.871501 15.675400
v 5.880116 -0.871501 15.675400
v 15.546782 15.795166 13.675400
v 15.546782 -9.204834 13.675400
v 15.546782 -0.871501 13.675400
v 15.546782 7.461833 13.675400
v -13.453217 15.795166 13.675400
v -13.453217 7.461833 13.675400
v -13.453217 -0.871501 13.675400
v -13.453217 -9.204834 13.675400
v 2.430235 15.795166 -1.602966
v 2.430235 26.938023 -1.602966
v 2.430235 38.080880 -1.602966
v 2.430235 49.223737 -1.602966
v 2.430235 60.366595 -1.602966
v 2.430235 71.509452 -1.602966
v 2.430235 82.652309 -1.602966
v 2.917200 82.652309 -1.301453
v 2.917200 71.509452 -1.301453
v 2.917200 60.366595 -1.301453
v 2.917200 49.223737 -1.301453
v 2.917200 38.080880 -1.301453
v 2.917200 26.938023 -1.301453
v 2.917200 15.795166 -1.301453
v 3.340468 82.652309 -0.915588
v 3.340468 71.509452 -0.915588
v 3.340468 60.366595 -0.915588
v 3.340468 49.223737 -0.915588
v 3.340468 38.080880 -0.915588
v 3.340468 26.938023 -0.915588
v 3.340468 15.795166 -0.915588
v 1.896159 15.795166 -1.809860
v 1.896159 26.938023 -1.809860
v 1.896159 38.080880 -1.809860
v 1.896159 49.223737 -1.809860
v 1.896159 60.366595 -1.809860
v 1.896159 71.509452 -1.809860
v 1.896159 82.652309 -1.809860
v 3.685629 82.652309 -0.458519
v 3.685629 71.509452 -0.458519
v 3.685629 60.366595 -0.458519
v 3.685629 49.223737 -0.458519
v 3.685629 38.080880 -0.458519
v 3.685629 26.938023 -0.458519
v 3.685629 15.795166 -0.458519
v 1.333158 15.795166 -1.915108
v 1.333158 26.938023 -1.915108
v 1.333158 38.080880 -1.915108
v 1.333158 49.223737 -1.915108
v 1.333158 60.366595 -1.915108
v 1.333158 71.509452 -1.915108
v 1.333158 82.652309 -1.915108
v 3.940927 82.652309 0.054192
v 3.940927 71.509452 0.054192
v 3.940927 60.366595 0.054192
v 3.940927 49.223737 0.054192
v 3.940927 38.080880 0.054192
v 3.940927 26.938023 0.054192
v 3.940927 15.795166 0.054192
v 4.097668 15.795166 0.605080
v 4.150515 15.795166 1.175392
v -1.592064 15.795166 -0.458519
v -1.592064 26.938023 -0.458519
v -1.592064 38.080880 -0.458519
v -1.592064 49.223737 -0.458519
v -1.592064 60.366595 -0.458519
v -1.592064 71.509452 -0.458519
v -1.592064 82.652309 -0.458519
v -1.246903 82.652309 -0.915588
v -1.246903 71.509452 -0.915588
v -1.246903 60.366595 -0.915588
v -1.246903 49.223737 -0.915588
v -1.246903 38.080880 -0.915588
v -1.246903 26.938023 -0.915588
v -1.246903 15.795166 -0.915588
v -1.847362 15.795166 0.054192
v -1.847362 26.938023 0.054192
v -1.847362 38.080880 0.054192
v -1.847362 49.223737 0.054192
v -1.847362 60.366595 0.054192
v -1.847362 71.509452 0.054192
v -1.847362 82.652309 0.054192
v -0.823634 82.652309 -1.301453
v -0.823634 71.509452 -1.301453
v -0.823634 60.366595 -1.301453
v -0.823634 49.223737 -1.301453
v -0.823634 38.080880 -1.301453
v -0.823634 26.938023 -1.301453
v -0.823634 15.795166 -1.301453
v -2.004103 15.795166 0.605080
v -2.004103 82.652309 0.605080
v -2.004103 71.509452 0.605080
v -2.004103 60.366595 0.605080
v -2.004103 49.223737 0.605080
v -2.004103 38.080880 0.605080
v -2.004103 26.938023 0.605080
v -0.336670 82.652309 -1.602966
v -0.336670 71.509452 -1.602966
v -0.336670 60.366595 -1.602966
v -0.336670 49.223737 -1.602966
v -0.336670 38.080880 -1.602966
v -0.336670 26.938023 -1.602966
v -0.336670 15.795166 -1.602966
v -2.056950 15.795166 1.175392
v 0.197406 82.652309 -1.809860
v 0.197406 71.509452 -1.809860
v 0.197406 60.366595 -1.809860
v 0.197406 49.223737 -1.809860
v 0.197406 38.080880 -1.809860
v 0.197406 26.938023 -1.809860
v 0.197406 15.795166 -1.809860
v -7.453217 15.795166 13.675400
v -7.453217 7.461833 13.675400
v -7.453217 -0.871501 13.675400
v -7.453217 -9.204834 13.675400
v 0.760406 15.795166 -1.915108
v 0.760406 26.938023 -1.915108
v 0.760406 38.080880 -1.915108
v 0.760406 49.223737 -1.915108
v 0.760406 60.366595 -1.915108
v 0.760406 71.509452 -1.915108
v 0.760406 82.652309 -1.915108
v 9.546782 15.795166 13.675400
v 9.546782 -9.204834 13.675400
v 9.546782 -0.871501 13.675400
v 9.546782 7.461833 13.675400
v 9.546782 15.795166 -11.324608
v 9.546782 15.795166 -2.991272
v 9.546782 15.795166 5.342064
v 9.546782 -9.204834 5.342064
v 9.546782 -9.204834 -2.991272
v 9.546782 -9.204834 -11.324608
v 9.546782 -0.871501 -11.324608
v 9.546782 7.461833 -11.324608
v 9.546782 7.461833 5.342064
v 9.546782 7.461833 -2.991272
v 9.546782 -0.871501 5.342064
v 9.546782 -0.871501 -2.991272
v 15.546782 15.795166 -11.324608
v 15.546782 -9.204834 -11.324608
v 15.546782 -0.871501 -11.324608
v 15.546782 7.461833 -11.324608
v -7.453217 15.795166 5.342064
v -7.453217 15.795166 -2.991272
v -7.453217 15.795166 -11.324608
v -7.453217 7.461833 -11.324608
v -7.453217 -0.871501 -11.324608
v -7.453217 -9.204834 -11.324608
v -7.453217 -9.204834 -2.991272
v -7.453217 -9.204834 5.342064
v -7.453217 7.461833 -2.991272
v -7.453217 7.461833 5.342064
v -7.453217 -0.871501 -2.991272
v -7.453217 -0.871501 5.342064
v 15.546782 15.795166 -13.324608
v 15.546782 -9.204834 -13.324608
v 15.546782 -0.871501 -13.324608
v 15.546782 7.461833 -13.324608
v -13.453217 15.795166 -11.324608
v -13.453217 7.461833 -11.324608
v -13.453217 -0.871501 -11.324608
v -13.453217 -9.204834 -11.324608
v 5.880116 15.795166 -13.324608
v -3.786550 15.795166 -13.324608
v -13.453217 15.795166 -13.324608
v -2.633483 15.795166 -3.657939
v -3.786550 15.795166 -3.657939
v -3.786550 15.795166 6.008731
v 5.880116 15.795166 6.008731
v 5.880116 15.795166 -3.657939
v -13.453217 -9.204834 -13.324608
v -3.786550 -9.204834 -13.324608
v 5.880116 -9.204834 -13.324608
v -3.786550 -9.204834 -3.657939
v -3.786550 -9.204834 6.008731
v 5.880116 -9.204834 -3.657939
v 5.880116 -9.204834 6.008731
v -13.453217 -0.871501 -13.324608
v -13.453217 7.461833 -13.324608
v 5.880116 7.461833 -13.324608
v -3.786550 7.461833 -13.324608
v 5.880116 -0.871501 -13.324608
v -3.786550 -0.871501 -13.324608
v 0.865044 95.770285 0.111863
v 1.025008 95.770285 0.100069
v 0.836913 95.770285 0.114324
v 0.680675 95.770285 0.150623
v 0.653398 95.770285 0.157932
v 0.504618 95.770285 0.217867
v 0.479026 95.770285 0.229802
v 0.341256 95.770285 0.311944
v 0.318124 95.770285 0.328141
v 0.191218 95.770285 0.433874
v 0.171250 95.770285 0.453842
v 0.062723 95.770285 0.578367
v 0.046526 95.770285 0.601498
v -0.040874 95.770285 0.741663
v -0.052808 95.770285 0.767256
v -0.116868 95.770285 0.919509
v -0.124176 95.770285 0.946786
v -0.163272 95.770285 1.107273
v -0.176415 95.770285 1.271931
v -0.178876 96.693131 1.300062
v 2.220986 95.308861 1.300062
v 2.221124 95.308861 1.300062
v 2.221124 96.693131 1.300062
v 2.339729 96.982782 1.300062
v 2.458334 97.272432 1.300062
v 2.576939 97.562083 1.300062
v 2.695543 97.851734 1.300062
v 2.932753 98.431035 1.300062
v 3.051358 98.720686 1.300062
v 3.169963 99.010337 1.300062
v 3.422951 99.465422 1.300062
v 3.635496 99.967062 1.300062
v 3.804018 100.506810 1.300062
v 3.925681 101.075577 1.300062
v 3.998435 101.663788 1.300062
v 4.021055 102.261536 1.300062
v 3.993160 102.858756 1.300062
v 3.915220 103.445392 1.300062
v 3.788548 104.011567 1.300062
v 3.615276 104.547746 1.300062
v 3.398322 105.044901 1.300062
v 3.141339 105.494660 1.300062
v 2.848656 105.889451 1.300062
v 2.525199 106.222625 1.300062
v 2.176415 106.488572 1.300062
v 1.808178 106.682814 1.300062
v 1.426688 106.802081 1.300062
v 1.038369 106.844363 1.300062
v 0.649759 106.808950 1.300062
v 0.267403 106.696437 1.300062
v -0.102262 106.508719 1.300062
v -0.453010 106.248957 1.300062
v -0.778936 105.921525 1.300062
v -1.074551 105.531935 1.300062
v -1.334879 105.086751 1.300062
v -1.555534 104.593464 1.300062
v -1.732803 104.060385 1.300062
v -1.863698 103.496488 1.300062
v -1.946018 102.911268 1.300062
v -1.978375 102.314581 1.300062
v -1.960224 101.716472 1.300062
v -1.891872 101.127014 1.300062
v -1.774469 100.556133 1.300062
v -1.609992 100.013440 1.300062
v -1.401211 99.508075 1.300062
v -1.151641 99.048547 1.300062
v -1.030045 98.754120 1.300062
v -0.908450 98.459693 1.300062
v -0.665259 97.870838 1.300062
v -0.543663 97.576412 1.300062
v -0.422068 97.281985 1.300062
v -0.300472 96.987558 1.300062
v 3.781124 102.230208 1.300062
v 3.756497 101.664393 1.300062
v 3.683058 101.108674 1.300062
v 3.562117 100.572969 1.300062
v 3.395832 100.066838 1.300062
v 3.187170 99.599313 1.300062
v 2.939855 99.178735 1.300062
v 2.658300 98.812612 1.300062
v 2.347529 98.507474 1.300062
v 2.013089 98.268770 1.300062
v 1.660947 98.100757 1.300062
v 1.297388 98.006435 1.300062
v 0.928898 97.987486 1.300062
v 0.562055 98.044249 1.300062
v 0.203403 98.175710 1.300062
v -0.140656 98.379524 1.300062
v -0.463984 98.652053 1.300062
v -0.760809 98.988434 1.300062
v -1.025836 99.382665 1.300062
v -1.254335 99.827710 1.300062
v -1.442229 100.315628 1.300062
v -1.586163 100.837713 1.300062
v -1.683571 101.384645 1.300062
v -1.732713 101.946667 1.300062
v -1.732713 102.513749 1.300062
v -1.683571 103.075771 1.300062
v -1.586163 103.622704 1.300062
v -1.442229 104.144789 1.300062
v -1.254335 104.632707 1.300062
v -1.025836 105.077752 1.300062
v -0.760809 105.471983 1.300062
v -0.463984 105.808364 1.300062
v -0.140656 106.080893 1.300062
v 0.203403 106.284706 1.300062
v 0.562055 106.416168 1.300062
v 0.928898 106.472931 1.300062
v 1.297388 106.453982 1.300062
v 1.660947 106.359659 1.300062
v 2.013089 106.191647 1.300062
v 2.347529 105.952942 1.300062
v 2.658300 105.647805 1.300062
v 2.939855 105.281682 1.300062
v 3.187170 104.861104 1.300062
v 3.395832 104.393579 1.300062
v 3.562117 103.887447 1.300062
v 3.683058 103.351743 1.300062
v 3.756497 102.796024 1.300062
v 2.206093 95.770285 1.110746
v 2.206241 95.770285 1.112129
v 2.167232 95.770285 0.949246
v 2.205724 95.770285 1.108552
v 2.159923 95.770285 0.921970
v 2.096836 95.770285 0.770708
v 2.084902 95.770285 0.745116
v 1.998793 95.770285 0.605670
v 1.982596 95.770285 0.582538
v 1.875612 95.770285 0.458383
v 1.855644 95.770285 0.438415
v 1.730452 95.770285 0.332647
v 1.707321 95.770285 0.316450
v 1.570169 95.770285 0.233279
v 1.544577 95.770285 0.221345
v 1.396249 95.770285 0.160297
v 1.368973 95.770285 0.152988
v 1.213011 95.770285 0.115522
v 1.184880 95.770285 0.113060
v 2.220986 95.308861 1.298320
v 2.206166 96.693131 1.111184
v 2.161666 96.693131 0.927016
v 2.088733 96.693131 0.752147
v 1.989185 96.693131 0.590938
v 1.865504 96.693131 0.447406
v 1.720773 96.693131 0.325131
v 1.562217 96.693131 0.228979
v 1.390740 96.693131 0.158403
v 1.210438 96.693131 0.115089
v 1.025615 96.693131 0.100070
v 0.840684 96.693131 0.113705
v 0.660062 96.693131 0.155669
v 0.488062 96.693131 0.224959
v 0.328791 96.693131 0.319921
v 0.182078 96.693131 0.442156
v 0.056613 96.693131 0.586116
v -0.044428 96.693131 0.748155
v -0.118485 96.693131 0.924171
v -0.163682 96.693131 1.109706
v 1.293538 102.662854 -1.674273
v 1.255331 102.712882 -1.674273
v 1.485531 103.187298 -1.597716
v 1.402145 103.270781 -1.597716
v 1.584492 103.768774 -1.471577
v 1.213278 102.754985 -1.674273
v 1.312502 103.337180 -1.597716
v 1.168070 102.788470 -1.674273
v 1.451949 103.866948 -1.471577
v 1.584024 104.368713 -1.298014
v 1.218076 103.385402 -1.597716
v 1.120449 102.812789 -1.674273
v 1.312332 103.938248 -1.471577
v 1.401606 104.461869 -1.298014
v 1.484369 104.947307 -1.079999
v 1.120415 103.414655 -1.597716
v 1.071198 102.827542 -1.674273
v 1.167933 103.981501 -1.471577
v 1.212939 104.518383 -1.298014
v 1.254664 105.016113 -1.079999
v 1.292392 105.466175 -0.821259
v 0.716768 105.860870 -0.526223
v 0.688889 106.193443 -0.199938
v 1.021124 105.890925 -0.526223
v 0.362109 106.095559 -0.199938
v 0.318085 106.353781 0.152011
v -0.017307 106.182691 0.152011
v -0.064372 106.362691 0.523605
v -0.402461 106.112298 0.523605
v -0.440235 106.214718 0.908483
v -0.712068 105.802114 0.523605
v -0.757857 105.896480 0.908483
v -1.048069 105.516481 0.908483
v 0.417410 105.771200 -0.526223
v 0.047546 105.935074 -0.199938
v -0.340341 105.943444 0.152011
v -0.636622 105.646630 0.152011
v -0.994810 105.431895 0.523605
v -1.304305 105.082522 0.908483
v 0.129084 105.624082 -0.526223
v -0.254942 105.711042 -0.199938
v -0.532813 105.432691 -0.199938
v -0.907057 105.292527 0.152011
v -1.244450 105.009106 0.523605
v -1.522357 104.601728 0.908483
v -0.147730 105.419064 -0.526223
v -0.402415 105.163956 -0.526223
v -0.786313 105.100762 -0.199938
v -1.145831 104.888141 0.152011
v -1.456890 104.540687 0.523605
v -1.698645 104.081994 0.908483
v -0.247660 104.845024 -0.821259
v -0.634642 104.859881 -0.526223
v -1.010134 104.721699 -0.199938
v -1.349023 104.440112 0.152011
v -1.628641 104.034329 0.523605
v -1.830276 103.531853 0.908483
v 0.663059 102.474000 -1.674273
v 0.645730 102.401573 -1.674273
v 0.276759 102.570006 -1.597716
v -0.454642 104.574005 -0.821259
v -0.839682 104.512628 -0.526223
v -1.200603 104.301727 -0.199938
v -1.513298 103.955797 0.152011
v -1.756882 103.498350 0.523605
v -1.915086 102.960339 0.908483
v 0.254619 102.420811 -1.597716
v 0.634564 102.326332 -1.674273
v -0.637392 104.264502 -0.821259
v -1.014168 104.127896 -0.526223
v -1.354590 103.847739 -0.199938
v -1.635957 103.443148 0.152011
v -1.839510 102.941546 0.523605
v -1.951683 102.376837 0.908483
v 0.245066 102.268486 -1.597716
v 0.629746 102.249512 -1.674273
v -0.792908 103.921596 -0.821259
v -1.155234 103.712005 -0.526223
v -1.469569 103.367193 -0.199938
v -1.714987 102.910582 0.152011
v -1.875165 102.373062 0.523605
v -1.939467 101.790926 0.908483
v 0.248255 102.115533 -1.597716
v 0.631355 102.172376 -1.674273
v -0.918639 103.550917 -0.821259
v -1.260564 103.271783 -0.526223
v -1.543650 102.867976 -0.199938
v -1.749091 102.366844 0.152011
v -1.863264 101.802233 0.523605
v -1.878638 101.212230 0.908483
v 0.264134 101.964463 -1.597716
v 0.639363 102.096189 -1.674273
v -1.012518 103.158552 -0.821259
v -1.328428 102.814458 -0.526223
v -1.575617 102.358288 -0.199938
v -1.737708 101.820863 0.152011
v -1.804000 101.238431 0.523605
v -1.770195 100.650248 0.908483
v 0.292443 101.817756 -1.597716
v 0.653640 102.022203 -1.674273
v -1.073005 102.750944 -0.821259
v -1.357714 102.347540 -0.526223
v -1.564947 101.846496 -0.199938
v -1.681024 101.281603 0.152011
v -1.698349 100.690915 0.523605
v -1.615920 100.114209 0.908483
v 0.332717 101.677822 -1.597716
v 0.673950 101.951632 -1.674273
v 0.384295 101.546958 -1.597716
v -1.099107 102.334785 -0.821259
v -1.347939 101.878695 -0.526223
v -1.511813 101.341006 -0.199938
v -1.579972 100.757919 0.152011
v -1.548044 100.168673 0.523605
v -1.418343 99.612914 0.908483
v -0.112211 102.512028 -1.471577
v -0.126337 102.286805 -1.471577
v -0.121621 102.060652 -1.471577
v -0.098143 101.837283 -1.471577
v -0.056286 101.620366 -1.471577
v 0.003263 101.413463 -1.471577
v 0.079524 101.219970 -1.471577
v -1.090395 101.916909 -0.821259
v -1.299264 101.415623 -0.526223
v -1.417088 100.850115 -0.199938
v -1.436209 100.258411 0.152011
v -1.355553 99.680282 0.523605
v -1.180711 99.154596 0.908483
v 0.171247 101.043066 -1.471577
v 0.699962 101.885635 -1.674273
v 0.446330 101.427312 -1.597716
v 0.276925 100.885655 -1.471577
v -0.478106 102.304155 -1.298014
v -0.471945 102.008672 -1.298014
v -0.441268 101.716827 -1.298014
v -0.386579 101.433411 -1.298014
v -0.308775 101.163079 -1.298014
v -0.209135 100.910269 -1.298014
v -0.089293 100.679133 -1.298014
v 0.048781 100.473464 -1.298014
v -0.906925 98.746779 0.908483
v -0.857298 98.836439 0.523605
v -0.601480 98.396160 0.908483
v -1.124037 99.233760 0.523605
v 0.202821 100.296642 -1.298014
v 0.731247 101.825296 -1.674273
v 1.021124 102.230208 -1.699938
v 0.517802 101.320851 -1.597716
v 0.394822 100.750321 -1.471577
v 0.370298 100.151569 -1.298014
v -0.559715 98.494845 0.523605
v -0.796722 101.960483 -1.079999
v -0.759372 101.605155 -1.079999
v -0.692787 101.260089 -1.079999
v -0.598059 100.930954 -1.079999
v -0.476744 100.623152 -1.079999
v -0.330834 100.341738 -1.079999
v -0.162726 100.091332 -1.079999
v 0.024822 99.876047 -1.079999
v 0.228729 99.699418 -1.079999
v -1.047011 101.504177 -0.821259
v -0.969669 101.103367 -0.821259
v -0.859638 100.721059 -0.821259
v -0.718724 100.363532 -0.821259
v -0.549243 100.036655 -0.821259
v -0.353976 99.745797 -0.821259
v -0.136131 99.495733 -0.821259
v 0.100717 99.290568 -0.821259
v -1.212487 100.965925 -0.526223
v -1.089036 100.536988 -0.526223
v -0.930936 100.135852 -0.526223
v -0.740782 99.769106 -0.526223
v -0.521699 99.442772 -0.526223
v -0.277282 99.162206 -0.526223
v -0.011546 98.932018 -0.526223
v -1.282329 100.381886 -0.199938
v -1.109746 99.944006 -0.199938
v -0.902175 99.543666 -0.199938
v -0.663023 99.187438 -0.199938
v -0.396217 98.881173 -0.199938
v -0.106140 98.629899 -0.199938
v -1.252098 99.791279 0.152011
v -1.030659 99.364194 0.152011
v -0.775531 98.984169 0.152011
v -0.490902 98.657444 0.152011
v -0.181446 98.389384 0.152011
v -0.236175 98.214586 0.523605
v 0.147758 98.184389 0.152011
v 0.202448 98.437742 -0.199938
v 0.491301 98.045828 0.152011
v 0.524479 98.307857 -0.199938
v 0.271147 98.755985 -0.526223
v 0.843544 97.975973 0.152011
v 0.566155 98.636999 -0.526223
v 0.352678 99.133673 -0.821259
v 0.854664 98.242377 -0.199938
v 0.615615 99.027622 -0.821259
v 0.445646 99.564343 -1.079999
v 0.868633 98.577014 -0.526223
v 1.187583 98.242377 -0.199938
v 1.198703 97.975973 0.152011
v 1.550946 98.045828 0.152011
v 0.807504 101.725446 -1.674273
v 0.597539 101.229321 -1.597716
v 0.767291 101.771606 -1.674273
v 0.684232 101.154225 -1.597716
v 0.523003 100.639287 -1.471577
v 0.659364 100.554375 -1.471577
v 0.548461 100.040627 -1.298014
v 0.734386 99.965638 -1.298014
v 0.672014 99.473042 -1.079999
v 0.904113 99.427014 -1.079999
v 0.885210 98.974158 -0.821259
v 1.476093 98.636999 -0.526223
v 1.173615 98.577014 -0.526223
v 1.157037 98.974158 -0.821259
v 1.517768 98.307857 -0.199938
v 1.839799 98.437742 -0.199938
v 1.894490 98.184389 0.152011
v 2.223693 98.389384 0.152011
v 0.851224 101.687575 -1.674273
v 0.776456 101.096797 -1.597716
v 0.801664 100.496981 -1.471577
v 0.925018 99.927833 -1.298014
v 1.138134 99.427014 -1.079999
v 1.426632 99.027622 -0.821259
v 1.771100 98.755985 -0.526223
v 2.148387 98.629899 -0.199938
v 2.533149 98.657444 0.152011
v 2.601962 98.494845 0.523605
v 2.899545 98.836439 0.523605
v 2.949172 98.746779 0.908483
v 3.222958 99.154596 0.908483
v 0.786916 102.712882 -1.674273
v 0.748709 102.662854 -1.674273
v 0.828948 102.754966 -1.674273
v 0.640017 103.270707 -1.597716
v 0.874203 102.788486 -1.674273
v 0.729849 103.337245 -1.597716
v 0.921798 102.812789 -1.674273
v 0.824172 103.385402 -1.597716
v 0.971050 102.827542 -1.674273
v 0.921833 103.414655 -1.597716
v 1.021124 102.832486 -1.674273
v 1.021124 103.424459 -1.597716
v 0.357142 102.849299 -1.597716
v 0.686268 102.542425 -1.674273
v 0.311121 102.713621 -1.597716
v 0.714975 102.605723 -1.674273
v 0.414065 102.974812 -1.597716
v 0.480956 103.088098 -1.597716
v 0.556716 103.187298 -1.597716
v 0.457566 103.768610 -1.471577
v 0.590529 103.867092 -1.471577
v 0.729915 103.938248 -1.471577
v 0.874314 103.981501 -1.471577
v 1.021124 103.995998 -1.471577
v -0.028668 102.944971 -1.471577
v -0.079476 102.732624 -1.471577
v 0.039377 103.145581 -1.471577
v 0.123542 103.331160 -1.471577
v 0.222445 103.498662 -1.471577
v 0.334463 103.645337 -1.471577
v 0.284717 104.240156 -1.298014
v 0.458626 104.368963 -1.298014
v 0.640642 104.461869 -1.298014
v 0.829308 104.518383 -1.298014
v 1.021124 104.537324 -1.298014
v -0.416878 102.886646 -1.298014
v -0.459649 102.598424 -1.298014
v -0.350496 103.164090 -1.298014
v -0.261591 103.426200 -1.298014
v -0.151624 103.668672 -1.298014
v -0.022400 103.887523 -1.298014
v 0.123958 104.079162 -1.298014
v 0.124431 104.677277 -1.079999
v 0.336392 104.834267 -1.079999
v 0.557878 104.947307 -1.079999
v 0.787584 105.016113 -1.079999
v 1.021124 105.039174 -1.079999
v 1.021124 105.492963 -0.821259
v -0.781751 102.678519 -1.079999
v -0.804222 102.320240 -1.079999
v -0.729676 103.029437 -1.079999
v -0.648854 103.367231 -1.079999
v -0.540610 103.686356 -1.079999
v -0.406723 103.981570 -1.079999
v -0.249391 104.248027 -1.079999
v -0.071196 104.481352 -1.079999
v -0.020546 105.072500 -0.821259
v 0.225916 105.255042 -0.821259
v 0.483041 105.386254 -0.821259
v 0.749855 105.466175 -0.821259
v 0.897734 101.658613 -1.674273
v 0.872697 101.057980 -1.597716
v 0.947568 100.468046 -1.471577
v 1.117229 99.927833 -1.298014
v 1.370234 99.473042 -1.079999
v 1.689569 99.133673 -0.821259
v 2.053793 98.932018 -0.526223
v 2.438465 98.881173 -0.199938
v 2.817779 98.984169 0.152011
v 3.166284 99.233760 0.523605
v 3.460590 99.612914 0.908483
v 0.946270 101.639037 -1.674273
v 0.971376 101.038412 -1.597716
v 1.094680 100.468046 -1.471577
v 1.307862 99.965638 -1.298014
v 1.596601 99.564343 -1.079999
v 1.941530 99.290568 -0.821259
v 2.319530 99.162206 -0.526223
v 2.705270 99.187438 -0.199938
v 3.072906 99.364194 0.152011
v 3.397800 99.680282 0.523605
v 3.658167 100.114209 0.908483
v 0.996035 101.629168 -1.674273
v 1.070871 101.038412 -1.597716
v 1.240583 100.496981 -1.471577
v 1.493786 100.040627 -1.298014
v 1.813518 99.699418 -1.079999
v 2.178378 99.495733 -0.821259
v 2.563946 99.442772 -0.526223
v 2.944422 99.543666 -0.199938
v 3.294345 99.791279 0.152011
v 3.590291 100.168673 0.523605
v 3.812442 100.650248 0.908483
v 1.046212 101.629168 -1.674273
v 1.169550 101.057980 -1.597716
v 1.382884 100.554375 -1.471577
v 1.671949 100.151569 -1.298014
v 2.017425 99.876047 -1.079999
v 2.396223 99.745797 -0.821259
v 2.783030 99.769106 -0.526223
v 3.151994 99.944006 -0.199938
v 3.478457 100.258411 0.152011
v 3.740596 100.690915 0.523605
v 3.920885 101.212230 0.908483
v 1.095977 101.639037 -1.674273
v 1.265792 101.096797 -1.597716
v 1.519244 100.639287 -1.471577
v 1.839426 100.296642 -1.298014
v 2.204973 100.091332 -1.079999
v 2.591491 100.036655 -0.821259
v 2.973183 100.135852 -0.526223
v 3.324576 100.381886 -0.199938
v 3.622219 100.757919 0.152011
v 3.846248 101.238431 0.523605
v 3.981714 101.790926 0.908483
v 1.144513 101.658613 -1.674273
v 1.358016 101.154225 -1.597716
v 1.647425 100.750321 -1.471577
v 1.993466 100.473464 -1.298014
v 2.373081 100.341738 -1.079999
v 2.760972 100.363532 -0.821259
v 3.131283 100.536988 -0.526223
v 3.459336 100.850115 -0.199938
v 3.723272 101.281603 0.152011
v 3.905511 101.802233 0.523605
v 3.993930 102.376837 0.908483
v 1.191023 101.687575 -1.674273
v 1.444708 101.229321 -1.597716
v 1.765322 100.885655 -1.471577
v 2.131541 100.679133 -1.298014
v 2.518991 100.623152 -1.079999
v 2.901885 100.721059 -0.821259
v 3.254735 100.965925 -0.526223
v 3.554061 101.341006 -0.199938
v 3.779955 101.820863 0.152011
v 3.917412 102.373062 0.523605
v 3.957333 102.960339 0.908483
v 1.234743 101.725446 -1.674273
v 1.524445 101.320851 -1.597716
v 1.871000 101.043066 -1.471577
v 2.251382 100.910269 -1.298014
v 2.640306 100.930954 -1.079999
v 3.011916 101.103367 -0.821259
v 3.341511 101.415623 -0.526223
v 3.607195 101.846496 -0.199938
v 3.791338 102.366844 0.152011
v 3.881757 102.941546 0.523605
v 3.872523 103.531853 0.908483
v 1.274956 101.771606 -1.674273
v 1.595918 101.427312 -1.597716
v 1.962723 101.219970 -1.471577
v 2.351022 101.163079 -1.298014
v 2.735034 101.260089 -1.079999
v 3.089258 101.504177 -0.821259
v 3.390186 101.878695 -0.526223
v 3.617865 102.358288 -0.199938
v 3.757235 102.910582 0.152011
v 3.799130 103.498350 0.523605
v 3.740892 104.081994 0.908483
v 1.311001 101.825296 -1.674273
v 1.657952 101.546958 -1.597716
v 2.038984 101.413463 -1.471577
v 2.428826 101.433411 -1.298014
v 2.801619 101.605155 -1.079999
v 3.132642 101.916909 -0.821259
v 3.399961 102.347540 -0.526223
v 3.585897 102.867976 -0.199938
v 3.678205 103.443148 0.152011
v 3.670888 104.034329 0.523605
v 3.564604 104.601728 0.908483
v 1.342286 101.885635 -1.674273
v 1.709530 101.677822 -1.597716
v 2.098533 101.620366 -1.471577
v 2.483516 101.716827 -1.298014
v 2.838969 101.960483 -1.079999
v 3.141354 102.334785 -0.821259
v 3.370676 102.814458 -0.526223
v 3.511816 103.367193 -0.199938
v 3.555545 103.955797 0.152011
v 3.499137 104.540687 0.523605
v 3.346552 105.082522 0.908483
v 1.368297 101.951632 -1.674273
v 1.749804 101.817756 -1.597716
v 2.140390 101.837283 -1.471577
v 2.514192 102.008672 -1.298014
v 2.846469 102.320240 -1.079999
v 3.115253 102.750944 -0.821259
v 3.302811 103.271783 -0.526223
v 3.396837 103.847739 -0.199938
v 3.391270 104.440112 0.152011
v 3.286697 105.009106 0.523605
v 3.090316 105.516481 0.908483
v 1.388608 102.022203 -1.674273
v 1.778114 101.964463 -1.597716
v 2.163869 102.060652 -1.471577
v 2.520353 102.304155 -1.298014
v 2.823998 102.678519 -1.079999
v 3.054766 103.158552 -0.821259
v 3.197481 103.712005 -0.526223
v 3.242850 104.301727 -0.199938
v 3.188078 104.888141 0.152011
v 3.037057 105.431895 0.523605
v 2.800104 105.896480 0.908483
v 1.402884 102.096189 -1.674273
v 1.793993 102.115533 -1.597716
v 2.168584 102.286805 -1.471577
v 2.501896 102.598424 -1.298014
v 2.771924 103.029437 -1.079999
v 2.960886 103.550917 -0.821259
v 3.056415 104.127896 -0.526223
v 3.052382 104.721699 -0.199938
v 2.949304 105.292527 0.152011
v 2.754315 105.802114 0.523605
v 2.480682 106.216279 0.908483
v 1.410893 102.172376 -1.674273
v 1.797182 102.268486 -1.597716
v 2.154458 102.512028 -1.471577
v 2.459126 102.886646 -1.298014
v 2.691101 103.367231 -1.079999
v 2.835155 103.921596 -0.821259
v 2.881929 104.512628 -0.526223
v 2.828560 105.100762 -0.199938
v 2.678870 105.646630 0.152011
v 2.443114 106.113680 0.523605
v 2.137293 106.470626 0.908483
v 1.412501 102.249512 -1.674273
v 1.787628 102.420811 -1.597716
v 2.121723 102.732624 -1.471577
v 2.392743 103.164090 -1.298014
v 2.582858 103.686356 -1.079999
v 2.679639 104.264502 -0.821259
v 2.676890 104.859881 -0.526223
v 2.575061 105.432691 -0.199938
v 2.381216 105.944635 0.152011
v 2.108564 106.361481 0.523605
v 1.775577 106.655346 0.908483
v 1.407683 102.326332 -1.674273
v 1.765488 102.570006 -1.597716
v 2.070915 102.944971 -1.471577
v 2.303838 103.426200 -1.298014
v 2.448970 103.981570 -1.079999
v 2.496889 104.574005 -0.821259
v 2.444663 105.163956 -0.526223
v 2.296045 105.712035 -0.199938
v 2.061228 106.181649 0.152011
v 1.756158 106.541446 0.523605
v 1.401473 106.767406 0.908483
v 1.396517 102.401573 -1.674273
v 1.731126 102.713621 -1.597716
v 2.002871 103.145581 -1.471577
v 2.193871 103.668672 -1.298014
v 2.291638 104.248027 -1.079999
v 2.289908 104.845024 -0.821259
v 2.189061 105.419858 -0.526223
v 1.996096 105.934206 -0.199938
v 1.724162 106.353781 0.152011
v 1.391683 106.650622 0.523605
v 1.021124 106.804964 0.908483
v 1.379188 102.474000 -1.674273
v 1.685105 102.849299 -1.597716
v 1.918706 103.331160 -1.471577
v 2.064647 103.887523 -1.298014
v 2.113443 104.481352 -1.079999
v 2.062093 105.073107 -0.821259
v 1.914282 105.623388 -0.526223
v 1.680138 106.095559 -0.199938
v 1.375553 106.458203 0.152011
v 1.021124 106.687213 0.523605
v 0.640774 106.767406 0.908483
v 1.355979 102.542425 -1.674273
v 1.628182 102.974812 -1.597716
v 1.819802 103.498662 -1.471577
v 1.918289 104.079162 -1.298014
v 1.917314 104.677713 -1.079999
v 1.817185 105.254510 -0.821259
v 1.624837 105.771200 -0.526223
v 1.353358 106.193443 -0.199938
v 1.021124 106.493203 0.152011
v 0.650564 106.650622 0.523605
v 0.266670 106.655346 0.908483
v 1.327272 102.605723 -1.674273
v 1.561291 103.088098 -1.597716
v 1.707785 103.645337 -1.471577
v 1.757200 104.240442 -1.298014
v 1.706468 104.833886 -1.079999
v 1.559206 105.386254 -0.821259
v 1.325479 105.860870 -0.526223
v 1.021124 106.226250 -0.199938
v 0.666694 106.458203 0.152011
v 0.286089 106.541446 0.523605
v -0.092850 106.471992 0.908483
v -1.044931 98.885208 1.258959
v -0.936962 98.737594 1.201476
v -0.828394 98.606419 1.131107
v -0.718561 98.490580 1.050995
v -0.492301 98.300425 0.873998
v -0.244986 98.154167 0.688489
v 0.034259 98.044469 0.512514
v 0.183035 98.003293 0.436627
v 0.337487 97.970434 0.371376
v 0.497948 97.945039 0.318123
v 0.662091 97.926800 0.278700
v 0.828461 97.915621 0.253927
v 0.996635 97.911304 0.244207
v 1.166081 97.913646 0.249935
v 1.333493 97.922490 0.270973
v 1.497354 97.938155 0.306553
v 1.657504 97.961069 0.355903
v 1.813786 97.991663 0.418249
v 2.278422 98.214586 0.523605
v 1.965078 98.030236 0.492264
v 2.738907 98.468048 1.042693
v 2.506340 98.279042 0.858552
v 2.643727 98.396160 0.908483
v 2.248134 98.134045 0.666016
v 2.848942 98.581192 1.124816
v 2.957021 98.708643 1.197037
v 3.063822 98.851380 1.256436
v 0.717470 101.932059 -1.436326
v 1.021124 102.230208 -1.459938
v 0.694342 101.996970 -1.436326
v 1.347905 101.996970 -1.436326
v 1.324778 101.932059 -1.436326
v 1.021124 103.328920 -1.365894
v 0.973107 102.779360 -1.436326
v 1.021124 102.784304 -1.436326
v 0.925911 103.319116 -1.365894
v 0.925947 102.764617 -1.436326
v 0.832398 103.289881 -1.365894
v 0.880485 102.740337 -1.436326
v 0.742253 103.241737 -1.365894
v 0.837533 102.706953 -1.436326
v 0.657084 103.175541 -1.365894
v 0.797857 102.665062 -1.436326
v 0.578411 103.092476 -1.365894
v 0.762166 102.615412 -1.436326
v 0.507639 102.994024 -1.365894
v 0.731095 102.558887 -1.436326
v 0.446029 102.881941 -1.365894
v 0.705200 102.496497 -1.436326
v 0.394683 102.758229 -1.365894
v 0.684943 102.429355 -1.436326
v 0.354515 102.625094 -1.365894
v 0.670685 102.358659 -1.436326
v 0.326243 102.484912 -1.365894
v 0.662681 102.285671 -1.436326
v 0.310371 102.340185 -1.365894
v 0.661073 102.211693 -1.436326
v 0.307182 102.193495 -1.365894
v 0.665890 102.138046 -1.436326
v 0.316734 102.047461 -1.365894
v 0.677046 102.066043 -1.436326
v 0.338855 101.904687 -1.365894
v 0.373152 101.767723 -1.365894
v 0.419012 101.639011 -1.365894
v 0.746016 101.872469 -1.436326
v 0.475616 101.520850 -1.365894
v 0.779472 101.819262 -1.436326
v 0.541955 101.415347 -1.365894
v 0.817240 101.773389 -1.436326
v 0.616845 101.324386 -1.365894
v 0.858646 101.735667 -1.436326
v 0.698949 101.249588 -1.365894
v 0.902952 101.706771 -1.436326
v 0.786802 101.192291 -1.365894
v 0.949366 101.687216 -1.436326
v 0.878837 101.153514 -1.365894
v 0.997061 101.677350 -1.436326
v 0.973411 101.133951 -1.365894
v 1.068836 101.133951 -1.365894
v 1.045186 101.677350 -1.436326
v 1.092881 101.687216 -1.436326
v 1.163410 101.153514 -1.365894
v 1.139295 101.706771 -1.436326
v 1.255445 101.192291 -1.365894
v 1.183601 101.735667 -1.436326
v 1.343298 101.249588 -1.365894
v 1.225007 101.773389 -1.436326
v 1.425403 101.324386 -1.365894
v 1.262775 101.819262 -1.436326
v 1.500292 101.415347 -1.365894
v 1.296231 101.872469 -1.436326
v 1.566631 101.520850 -1.365894
v 1.623236 101.639011 -1.365894
v 1.669095 101.767723 -1.365894
v 1.365201 102.066043 -1.436326
v 1.703392 101.904687 -1.365894
v 1.376358 102.138046 -1.436326
v 1.725513 102.047461 -1.365894
v 1.381175 102.211693 -1.436326
v 1.735065 102.193495 -1.365894
v 1.379567 102.285671 -1.436326
v 1.731876 102.340185 -1.365894
v 1.371562 102.358659 -1.436326
v 1.716005 102.484912 -1.365894
v 1.357304 102.429355 -1.436326
v 1.687733 102.625094 -1.365894
v 1.337047 102.496497 -1.436326
v 1.647564 102.758229 -1.365894
v 1.311152 102.558887 -1.436326
v 1.596218 102.881941 -1.365894
v 1.280082 102.615412 -1.436326
v 1.534609 102.994024 -1.365894
v 1.244390 102.665062 -1.436326
v 1.463836 103.092476 -1.365894
v 1.204714 102.706953 -1.436326
v 1.385163 103.175541 -1.365894
v 1.161762 102.740337 -1.436326
v 1.299995 103.241737 -1.365894
v 1.116301 102.764617 -1.436326
v 1.209849 103.289881 -1.365894
v 1.069141 102.779360 -1.436326
v 1.116336 103.319116 -1.365894
v 1.021124 103.854735 -1.249846
v 0.880345 103.840240 -1.249846
v 0.742079 103.797014 -1.249846
v 0.608792 103.725828 -1.249846
v 0.482863 103.627954 -1.249846
v 0.366540 103.505136 -1.249846
v 0.261897 103.359567 -1.249846
v 0.170804 103.193844 -1.249846
v 0.094884 103.010926 -1.249846
v 0.035492 102.814076 -1.249846
v -0.006310 102.606806 -1.249846
v -0.029778 102.392816 -1.249846
v -0.034493 102.175925 -1.249846
v -0.020370 101.960002 -1.249846
v 0.012338 101.748901 -1.249846
v 0.063048 101.546389 -1.249846
v 0.130856 101.356079 -1.249846
v 0.214550 101.181369 -1.249846
v 0.312636 101.025374 -1.249846
v 0.423367 100.890881 -1.249846
v 0.544764 100.780288 -1.249846
v 0.674662 100.695569 -1.249846
v 0.810742 100.638234 -1.249846
v 0.950577 100.609309 -1.249846
v 1.091670 100.609309 -1.249846
v 1.231505 100.638234 -1.249846
v 1.367586 100.695569 -1.249846
v 1.497483 100.780288 -1.249846
v 1.618881 100.890881 -1.249846
v 1.729611 101.025374 -1.249846
v 1.827698 101.181369 -1.249846
v 1.911392 101.356079 -1.249846
v 1.979199 101.546389 -1.249846
v 2.029909 101.748901 -1.249846
v 2.062617 101.960002 -1.249846
v 2.076740 102.175925 -1.249846
v 2.072025 102.392816 -1.249846
v 2.048558 102.606806 -1.249846
v 2.006755 102.814076 -1.249846
v 1.947363 103.010926 -1.249846
v 1.871444 103.193844 -1.249846
v 1.780350 103.359567 -1.249846
v 1.675707 103.505136 -1.249846
v 1.559384 103.627954 -1.249846
v 1.433455 103.725828 -1.249846
v 1.300168 103.797014 -1.249846
v 1.161902 103.840240 -1.249846
v 1.021124 104.352755 -1.090169
v 0.837188 104.333816 -1.090169
v 0.656534 104.277339 -1.090169
v 0.482386 104.184331 -1.090169
v 0.317853 104.056451 -1.090169
v 0.165869 103.895982 -1.090169
v 0.029147 103.705787 -1.090169
v -0.089873 103.489260 -1.090169
v -0.189067 103.250265 -1.090169
v -0.266665 102.993068 -1.090169
v -0.321283 102.722257 -1.090169
v -0.351946 102.442666 -1.090169
v -0.358106 102.159284 -1.090169
v -0.339654 101.877167 -1.090169
v -0.296918 101.601350 -1.090169
v -0.230662 101.336755 -1.090169
v -0.142068 101.088104 -1.090169
v -0.032716 100.859833 -1.090169
v 0.095441 100.656017 -1.090169
v 0.240117 100.480292 -1.090169
v 0.398730 100.335796 -1.090169
v 0.568449 100.225104 -1.090169
v 0.746247 100.150194 -1.090169
v 0.928950 100.112402 -1.090169
v 1.113298 100.112402 -1.090169
v 1.296000 100.150194 -1.090169
v 1.473798 100.225104 -1.090169
v 1.643517 100.335796 -1.090169
v 1.802130 100.480292 -1.090169
v 1.946807 100.656017 -1.090169
v 2.074964 100.859833 -1.090169
v 2.184315 101.088104 -1.090169
v 2.272909 101.336755 -1.090169
v 2.339165 101.601350 -1.090169
v 2.381901 101.877167 -1.090169
v 2.400353 102.159284 -1.090169
v 2.394193 102.442666 -1.090169
v 2.363531 102.722257 -1.090169
v 2.308913 102.993068 -1.090169
v 2.231315 103.250265 -1.090169
v 2.132120 103.489260 -1.090169
v 2.013100 103.705787 -1.090169
v 1.876379 103.895982 -1.090169
v 1.724394 104.056451 -1.090169
v 1.559861 104.184331 -1.090169
v 1.385713 104.277339 -1.090169
v 1.205060 104.333816 -1.090169
v 1.021124 104.814458 -0.889593
v 0.797177 104.791399 -0.889593
v 0.577227 104.722637 -0.889593
v 0.365199 104.609397 -0.889593
v 0.164875 104.453700 -0.889593
v -0.020169 104.258325 -0.889593
v -0.186631 104.026758 -0.889593
v -0.331540 103.763133 -0.889593
v -0.452311 103.472151 -0.889593
v -0.546789 103.159008 -0.889593
v -0.613288 102.829289 -0.889593
v -0.650620 102.488881 -0.889593
v -0.658120 102.143856 -0.889593
v -0.635653 101.800372 -0.889593
v -0.583622 101.464559 -0.889593
v -0.502954 101.142408 -0.889593
v -0.395088 100.839670 -0.889593
v -0.261951 100.561746 -0.889593
v -0.105916 100.313595 -0.889593
v 0.070230 100.099646 -0.889593
v 0.263345 99.923718 -0.889593
v 0.469982 99.788949 -0.889593
v 0.686455 99.697744 -0.889593
v 0.908900 99.651731 -0.889593
v 1.133347 99.651731 -0.889593
v 1.355792 99.697744 -0.889593
v 1.572265 99.788949 -0.889593
v 1.778903 99.923718 -0.889593
v 1.972017 100.099646 -0.889593
v 2.148164 100.313595 -0.889593
v 2.304198 100.561746 -0.889593
v 2.437335 100.839670 -0.889593
v 2.545201 101.142408 -0.889593
v 2.625869 101.464559 -0.889593
v 2.677901 101.800372 -0.889593
v 2.700367 102.143856 -0.889593
v 2.692867 102.488881 -0.889593
v 2.655535 102.829289 -0.889593
v 2.589036 103.159008 -0.889593
v 2.494559 103.472151 -0.889593
v 2.373788 103.763133 -0.889593
v 2.228878 104.026758 -0.889593
v 2.062416 104.258325 -0.889593
v 1.877372 104.453700 -0.889593
v 1.677048 104.609397 -0.889593
v 1.465020 104.722637 -0.889593
v 1.245070 104.791399 -0.889593
v 1.021124 105.231942 -0.651553
v 0.760999 105.205159 -0.651553
v 0.505516 105.125288 -0.651553
v 0.259234 104.993755 -0.651553
v 0.026548 104.812905 -0.651553
v -0.188389 104.585967 -0.651553
v -0.381743 104.316991 -0.651553
v -0.550063 104.010777 -0.651553
v -0.690345 103.672787 -0.651553
v -0.800085 103.309054 -0.651553
v -0.877327 102.926071 -0.651553
v -0.920690 102.530669 -0.651553
v -0.929401 102.129906 -0.651553
v -0.903306 101.730932 -0.651553
v -0.842868 101.340868 -0.651553
v -0.749168 100.966674 -0.651553
v -0.623877 100.615028 -0.651553
v -0.469231 100.292205 -0.651553
v -0.287990 100.003966 -0.651553
v -0.083387 99.755454 -0.651553
v 0.140925 99.551104 -0.651553
v 0.380945 99.394563 -0.651553
v 0.632389 99.288624 -0.651553
v 0.890770 99.235177 -0.651553
v 1.151477 99.235177 -0.651553
v 1.409858 99.288624 -0.651553
v 1.661302 99.394563 -0.651553
v 1.901322 99.551104 -0.651553
v 2.125634 99.755454 -0.651553
v 2.330237 100.003966 -0.651553
v 2.511479 100.292205 -0.651553
v 2.666124 100.615028 -0.651553
v 2.791416 100.966674 -0.651553
v 2.885115 101.340868 -0.651553
v 2.945553 101.730932 -0.651553
v 2.971649 102.129906 -0.651553
v 2.962937 102.530669 -0.651553
v 2.919574 102.926071 -0.651553
v 2.842332 103.309054 -0.651553
v 2.732592 103.672787 -0.651553
v 2.592310 104.010777 -0.651553
v 2.423990 104.316991 -0.651553
v 2.230637 104.585967 -0.651553
v 2.015699 104.812905 -0.651553
v 1.783013 104.993755 -0.651553
v 1.536731 105.125288 -0.651553
v 1.281248 105.205159 -0.651553
v 1.021124 105.598067 -0.380120
v 0.729271 105.568017 -0.380120
v 0.442627 105.478404 -0.380120
v 0.166305 105.330827 -0.380120
v -0.094761 105.127919 -0.380120
v -0.335915 104.873302 -0.380120
v -0.552852 104.571518 -0.380120
v -0.741702 104.227954 -0.380120
v -0.899094 103.848740 -0.380120
v -1.022220 103.440643 -0.380120
v -1.108882 103.010946 -0.380120
v -1.157535 102.567317 -0.380120
v -1.167309 102.117671 -0.380120
v -1.138030 101.670035 -0.380120
v -1.070221 101.232394 -0.380120
v -0.965093 100.812560 -0.380120
v -0.824520 100.418023 -0.380120
v -0.651012 100.055825 -0.380120
v -0.447664 99.732429 -0.380120
v -0.218106 99.453606 -0.380120
v 0.033567 99.224331 -0.380120
v 0.302862 99.048697 -0.380120
v 0.584975 98.929836 -0.380120
v 0.874871 98.869871 -0.380120
v 1.167376 98.869871 -0.380120
v 1.457272 98.929836 -0.380120
v 1.739385 99.048697 -0.380120
v 2.008680 99.224331 -0.380120
v 2.260353 99.453606 -0.380120
v 2.489911 99.732429 -0.380120
v 2.693259 100.055825 -0.380120
v 2.866767 100.418023 -0.380120
v 3.007340 100.812560 -0.380120
v 3.112469 101.232394 -0.380120
v 3.180278 101.670035 -0.380120
v 3.209556 102.117671 -0.380120
v 3.199782 102.567317 -0.380120
v 3.151130 103.010946 -0.380120
v 3.064467 103.440643 -0.380120
v 2.941341 103.848740 -0.380120
v 2.783950 104.227954 -0.380120
v 2.595099 104.571518 -0.380120
v 2.378162 104.873302 -0.380120
v 2.137008 105.127919 -0.380120
v 1.875942 105.330827 -0.380120
v 1.599620 105.478404 -0.380120
v 1.312976 105.568017 -0.380120
v 1.021124 105.906567 -0.079938
v 0.702537 105.873764 -0.079938
v 0.389636 105.775942 -0.079938
v 0.088004 105.614847 -0.079938
v -0.196977 105.393353 -0.079938
v -0.460221 105.115413 -0.079938
v -0.697030 104.785985 -0.079938
v -0.903179 104.410949 -0.079938
v -1.074988 103.996999 -0.079938
v -1.209392 103.551520 -0.079938
v -1.303993 103.082462 -0.079938
v -1.357102 102.598196 -0.079938
v -1.367772 102.107363 -0.079938
v -1.335811 101.618722 -0.079938
v -1.261791 101.140993 -0.079938
v -1.147032 100.682701 -0.079938
v -0.993583 100.252025 -0.079938
v -0.804181 99.856649 -0.079938
v -0.582206 99.503630 -0.079938
v -0.331620 99.199266 -0.079938
v -0.056895 98.948990 -0.079938
v 0.237069 98.757267 -0.079938
v 0.545023 98.627518 -0.079938
v 0.861474 98.562060 -0.079938
v 1.180773 98.562060 -0.079938
v 1.497224 98.627518 -0.079938
v 1.805178 98.757267 -0.079938
v 2.099142 98.948990 -0.079938
v 2.373868 99.199266 -0.079938
v 2.624453 99.503630 -0.079938
v 2.846428 99.856649 -0.079938
v 3.035830 100.252025 -0.079938
v 3.189280 100.682701 -0.079938
v 3.304038 101.140993 -0.079938
v 3.378059 101.618722 -0.079938
v 3.410019 102.107363 -0.079938
v 3.399350 102.598196 -0.079938
v 3.346241 103.082462 -0.079938
v 3.251640 103.551520 -0.079938
v 3.117236 103.996999 -0.079938
v 2.945426 104.410949 -0.079938
v 2.739278 104.785985 -0.079938
v 2.502468 105.115413 -0.079938
v 2.239224 105.393353 -0.079938
v 1.954244 105.614847 -0.079938
v 1.652612 105.775942 -0.079938
v 1.339710 105.873764 -0.079938
v 1.021124 106.152163 0.243855
v 0.681254 106.117169 0.243855
v 0.347450 106.012812 0.243855
v 0.025667 105.840955 0.243855
v -0.278352 105.604664 0.243855
v -0.559181 105.308155 0.243855
v -0.811810 104.956722 0.243855
v -1.031731 104.556632 0.243855
v -1.215018 104.115028 0.243855
v -1.358401 103.639790 0.243855
v -1.459321 103.139396 0.243855
v -1.515977 102.622779 0.243855
v -1.527360 102.099156 0.243855
v -1.493265 101.577872 0.243855
v -1.414299 101.068229 0.243855
v -1.291875 100.579321 0.243855
v -1.128173 100.119874 0.243855
v -0.926119 99.698085 0.243855
v -0.689316 99.321483 0.243855
v -0.421989 98.996786 0.243855
v -0.128910 98.729791 0.243855
v 0.184691 98.525259 0.243855
v 0.513218 98.386843 0.243855
v 0.850809 98.317013 0.243855
v 1.191439 98.317013 0.243855
v 1.529029 98.386843 0.243855
v 1.857557 98.525259 0.243855
v 2.171157 98.729791 0.243855
v 2.464236 98.996786 0.243855
v 2.731563 99.321483 0.243855
v 2.968366 99.698085 0.243855
v 3.170421 100.119874 0.243855
v 3.334122 100.579321 0.243855
v 3.456547 101.068229 0.243855
v 3.535512 101.577872 0.243855
v 3.569607 102.099156 0.243855
v 3.558225 102.622779 0.243855
v 3.501568 103.139396 0.243855
v 3.400648 103.639790 0.243855
v 3.257265 104.115028 0.243855
v 3.073978 104.556632 0.243855
v 2.854058 104.956722 0.243855
v 2.601428 105.308155 0.243855
v 2.320599 105.604664 0.243855
v 2.016580 105.840955 0.243855
v 1.694798 106.012812 0.243855
v 1.360993 106.117169 0.243855
v 1.021124 106.330653 0.585721
v 0.665787 106.294067 0.585721
v 0.316790 106.184961 0.585721
v -0.019637 106.005283 0.585721
v -0.337492 105.758238 0.585721
v -0.631102 105.448235 0.585721
v -0.895228 105.080807 0.585721
v -1.125157 104.662509 0.585721
v -1.316785 104.200807 0.585721
v -1.466694 103.703940 0.585721
v -1.572207 103.180774 0.585721
v -1.631443 102.640645 0.585721
v -1.643343 102.093192 0.585721
v -1.607695 101.548184 0.585721
v -1.525137 101.015347 0.585721
v -1.397140 100.504189 0.585721
v -1.225990 100.023831 0.585721
v -1.014739 99.582847 0.585721
v -0.767158 99.189105 0.585721
v -0.487666 98.849631 0.585721
v -0.181249 98.570484 0.585721
v 0.146624 98.356645 0.585721
v 0.490103 98.211930 0.585721
v 0.843057 98.138921 0.585721
v 1.199190 98.138921 0.585721
v 1.552145 98.211930 0.585721
v 1.895623 98.356645 0.585721
v 2.223497 98.570484 0.585721
v 2.529913 98.849631 0.585721
v 2.809406 99.189105 0.585721
v 3.056986 99.582847 0.585721
v 3.268237 100.023831 0.585721
v 3.439388 100.504189 0.585721
v 3.567385 101.015347 0.585721
v 3.649943 101.548184 0.585721
v 3.685590 102.093192 0.585721
v 3.673690 102.640645 0.585721
v 3.614454 103.180774 0.585721
v 3.508941 103.703940 0.585721
v 3.359033 104.200807 0.585721
v 3.167405 104.662509 0.585721
v 2.937476 105.080807 0.585721
v 2.673349 105.448235 0.585721
v 2.379739 105.758238 0.585721
v 2.061884 106.005283 0.585721
v 1.725457 106.184961 0.585721
v 1.376461 106.294067 0.585721
v 1.021124 106.438984 0.939809
v 0.656399 106.401431 0.939809
v 0.298182 106.289443 0.939809
v -0.047133 106.105018 0.939809
v -0.373385 105.851445 0.939809
v -0.674752 105.533252 0.939809
v -0.945857 105.156117 0.939809
v -1.181860 104.726769 0.939809
v -1.378552 104.252869 0.939809
v -1.532421 103.742875 0.939809
v -1.640721 103.205888 0.939809
v -1.701522 102.651489 0.939809
v -1.713736 102.089572 0.939809
v -1.677147 101.530165 0.939809
v -1.592407 100.983251 0.939809
v -1.461029 100.458588 0.939809
v -1.285357 99.965541 0.939809
v -1.068525 99.512906 0.939809
v -0.814404 99.108761 0.939809
v -0.527527 98.760319 0.939809
v -0.213015 98.473797 0.939809
v 0.123521 98.254308 0.939809
v 0.476074 98.105770 0.939809
v 0.838353 98.030832 0.939809
v 1.203894 98.030832 0.939809
v 1.566174 98.105770 0.939809
v 1.918727 98.254308 0.939809
v 2.255263 98.473797 0.939809
v 2.569775 98.760319 0.939809
v 2.856651 99.108761 0.939809
v 3.110772 99.512906 0.939809
v 3.327604 99.965541 0.939809
v 3.503276 100.458588 0.939809
v 3.634655 100.983251 0.939809
v 3.719394 101.530165 0.939809
v 3.755984 102.089572 0.939809
v 3.743769 102.651489 0.939809
v 3.682968 103.205888 0.939809
v 3.574668 103.742875 0.939809
v 3.420799 104.252869 0.939809
v 3.224108 104.726769 0.939809
v 2.988104 105.156117 0.939809
v 2.717000 105.533252 0.939809
v 2.415632 105.851445 0.939809
v 2.089380 106.105018 0.939809
v 1.744065 106.289443 0.939809
v 1.385848 106.401431 0.939809
v -0.222411 96.836956 1.142743
v -0.277052 96.980782 1.147818
v -0.266664 97.004538 1.072571
v -0.228572 96.825281 1.221219
v -0.192400 96.860832 0.988309
v -0.218263 97.060325 0.902493
v -0.159847 96.876727 0.889240
v -0.249950 97.028533 0.998365
v 0.143279 96.950517 0.458388
v 0.182318 97.232555 0.419449
v 0.228499 96.962843 0.390095
v 0.093117 97.207904 0.485538
v 0.627584 96.999262 0.194070
v 0.719800 97.316037 0.202927
v 0.737767 97.004584 0.166357
v 0.603123 97.305393 0.229747
v 0.701834 97.627491 0.239499
v 1.081742 97.327197 0.176377
v 0.964496 97.010041 0.138771
v 0.960204 97.326952 0.176232
v 1.079060 97.010163 0.138921
v 1.202761 97.323981 0.185485
v 1.193143 97.008556 0.148333
v 1.322202 97.317312 0.203537
v 1.305787 97.005222 0.166986
v 1.438968 97.307196 0.230518
v 1.415996 97.000164 0.194866
v 2.102744 97.156926 0.639251
v 2.047511 96.925028 0.617224
v 1.977788 96.939148 0.535759
v 2.165449 97.127215 0.723515
v 2.108400 96.910173 0.704297
v 2.218148 97.096436 0.812427
v 2.160117 96.894784 0.796172
v 2.260572 97.064969 0.905225
v 2.257524 96.847312 1.092749
v 2.323506 96.970247 1.199328
v 2.269843 96.831689 1.195970
v 2.752811 98.078712 1.226190
v 2.649487 97.926583 1.139561
v 2.761476 98.234947 1.152936
v 2.645484 97.801597 1.219475
v 2.741772 98.002042 1.263084
v 2.537498 97.618220 1.126186
v 2.566337 98.306352 0.909954
v 2.609660 98.180484 0.984192
v 2.450274 97.903046 0.877445
v 2.752464 98.393451 1.080859
v 2.637461 98.053387 1.060931
v 2.522458 97.713323 1.041003
v 2.323673 98.084515 0.727359
v 2.393646 97.995383 0.800388
v 2.213208 97.620720 0.683305
v 2.407455 97.373259 1.021076
v 2.637393 97.740260 1.259722
v 2.538158 97.524480 1.212759
v 2.425508 97.309857 1.112811
v 2.349953 97.203227 1.011112
v -0.281057 96.957431 1.223762
v -0.333543 97.089581 1.226306
v -0.331693 97.124607 1.152893
v -0.322996 97.160242 1.080154
v -0.276678 97.243921 0.915745
v -0.307500 97.196234 1.008422
v -0.122871 97.122752 0.721121
v -0.180440 97.337562 0.740419
v -0.115956 97.382384 0.659151
v 0.136137 97.502266 0.448803
v 0.042955 97.465291 0.512689
v 0.089957 97.771978 0.478156
v 0.839203 97.323236 0.185075
v 0.850411 97.008183 0.147909
v 0.827994 97.638288 0.222241
v 0.578662 97.611524 0.265424
v 1.084425 97.644230 0.213833
v 0.955912 97.643862 0.213693
v 1.212378 97.639405 0.222638
v 1.338617 97.629402 0.240088
v 1.461941 97.614229 0.266169
v 1.625354 96.985172 0.277255
v 1.763218 97.257837 0.362120
v 1.722924 96.975484 0.330855
v 1.660338 97.277212 0.310249
v 1.803513 97.540190 0.393385
v 1.695322 97.569253 0.343243
v 1.843807 97.822543 0.424650
v 1.730306 97.861295 0.376237
v 1.859754 97.235872 0.421401
v 1.814709 96.964501 0.392112
v 1.904801 97.507242 0.450690
v 1.949846 97.778612 0.479978
v 2.276180 97.298089 0.828681
v 2.222498 97.344257 0.742733
v 2.334211 97.499741 0.844936
v 2.318753 97.250888 0.918386
v 2.376935 97.436807 0.931547
v 2.493297 97.808645 0.957870
v -0.386335 97.268434 1.157967
v -0.379328 97.315946 1.087737
v -0.335094 97.427519 0.928997
v -0.365049 97.363936 1.018478
v -0.171846 97.612134 0.681251
v -0.238009 97.552373 0.759717
v -0.094719 97.669152 0.607743
v -0.283628 98.071637 0.725452
v 0.278824 97.254853 0.360436
v 0.320367 96.973991 0.329115
v 0.237281 97.535714 0.391757
v 0.195738 97.816575 0.423078
v 0.381730 97.274576 0.308889
v 0.418056 96.983853 0.275850
v 0.345404 97.565298 0.341929
v 0.309078 97.856020 0.374968
v -0.491994 97.627353 1.102903
v -0.386028 97.221732 1.228849
v -0.495617 97.556085 1.168117
v -0.604658 97.938760 1.118069
v -0.451926 97.794713 0.955502
v -0.480148 97.699338 1.038592
v -0.568758 98.161906 0.982006
v -0.175780 97.091860 0.809828
v -0.117360 96.892496 0.793487
v -0.234200 97.291226 0.826169
v -0.292620 97.490590 0.842510
v -0.409460 97.889320 0.875193
v -0.526300 98.288049 0.907875
v -0.353148 97.981994 0.798313
v -0.700938 98.014632 1.244109
v -0.805908 98.278932 1.249195
v -0.823465 98.419040 1.198566
v -0.714183 98.131387 1.188416
v -0.829988 98.561575 1.148401
v -0.595968 97.750331 1.239022
v -0.717323 98.250167 1.133235
v -0.604900 97.843736 1.178267
v -0.490998 97.486031 1.233936
v -0.210331 96.848835 1.064988
v 0.065520 96.937136 0.533566
v -0.004174 96.922882 0.614950
v 0.012107 97.181141 0.558292
v 0.459525 97.590681 0.299692
v 0.490131 97.291497 0.265197
v 0.520738 96.992314 0.230701
v 1.551969 97.293749 0.266234
v 1.581156 97.594057 0.300694
v 1.522783 96.993440 0.231773
v 2.047425 97.729997 0.541807
v 1.998258 97.470781 0.514727
v 1.949092 97.211564 0.487647
v 1.899925 96.952347 0.460566
v 2.324260 96.954913 1.249637
v 2.272071 96.824022 1.247956
v 2.376449 97.085804 1.251318
v 2.234950 96.863162 0.991184
v 2.313519 97.001494 1.099436
v 2.377169 97.108806 1.202686
v 2.428638 97.216695 1.252999
v 2.202390 96.879050 0.892063
v 2.292452 97.033195 1.001148
v 2.369514 97.155675 1.106124
v 2.430832 97.247363 1.206043
v 2.533016 97.478478 1.256360
v 2.846150 98.263824 1.266445
v 2.950527 98.525605 1.269807
v 2.860137 98.355828 1.232906
v 3.054905 98.787387 1.273168
v 2.967463 98.632945 1.239621
v 2.873465 98.543310 1.166311
v 2.030374 97.185165 0.560413
v 2.157975 97.388823 0.661278
v 2.279548 97.561299 0.761951
v 2.082960 97.431182 0.585069
v 2.135546 97.677199 0.609723
v 1.484913 97.921262 0.301821
v 1.610342 97.894366 0.335155
v 0.428919 97.889864 0.334188
v 0.554201 97.917655 0.301101
v -0.065301 96.907941 0.701823
v -0.060064 97.152633 0.637050
v -0.041306 97.425147 0.583017
v -0.007207 97.722678 0.539840
v -0.595248 98.034741 1.058705
v -0.710347 98.370143 1.078818
v -1.015849 98.807532 1.259369
v -0.932748 98.706691 1.208715
v -0.910878 98.543233 1.254282
vt 0.842934 -0.768430 0.000000
vt 1.879819 0.886357 0.000000
vt 0.385864 -0.423269 0.000000
vt 1.755294 0.994884 0.000000
vt 1.735327 1.014852 0.000000
vt 1.355644 -1.023727 0.000000
vt 2.043115 0.782760 0.000000
vt 1.902951 0.870160 0.000000
vt 1.906532 -1.180469 0.000000
vt 2.220962 0.706767 0.000000
vt 2.068708 0.770826 0.000000
vt 2.476826 -1.233315 0.000000
vt 2.408726 0.660362 0.000000
vt 2.248238 0.699458 0.000000
vt 3.047142 -1.180469 0.000000
vt 2.601514 0.644758 0.000000
vt 2.573383 0.647219 0.000000
vt 3.598038 -1.023727 0.000000
vt 4.110741 -0.768430 0.000000
vt 4.567810 -0.423269 0.000000
vt 4.953674 0.000000 0.000000
vt 5.255188 0.486964 0.000000
vt 5.462090 1.021040 0.000000
vt 5.567337 1.584041 0.000000
vt 2.601514 3.044620 0.000000
vt 5.567337 2.156793 0.000000
vt 5.462090 2.719793 0.000000
vt 5.255188 3.253870 0.000000
vt 4.953674 3.740834 0.000000
vt 4.567810 4.164103 0.000000
vt 4.110741 4.509264 0.000000
vt 3.598038 4.764561 0.000000
vt 3.047142 4.921302 0.000000
vt 2.476830 4.974149 0.000000
vt 2.599773 3.044620 0.000000
vt 2.413581 3.029875 0.000000
vt 2.412198 3.029727 0.000000
vt 1.906532 4.921302 0.000000
vt 2.410004 3.029359 0.000000
vt 2.250699 2.990866 0.000000
vt 2.223422 2.983557 0.000000
vt 1.355644 4.764561 0.000000
vt 2.072161 2.920470 0.000000
vt 2.046568 2.908536 0.000000
vt 0.842934 4.509264 0.000000
vt 1.907122 2.822427 0.000000
vt 1.883991 2.806230 0.000000
vt 0.385864 4.164103 0.000000
vt 1.759835 2.699246 0.000000
vt 1.739868 2.679279 0.000000
vt 0.000000 3.740834 0.000000
vt 1.634100 2.554086 0.000000
vt 1.617903 2.530955 0.000000
vt 1.534731 2.393804 0.000000
vt -0.301514 3.253870 0.000000
vt 1.522797 2.368211 0.000000
vt 1.461750 2.219884 0.000000
vt -0.508408 2.719793 0.000000
vt 1.454441 2.192607 0.000000
vt 1.416974 2.036646 0.000000
vt -0.613655 2.156793 0.000000
vt 1.414513 2.008515 0.000000
vt 1.401521 1.848642 0.000000
vt -0.613655 1.584041 0.000000
vt 1.413316 1.688678 0.000000
vt 1.415777 1.660547 0.000000
vt -0.508408 1.021040 0.000000
vt 1.452076 1.504309 0.000000
vt 1.459384 1.477033 0.000000
vt -0.301514 0.486964 0.000000
vt 1.519320 1.328253 0.000000
vt 1.531254 1.302660 0.000000
vt 0.000000 0.000000 0.000000
vt 1.613396 1.164890 0.000000
vt 1.629593 1.141758 0.000000
vt 0.000000 0.000000 0.000000
vt 0.572741 0.000000 0.000000
vt 0.000000 11.142857 0.000000
vt 0.572741 11.142857 0.000000
vt 0.000000 22.285714 0.000000
vt 0.572741 22.285714 0.000000
vt 0.000000 33.428572 0.000000
vt 0.572741 33.428572 0.000000
vt 0.000000 44.571429 0.000000
vt 0.572741 44.571429 0.000000
vt 0.000000 55.714286 0.000000
vt 0.572741 55.714286 0.000000
vt 0.000000 66.857143 0.000000
vt 0.572741 66.857143 0.000000
vt 0.000000 0.000000 0.000000
vt 0.572753 0.000000 0.000000
vt 0.000000 11.142857 0.000000
vt 0.572753 11.142857 0.000000
vt 0.000000 22.285714 0.000000
vt 0.572753 22.285714 0.000000
vt 0.000000 33.428571 0.000000
vt 0.572753 33.428571 0.000000
vt 0.000000 44.571429 0.000000
vt 0.572753 44.571429 0.000000
vt 0.000000 55.714286 0.000000
vt 0.572753 55.714286 0.000000
vt 0.000000 66.857143 0.000000
vt 0.572753 66.857143 0.000000
vt 0.000000 78.000000 0.000000
vt 0.572753 78.000000 0.000000
vt 0.000000 0.000000 0.000000
vt 0.572754 0.000000 0.000000
vt 0.000000 11.142857 0.000000
vt 0.572754 11.142857 0.000000
vt 0.000000 22.285714 0.000000
vt 0.572754 22.285714 0.000000
vt 0.000000 33.428571 0.000000
vt 0.572754 33.428571 0.000000
vt 0.000000 44.571429 0.000000
vt 0.572754 44.571429 0.000000
vt 0.000000 55.714286 0.000000
vt 0.572754 55.714286 0.000000
vt 0.000000 66.857143 0.000000
vt 0.572754 66.857143 0.000000
vt 0.000000 78.000000 0.000000
vt 0.572754 78.000000 0.000000
vt 0.000000 0.000000 0.000000
vt 0.572752 0.000000 0.000000
vt 0.000000 11.142857 0.000000
vt 0.572752 11.142857 0.000000
vt 0.000000 22.285714 0.000000
vt 0.572752 22.285714 0.000000
vt 0.000000 33.428571 0.000000
vt 0.572752 33.428571 0.000000
vt 0.000000 44.571429 0.000000
vt 0.572752 44.571429 0.000000
vt 0.000000 55.714286 0.000000
vt 0.572752 55.714286 0.000000
vt 0.000000 66.857143 0.000000
vt 0.572752 66.857143 0.000000
vt 0.000000 78.000000 0.000000
vt 0.572752 78.000000 0.000000
vt 0.000000 0.000000 0.000000
vt 0.572754 0.000000 0.000000
vt 0.000000 11.142857 0.000000
vt 0.572754 11.142857 0.000000
vt 0.000000 22.285714 0.000000
vt 0.572754 22.285714 0.000000
vt 0.000000 33.428571 0.000000
vt 0.572754 33.428571 0.000000
vt 0.000000 44.571429 0.000000
vt 0.572754 44.571429 0.000000
vt 0.000000 55.714286 0.000000
vt 0.572754 55.714286 0.000000
vt 0.000000 66.857143 0.000000
vt 0.572754 66.857143 0.000000
vt 0.000000 78.000000 0.000000
vt 0.572754 78.000000 0.000000
vt 0.000000 0.000000 0.000000
vt 0.572755 0.000000 0.000000
vt 0.000000 11.142857 0.000000
vt 0.572755 11.142857 0.000000
vt 0.000000 22.285714 0.000000
vt 0.572755 22.285714 0.000000
vt 0.000000 33.428571 0.000000
vt 0.572755 33.428571 0.000000
vt 0.000000 44.571429 0.000000
vt 0.572755 44.571429 0.000000
vt 0.000000 55.714286 0.000000
vt 0.572755 55.714286 0.000000
vt 0.000000 66.857143 0.000000
vt 0.572755 66.857143 0.000000
vt 0.000000 78.000000 0.000000
vt 0.572755 78.000000 0.000000
vt 0.000000 0.000000 0.000000
vt 0.572749 0.000000 0.000000
vt 0.000000 11.142857 0.000000
vt 0.572749 11.142857 0.000000
vt 0.000000 22.285714 0.000000
vt 0.572749 22.285714 0.000000
vt 0.000000 33.428571 0.000000
vt 0.572749 33.428571 0.000000
vt 0.000000 44.571429 0.000000
vt 0.572749 44.571429 0.000000
vt 0.000000 55.714286 0.000000
vt 0.572749 55.714286 0.000000
vt 0.000000 66.857143 0.000000
vt 0.572749 66.857143 0.000000
vt 0.000000 78.000000 0.000000
vt 0.572749 78.000000 0.000000
vt 0.000000 -11.142857 0.000000
vt 0.572756 0.000000 0.000000
vt 0.000000 0.000001 0.000000
vt 0.572756 11.142857 0.000000
vt 0.000000 11.142858 0.000000
vt 0.572756 22.285714 0.000000
vt 0.000000 22.285715 0.000000
vt 0.572756 33.428572 0.000000
vt 0.000000 33.428572 0.000000
vt 0.572756 44.571429 0.000000
vt 0.000000 44.571429 0.000000
vt 0.572756 55.714286 0.000000
vt 0.000000 55.714286 0.000000
vt 0.572756 66.857143 0.000000
vt 0.000000 66.857143 0.000000
vt 0.000000 0.000000 0.000000
vt 0.572760 0.000000 0.000000
vt 0.000000 11.142857 0.000000
vt 0.572760 11.142857 0.000000
vt 0.000000 22.285714 0.000000
vt 0.572760 22.285714 0.000000
vt 0.000000 33.428571 0.000000
vt 0.572760 33.428571 0.000000
vt 0.000000 44.571429 0.000000
vt 0.572760 44.571429 0.000000
vt 0.000000 55.714286 0.000000
vt 0.572760 55.714286 0.000000
vt 0.000000 66.857143 0.000000
vt 0.572760 66.857143 0.000000
vt 0.000000 78.000000 0.000000
vt 0.572760 78.000000 0.000000
vt 0.000000 0.000000 0.000000
vt 0.572756 0.000000 0.000000
vt 0.000000 11.142857 0.000000
vt 0.572756 11.142857 0.000000
vt 0.000000 22.285714 0.000000
vt 0.572756 22.285714 0.000000
vt 0.000000 33.428572 0.000000
vt 0.572756 33.428572 0.000000
vt 0.000000 44.571429 0.000000
vt 0.572756 44.571429 0.000000
vt 0.000000 55.714286 0.000000
vt 0.572756 55.714286 0.000000
vt 0.572756 66.857143 0.000000
vt -0.000004 66.857143 0.000000
vt 0.000000 0.000000 0.000000
vt 0.572755 0.000000 0.000000
vt 0.000000 11.142857 0.000000
vt 0.572755 11.142857 0.000000
vt 0.000000 22.285714 0.000000
vt 0.572755 22.285714 0.000000
vt 0.000000 33.428571 0.000000
vt 0.572755 33.428571 0.000000
vt 0.000000 44.571429 0.000000
vt 0.572755 44.571429 0.000000
vt 0.000000 55.714286 0.000000
vt 0.572755 55.714286 0.000000
vt 0.000000 66.857143 0.000000
vt 0.572755 66.857143 0.000000
vt 0.000000 78.000000 0.000000
vt 0.572755 78.000000 0.000000
vt 0.000000 0.000000 0.000000
vt 0.572755 0.000000 0.000000
vt 0.000000 11.142857 0.000000
vt 0.572755 11.142857 0.000000
vt 0.000000 22.285714 0.000000
vt 0.572755 22.285714 0.000000
vt 0.000000 33.428571 0.000000
vt 0.572755 33.428571 0.000000
vt 0.000000 44.571429 0.000000
vt 0.572755 44.571429 0.000000
vt 0.000000 55.714286 0.000000
vt 0.572755 55.714286 0.000000
vt 0.000000 66.857143 0.000000
vt 0.572755 66.857143 0.000000
vt 0.000000 78.000000 0.000000
vt 0.572755 78.000000 0.000000
vt 0.000000 0.000000 0.000000
vt 0.572752 0.000000 0.000000
vt 0.000000 11.142857 0.000000
vt 0.572752 11.142857 0.000000
vt 0.000000 22.285714 0.000000
vt 0.572752 22.285714 0.000000
vt 0.000000 33.428571 0.000000
vt 0.572752 33.428571 0.000000
vt 0.000000 44.571429 0.000000
vt 0.572752 44.571429 0.000000
vt 0.000000 55.714286 0.000000
vt 0.572752 55.714286 0.000000
vt 0.000000 66.857143 0.000000
vt 0.572752 66.857143 0.000000
vt 0.000000 78.000000 0.000000
vt 0.572752 78.000000 0.000000
vt 0.000000 0.000000 0.000000
vt 0.572749 0.000000 0.000000
vt 0.000000 11.142857 0.000000
vt 0.572749 11.142857 0.000000
vt 0.000000 22.285714 0.000000
vt 0.572749 22.285714 0.000000
vt 0.000000 33.428571 0.000000
vt 0.572749 33.428571 0.000000
vt 0.000000 44.571429 0.000000
vt 0.572749 44.571429 0.000000
vt 0.000000 55.714286 0.000000
vt 0.572749 55.714286 0.000000
vt 0.000000 66.857143 0.000000
vt 0.572749 66.857143 0.000000
vt 0.000000 78.000000 0.000000
vt 0.572749 78.000000 0.000000
vt 0.000000 0.000000 0.000000
vt 0.572752 0.000000 0.000000
vt 0.000000 11.142857 0.000000
vt 0.572752 11.142857 0.000000
vt 0.000000 22.285714 0.000000
vt 0.572752 22.285714 0.000000
vt 0.000000 33.428571 0.000000
vt 0.572752 33.428571 0.000000
vt 0.000000 44.571429 0.000000
vt 0.572752 44.571429 0.000000
vt 0.000000 55.714286 0.000000
vt 0.572752 55.714286 0.000000
vt 0.000000 66.857143 0.000000
vt 0.572752 66.857143 0.000000
vt 0.000000 78.000000 0.000000
vt 0.572752 78.000000 0.000000
vt 0.000000 0.000000 0.000000
vt 0.572760 0.000000 0.000000
vt 0.000000 11.142857 0.000000
vt 0.572760 11.142857 0.000000
vt 0.000000 22.285714 0.000000
vt 0.572760 22.285714 0.000000
vt 0.000000 33.428571 0.000000
vt 0.572760 33.428571 0.000000
vt 0.000000 44.571428 0.000000
vt 0.572760 44.571429 0.000000
vt 0.000000 55.714286 0.000000
vt 0.572760 55.714286 0.000000
vt 0.000000 66.857143 0.000000
vt 0.572760 66.857143 0.000000
vt 0.000000 78.000000 0.000000
vt 0.572760 78.000000 0.000000
vt 0.000000 0.000000 0.000000
vt 0.572754 0.000000 0.000000
vt 0.000000 11.142857 0.000000
vt 0.572754 11.142857 0.000000
vt 0.000000 22.285714 0.000000
vt 0.572754 22.285714 0.000000
vt 0.000000 33.428571 0.000000
vt 0.572754 33.428571 0.000000
vt 0.000000 44.571429 0.000000
vt 0.572754 44.571429 0.000000
vt 0.000000 55.714286 0.000000
vt 0.572754 55.714286 0.000000
vt 0.000000 66.857143 0.000000
vt 0.572754 66.857143 0.000000
vt 0.000000 78.000000 0.000000
vt 0.572754 78.000000 0.000000
vt 0.000000 0.000000 0.000000
vt 0.572752 0.000000 0.000000
vt 0.000000 11.142857 0.000000
vt 0.572752 11.142857 0.000000
vt 0.000000 22.285714 0.000000
vt 0.572752 22.285714 0.000000
vt 0.000000 33.428571 0.000000
vt 0.572752 33.428571 0.000000
vt 0.000000 44.571429 0.000000
vt 0.572752 44.571429 0.000000
vt 0.000000 55.714286 0.000000
vt 0.572752 55.714286 0.000000
vt 0.000000 66.857143 0.000000
vt 0.572752 66.857143 0.000000
vt 0.000000 78.000000 0.000000
vt 0.572752 78.000000 0.000000
vt 0.000000 25.000000 0.000000
vt -9.666666 25.000000 0.000000
vt 0.000000 16.666667 0.000000
vt -9.666666 16.666667 0.000000
vt 0.000000 8.333333 0.000000
vt -9.666666 8.333333 0.000000
vt 0.000000 0.000000 0.000000
vt -9.666666 0.000000 0.000000
vt -19.333332 8.333333 0.000000
vt -19.333332 0.000000 0.000000
vt -28.999999 8.333333 0.000000
vt -28.999999 0.000000 0.000000
vt -19.333332 25.000000 0.000000
vt -19.333332 16.666667 0.000000
vt -28.999999 25.000000 0.000000
vt -28.999999 16.666667 0.000000
vt 0.000000 25.000000 0.000000
vt -2.000000 25.000000 0.000000
vt 0.000000 16.666667 0.000000
vt -2.000000 16.666667 0.000000
vt 0.000000 8.333333 0.000000
vt -2.000000 8.333333 0.000000
vt 0.000000 0.000000 0.000000
vt -2.000000 0.000000 0.000000
vt 0.000000 25.000000 0.000000
vt -2.000000 25.000000 0.000000
vt 0.000000 16.666667 0.000000
vt -2.000000 16.666667 0.000000
vt 0.000000 8.333333 0.000000
vt -2.000000 8.333333 0.000000
vt 0.000000 0.000000 0.000000
vt -2.000000 0.000000 0.000000
vt 0.000000 0.000000 0.000000
vt 0.572752 0.000000 0.000000
vt 0.000000 11.142857 0.000000
vt 0.572752 11.142857 0.000000
vt 0.000000 22.285714 0.000000
vt 0.572752 22.285714 0.000000
vt 0.000000 33.428571 0.000000
vt 0.572752 33.428571 0.000000
vt 0.000000 44.571429 0.000000
vt 0.572752 44.571429 0.000000
vt 0.000000 55.714286 0.000000
vt 0.572752 55.714286 0.000000
vt 0.000000 66.857143 0.000000
vt 0.572752 66.857143 0.000000
vt 0.000000 78.000000 0.000000
vt 0.572752 78.000000 0.000000
vt 0.000000 0.000000 0.000000
vt 0.572754 0.000000 0.000000
vt 0.000000 11.142857 0.000000
vt 0.572754 11.142857 0.000000
vt 0.000000 22.285714 0.000000
vt 0.572754 22.285714 0.000000
vt 0.000000 33.428571 0.000000
vt 0.572754 33.428571 0.000000
vt 0.000000 44.571429 0.000000
vt 0.572754 44.571429 0.000000
vt 0.000000 55.714286 0.000000
vt 0.572754 55.714286 0.000000
vt 0.000000 66.857143 0.000000
vt 0.572754 66.857143 0.000000
vt 0.000000 78.000000 0.000000
vt 0.572754 78.000000 0.000000
vt 0.000000 0.000000 0.000000
vt 0.572750 0.000000 0.000000
vt 0.000000 11.142857 0.000000
vt 0.572750 11.142857 0.000000
vt 0.000000 22.285714 0.000000
vt 0.572750 22.285714 0.000000
vt 0.000000 33.428571 0.000000
vt 0.572750 33.428571 0.000000
vt 0.000000 44.571429 0.000000
vt 0.572750 44.571429 0.000000
vt 0.000000 55.714286 0.000000
vt 0.572750 55.714286 0.000000
vt 0.000000 66.857143 0.000000
vt 0.572750 66.857143 0.000000
vt 0.000000 78.000000 0.000000
vt 0.572750 78.000000 0.000000
vt 0.000000 0.000000 0.000000
vt 0.572755 0.000000 0.000000
vt 0.000000 11.142857 0.000000
vt 0.572755 11.142857 0.000000
vt 0.000000 22.285714 0.000000
vt 0.572755 22.285714 0.000000
vt 0.000000 33.428571 0.000000
vt 0.572755 33.428571 0.000000
vt 0.000000 44.571429 0.000000
vt 0.572755 44.571429 0.000000
vt 0.000000 55.714286 0.000000
vt 0.572755 55.714286 0.000000
vt 0.000000 66.857143 0.000000
vt 0.572755 66.857143 0.000000
vt 0.000000 78.000000 0.000000
vt 0.572755 78.000000 0.000000
vt 0.000000 0.000000 0.000000
vt 0.572754 0.000000 0.000000
vt 0.000000 11.142857 0.000000
vt 0.572754 11.142857 0.000000
vt 0.000000 22.285714 0.000000
vt 0.572754 22.285714 0.000000
vt 0.000000 33.428571 0.000000
vt 0.572754 33.428571 0.000000
vt 0.000000 44.571429 0.000000
vt 0.572754 44.571429 0.000000
vt 0.000000 55.714286 0.000000
vt 0.572754 55.714286 0.000000
vt 0.000000 66.857143 0.000000
vt 0.572754 66.857143 0.000000
vt 0.000000 78.000000 0.000000
vt 0.572754 78.000000 0.000000
vt 0.000000 0.000000 0.000000
vt 0.572756 0.000000 0.000000
vt 0.000000 11.142857 0.000000
vt 0.572756 11.142857 0.000000
vt 0.000000 22.285714 0.000000
vt 0.572756 22.285714 0.000000
vt 0.000000 33.428571 0.000000
vt 0.572756 33.428571 0.000000
vt 0.000000 44.571429 0.000000
vt 0.572756 44.571429 0.000000
vt 0.000000 55.714286 0.000000
vt 0.572756 55.714286 0.000000
vt 0.000000 66.857143 0.000000
vt 0.572756 66.857143 0.000000
vt 0.000000 78.000000 0.000000
vt 0.572756 78.000000 0.000000
vt 0.000000 0.000000 0.000000
vt 0.572753 0.000000 0.000000
vt 0.000000 11.142857 0.000000
vt 0.572753 11.142857 0.000000
vt 0.000000 22.285714 0.000000
vt 0.572753 22.285714 0.000000
vt 0.000000 33.428571 0.000000
vt 0.572753 33.428571 0.000000
vt 0.000000 44.571428 0.000000
vt 0.572753 44.571429 0.000000
vt 0.000000 55.714286 0.000000
vt 0.572753 55.714286 0.000000
vt 0.000000 66.857143 0.000000
vt 0.572753 66.857143 0.000000
vt 0.000000 78.000000 0.000000
vt 0.572753 78.000000 0.000000
vt -0.000015 -11.142857 0.000000
vt 0.572741 -0.000000 0.000000
vt 0.000000 0.000000 0.000000
vt 0.572741 -0.000000 0.000000
vt 0.572756 11.142857 0.000000
vt 0.000000 0.000000 0.000000
vt 0.572756 0.000000 0.000000
vt 0.572756 11.142857 0.000000
vt 0.000000 0.000000 0.000000
vt 0.000000 0.000000 0.000000
vt 0.572755 0.000000 0.000000
vt 0.000000 11.142857 0.000000
vt 0.572755 11.142857 0.000000
vt 0.000000 22.285714 0.000000
vt 0.572755 22.285714 0.000000
vt 0.000000 33.428571 0.000000
vt 0.572755 33.428571 0.000000
vt 0.000000 44.571429 0.000000
vt 0.572755 44.571429 0.000000
vt 0.000000 55.714286 0.000000
vt 0.572755 55.714286 0.000000
vt 0.000000 66.857143 0.000000
vt 0.572755 66.857143 0.000000
vt 0.000000 78.000000 0.000000
vt 0.572755 78.000000 0.000000
vt 0.000000 0.000000 0.000000
vt 0.572756 0.000000 0.000000
vt 0.000000 11.142857 0.000000
vt 0.572756 11.142857 0.000000
vt 0.000000 22.285714 0.000000
vt 0.572756 22.285714 0.000000
vt 0.000000 33.428571 0.000000
vt 0.572756 33.428571 0.000000
vt 0.000000 44.571429 0.000000
vt 0.572756 44.571429 0.000000
vt 0.000000 55.714286 0.000000
vt 0.572756 55.714286 0.000000
vt 0.000000 66.857143 0.000000
vt 0.572756 66.857143 0.000000
vt 0.000000 78.000000 0.000000
vt 0.572756 78.000000 0.000000
vt 0.000000 0.000000 0.000000
vt 0.572755 0.000000 0.000000
vt 0.000000 11.142857 0.000000
vt 0.572755 11.142857 0.000000
vt 0.000000 22.285714 0.000000
vt 0.572755 22.285714 0.000000
vt 0.000000 33.428571 0.000000
vt 0.572755 33.428571 0.000000
vt 0.000000 44.571429 0.000000
vt 0.572755 44.571429 0.000000
vt 0.000000 55.714286 0.000000
vt 0.572755 55.714286 0.000000
vt 0.000000 66.857143 0.000000
vt 0.572755 66.857143 0.000000
vt 0.000000 78.000000 0.000000
vt 0.572755 78.000000 0.000000
vt 0.000000 -11.142857 0.000000
vt 0.572741 0.000000 0.000000
vt 0.000000 0.000001 0.000000
vt 0.572741 11.142857 0.000000
vt 0.000000 11.142858 0.000000
vt 0.572741 22.285714 0.000000
vt 0.000000 22.285715 0.000000
vt 0.572741 33.428572 0.000000
vt 0.000000 33.428572 0.000000
vt 0.572741 44.571429 0.000000
vt 0.000000 44.571429 0.000000
vt 0.572741 55.714286 0.000000
vt 0.000000 55.714286 0.000000
vt 0.572737 66.857143 0.000000
vt 0.000000 66.857143 0.000000
vt 0.000000 0.000000 0.000000
vt 0.572753 0.000000 0.000000
vt 0.000000 11.142857 0.000000
vt 0.572753 11.142857 0.000000
vt 0.000000 22.285714 0.000000
vt 0.572753 22.285714 0.000000
vt 0.000000 33.428571 0.000000
vt 0.572753 33.428571 0.000000
vt 0.000000 44.571429 0.000000
vt 0.572753 44.571429 0.000000
vt 0.000000 55.714286 0.000000
vt 0.572753 55.714286 0.000000
vt 0.000000 66.857143 0.000000
vt 0.572753 66.857143 0.000000
vt 0.000000 78.000000 0.000000
vt 0.572753 78.000000 0.000000
vt 0.000000 0.000000 0.000000
vt 0.572752 0.000000 0.000000
vt 0.000000 11.142857 0.000000
vt 0.572752 11.142857 0.000000
vt 0.000000 22.285714 0.000000
vt 0.572752 22.285714 0.000000
vt 0.000000 33.428571 0.000000
vt 0.572752 33.428571 0.000000
vt 0.000000 44.571429 0.000000
vt 0.572752 44.571429 0.000000
vt 0.000000 55.714286 0.000000
vt 0.572752 55.714286 0.000000
vt 0.000000 66.857143 0.000000
vt 0.572752 66.857143 0.000000
vt 0.000000 78.000000 0.000000
vt 0.572752 78.000000 0.000000
vt 0.000015 -11.142857 0.000000
vt 0.572756 0.000000 0.000000
vt 0.000000 0.000000 0.000000
vt 0.572756 0.000000 0.000000
vt 0.572741 11.142857 0.000000
vt 0.000000 0.000000 0.000000
vt 0.572741 0.000000 0.000000
vt 0.572741 11.142857 0.000000
vt 0.000000 0.000000 0.000000
vt 0.000000 0.000000 0.000000
vt 0.572749 0.000000 0.000000
vt 0.000000 11.142857 0.000000
vt 0.572749 11.142857 0.000000
vt 0.000000 22.285714 0.000000
vt 0.572749 22.285714 0.000000
vt 0.000000 33.428571 0.000000
vt 0.572749 33.428571 0.000000
vt 0.000000 44.571429 0.000000
vt 0.572749 44.571429 0.000000
vt 0.000000 55.714286 0.000000
vt 0.572749 55.714286 0.000000
vt 0.000000 66.857143 0.000000
vt 0.572749 66.857143 0.000000
vt 0.000000 78.000000 0.000000
vt 0.572749 78.000000 0.000000
vt 0.000000 25.000000 0.000000
vt -6.000000 25.000000 0.000000
vt 0.000000 16.666667 0.000000
vt -6.000000 16.666667 0.000000
vt 0.000000 8.333333 0.000000
vt -6.000000 8.333333 0.000000
vt 0.000000 0.000000 0.000000
vt -6.000000 0.000000 0.000000
vt 0.000000 0.000000 0.000000
vt 0.572752 0.000000 0.000000
vt 0.000000 11.142857 0.000000
vt 0.572752 11.142857 0.000000
vt 0.000000 22.285714 0.000000
vt 0.572752 22.285714 0.000000
vt 0.000000 33.428571 0.000000
vt 0.572752 33.428571 0.000000
vt 0.000000 44.571429 0.000000
vt 0.572752 44.571429 0.000000
vt 0.000000 55.714286 0.000000
vt 0.572752 55.714286 0.000000
vt 0.000000 66.857143 0.000000
vt 0.572752 66.857143 0.000000
vt 0.000000 78.000000 0.000000
vt 0.572752 78.000000 0.000000
vt 0.000000 0.000000 0.000000
vt 0.572754 0.000000 0.000000
vt 0.000000 11.142857 0.000000
vt 0.572754 11.142857 0.000000
vt 0.000000 22.285714 0.000000
vt 0.572754 22.285714 0.000000
vt 0.000000 33.428571 0.000000
vt 0.572754 33.428571 0.000000
vt 0.000000 44.571429 0.000000
vt 0.572754 44.571429 0.000000
vt 0.000000 55.714286 0.000000
vt 0.572754 55.714286 0.000000
vt 0.000000 66.857143 0.000000
vt 0.572754 66.857143 0.000000
vt 0.000000 78.000000 0.000000
vt 0.572754 78.000000 0.000000
vt 0.000000 25.000000 0.000000
vt -6.000000 25.000000 0.000000
vt 0.000000 16.666667 0.000000
vt -6.000000 16.666667 0.000000
vt 0.000000 8.333333 0.000000
vt -6.000000 8.333333 0.000000
vt 0.000000 0.000000 0.000000
vt -6.000000 0.000000 0.000000
vt 0.000000 25.000000 0.000000
vt -8.333336 25.000000 0.000000
vt 0.000000 16.666667 0.000000
vt -8.333336 16.666667 0.000000
vt 0.000000 8.333333 0.000000
vt -8.333336 8.333333 0.000000
vt 0.000000 0.000000 0.000000
vt -8.333336 0.000000 0.000000
vt -16.666672 8.333333 0.000000
vt -16.666672 0.000000 0.000000
vt -25.000008 8.333333 0.000000
vt -25.000008 0.000000 0.000000
vt -16.666672 25.000000 0.000000
vt -16.666672 16.666667 0.000000
vt -25.000008 25.000000 0.000000
vt -25.000008 16.666667 0.000000
vt 0.000000 25.000000 0.000000
vt -6.000000 25.000000 0.000000
vt 0.000000 16.666667 0.000000
vt -6.000000 16.666667 0.000000
vt 0.000000 8.333333 0.000000
vt -6.000000 8.333333 0.000000
vt 0.000000 0.000000 0.000000
vt -6.000000 0.000000 0.000000
vt 0.000000 25.000000 0.000000
vt -8.333336 25.000000 0.000000
vt 0.000000 16.666667 0.000000
vt -8.333336 16.666667 0.000000
vt 0.000000 8.333333 0.000000
vt -8.333336 8.333333 0.000000
vt 0.000000 0.000000 0.000000
vt -8.333336 0.000000 0.000000
vt -16.666672 8.333333 0.000000
vt -16.666672 0.000000 0.000000
vt -25.000008 8.333333 0.000000
vt -25.000008 0.000000 0.000000
vt -16.666672 25.000000 0.000000
vt -16.666672 16.666667 0.000000
vt -25.000008 25.000000 0.000000
vt -25.000008 16.666667 0.000000
vt 0.000000 25.000000 0.000000
vt -2.000000 25.000000 0.000000
vt 0.000000 16.666667 0.000000
vt -2.000000 16.666667 0.000000
vt 0.000000 8.333333 0.000000
vt -2.000000 8.333333 0.000000
vt 0.000000 0.000000 0.000000
vt -2.000000 0.000000 0.000000
vt 0.000000 25.000000 0.000000
vt -6.000000 25.000000 0.000000
vt 0.000000 16.666667 0.000000
vt -6.000000 16.666667 0.000000
vt 0.000000 8.333333 0.000000
vt -6.000000 8.333333 0.000000
vt 0.000000 0.000000 0.000000
vt -6.000000 0.000000 0.000000
vt 11.514748 13.650622 0.000000
vt 11.409500 14.213623 0.000000
vt 9.666669 10.819734 0.000000
vt 11.409500 14.786375 0.000000
vt 0.000000 19.333332 0.000000
vt 9.666669 19.333332 0.000000
vt 2.000000 22.999999 0.000000
vt 10.333336 22.999999 0.000000
vt 13.378799 17.394144 0.000000
vt 13.929687 17.550885 0.000000
vt 11.514748 15.349376 0.000000
vt 11.721642 15.883452 0.000000
vt 12.023155 16.370416 0.000000
vt 12.409019 16.793685 0.000000
vt 12.866089 17.138846 0.000000
vt 14.500000 17.603732 0.000000
vt 18.666672 22.999999 0.000000
vt 15.070297 17.550885 0.000000
vt 15.621193 17.394144 0.000000
vt 19.333338 19.333332 0.000000
vt 16.133896 17.138846 0.000000
vt 16.590965 16.793685 0.000000
vt 16.976830 16.370416 0.000000
vt 17.278343 15.883452 0.000000
vt 17.485245 15.349376 0.000000
vt 17.590492 14.786375 0.000000
vt 29.000008 9.666666 0.000000
vt 29.000008 19.333332 0.000000
vt 17.590492 14.213623 0.000000
vt 19.333338 9.666666 0.000000
vt 27.000008 6.000000 0.000000
vt 18.666672 6.000000 0.000000
vt 15.621193 11.605855 0.000000
vt 15.070297 11.449114 0.000000
vt 17.485245 13.650622 0.000000
vt 17.278343 13.116547 0.000000
vt 16.976830 12.629582 0.000000
vt 16.590965 12.206313 0.000000
vt 16.133896 11.861153 0.000000
vt 14.500000 11.396267 0.000000
vt 10.333336 6.000000 0.000000
vt 13.929687 11.449114 0.000000
vt 13.378799 11.605855 0.000000
vt 9.666669 9.666666 0.000000
vt 12.866089 11.861153 0.000000
vt 12.409019 12.206313 0.000000
vt 12.023155 12.629582 0.000000
vt 11.721642 13.116547 0.000000
vt 2.000000 0.000000 0.000000
vt 2.000000 6.000000 0.000000
vt 0.000000 0.000000 0.000000
vt 0.000000 9.666666 0.000000
vt 27.000008 0.000000 0.000000
vt 29.000008 0.000000 0.000000
vt 27.000008 22.999999 0.000000
vt 29.000008 28.999999 0.000000
vt 27.000008 28.999999 0.000000
vt 2.000000 28.999999 0.000000
vt 0.000000 28.999999 0.000000
vt 0.000000 -6.000000 0.000000
vt 2.000000 -6.000000 0.000000
vt 0.000000 0.000000 0.000000
vt 2.000000 3.666666 0.000000
vt -7.666669 3.666666 0.000000
vt -7.666669 13.333332 0.000000
vt -17.333338 13.333332 0.000000
vt -16.666672 16.999999 0.000000
vt -25.000008 16.999999 0.000000
vt 2.000000 13.333332 0.000000
vt 0.000000 16.999999 0.000000
vt -8.333336 16.999999 0.000000
vt 2.000000 22.999999 0.000000
vt 0.000000 22.999999 0.000000
vt -25.000008 22.999999 0.000000
vt -27.000008 22.999999 0.000000
vt -27.000008 13.333332 0.000000
vt -17.333338 3.666666 0.000000
vt -8.333336 0.000000 0.000000
vt -27.000008 3.666666 0.000000
vt -25.000008 0.000000 0.000000
vt -16.666672 0.000000 0.000000
vt -27.000008 -6.000000 0.000000
vt -25.000008 -6.000000 0.000000
vt 0.000000 25.000000 0.000000
vt -9.666666 25.000000 0.000000
vt 0.000000 16.666667 0.000000
vt -9.666666 16.666667 0.000000
vt 0.000000 8.333333 0.000000
vt -9.666666 8.333333 0.000000
vt 0.000000 0.000000 0.000000
vt -9.666666 0.000000 0.000000
vt -19.333332 8.333333 0.000000
vt -19.333332 0.000000 0.000000
vt -28.999999 8.333333 0.000000
vt -28.999999 0.000000 0.000000
vt -19.333332 25.000000 0.000000
vt -19.333332 16.666667 0.000000
vt -28.999999 25.000000 0.000000
vt -28.999999 16.666667 0.000000
vt 0.000000 25.000000 0.000000
vt -2.000000 25.000000 0.000000
vt 0.000000 16.666667 0.000000
vt -2.000000 16.666667 0.000000
vt 0.000000 8.333333 0.000000
vt -2.000000 8.333333 0.000000
vt 0.000000 0.000000 0.000000
vt -2.000000 0.000000 0.000000
vt 0.160399 1.975119 0.000000
vt 0.000000 1.975119 0.000000
vt 0.160399 -0.000000 0.000000
vt 0.000000 -0.000000 0.000000
vt 0.028238 1.975119 0.000000
vt 0.000000 1.975119 0.000000
vt 0.028238 -0.000000 0.000000
vt 0.000000 -0.000000 0.000000
vt 0.160399 1.975119 0.000000
vt -0.000000 1.975119 0.000000
vt 0.160399 -0.000000 0.000000
vt -0.000000 0.000000 0.000000
vt 0.028238 1.975119 0.000000
vt -0.000000 1.975119 0.000000
vt 0.028238 -0.000000 0.000000
vt -0.000000 0.000000 0.000000
vt 0.160399 1.975119 0.000000
vt 0.000000 1.975119 0.000000
vt 0.160399 -0.000000 0.000000
vt 0.000000 -0.000000 0.000000
vt 0.028238 1.975119 0.000000
vt -0.000000 1.975119 0.000000
vt 0.028238 -0.000000 0.000000
vt -0.000000 0.000000 0.000000
vt 0.160399 1.975119 0.000000
vt -0.000000 1.975119 0.000000
vt 0.160399 -0.000000 0.000000
vt -0.000000 0.000000 0.000000
vt 0.028238 1.975119 0.000000
vt -0.000000 1.975119 0.000000
vt 0.028238 -0.000000 0.000000
vt -0.000000 0.000000 0.000000
vt 0.165181 1.975119 0.000000
vt -0.000000 1.975119 0.000000
vt 0.165181 -0.000000 0.000000
vt -0.000000 0.000000 0.000000
vt 0.028238 1.975119 0.000000
vt 0.000000 1.975119 0.000000
vt 0.028238 -0.000000 0.000000
vt 0.000000 -0.000000 0.000000
vt 0.165181 1.975119 0.000000
vt -0.000000 1.975119 0.000000
vt 0.165181 -0.000000 0.000000
vt -0.000000 0.000000 0.000000
vt 0.028238 1.975119 0.000000
vt 0.000000 1.975119 0.000000
vt 0.028238 -0.000000 0.000000
vt 0.000000 -0.000000 0.000000
vt 0.165181 1.975119 0.000000
vt 0.000000 1.975119 0.000000
vt 0.165181 -0.000000 0.000000
vt 0.000000 -0.000000 0.000000
vt 0.028238 1.975119 0.000000
vt -0.000000 1.975119 0.000000
vt 0.028238 -0.000000 0.000000
vt -0.000000 0.000000 0.000000
vt 0.165181 1.975119 0.000000
vt 0.000000 1.975119 0.000000
vt 0.165181 -0.000000 0.000000
vt 0.000000 -0.000000 0.000000
vt 0.028238 1.975119 0.000000
vt 0.000000 1.975119 0.000000
vt 0.028238 -0.000000 0.000000
vt 0.000000 -0.000000 0.000000
vt 0.165181 1.975119 0.000000
vt 0.000000 1.975119 0.000000
vt 0.165181 -0.000000 0.000000
vt 0.000000 -0.000000 0.000000
vt 0.165181 1.975119 0.000000
vt -0.000000 1.975119 0.000000
vt 0.165181 -0.000000 0.000000
vt -0.000000 0.000000 0.000000
vt 0.028238 -181.671288 0.000000
vt 0.000000 -181.671288 0.000000
vt 0.028238 -183.646406 0.000000
vt 0.000000 -184.569253 0.000000
vt 9.650226 -1.694234 0.000000
vt 8.136531 -1.694234 0.000000
vt 9.650226 -4.094096 0.000000
vt 6.752261 -4.094096 0.000000
vt 6.752261 -1.694096 0.000000
vt 5.457906 -2.986322 0.000000
vt 5.438957 -2.617832 0.000000
vt 6.462610 -1.575491 0.000000
vt 5.344635 -2.254273 0.000000
vt 6.172960 -1.456886 0.000000
vt 5.883309 -1.338281 0.000000
vt 8.136531 -1.694096 0.000000
vt 5.176622 -1.902131 0.000000
vt 5.593658 -1.219677 0.000000
vt 4.937918 -1.567691 0.000000
vt 5.014357 -0.982467 0.000000
vt 4.632780 -1.256920 0.000000
vt 4.724706 -0.863862 0.000000
vt 4.266657 -0.975365 0.000000
vt 4.435055 -0.745257 0.000000
vt 3.846079 -0.728050 0.000000
vt 3.979970 -0.492269 0.000000
vt 3.378554 -0.519388 0.000000
vt 3.478330 -0.279724 0.000000
vt 2.872423 -0.353103 0.000000
vt 2.938582 -0.111202 0.000000
vt 2.336718 -0.232162 0.000000
vt 2.369815 0.010461 0.000000
vt 1.780999 -0.158723 0.000000
vt 1.781604 0.083215 0.000000
vt 1.215184 -0.134096 0.000000
vt 1.183856 0.105835 0.000000
vt 0.649368 -0.158723 0.000000
vt 0.586636 0.077940 0.000000
vt 0.093649 -0.232162 0.000000
vt 0.000000 0.000000 0.000000
vt -0.442055 -0.353103 0.000000
vt -0.566175 -0.126672 0.000000
vt -0.948187 -0.519388 0.000000
vt -1.102354 -0.299944 0.000000
vt -1.415712 -0.728050 0.000000
vt -1.599509 -0.516898 0.000000
vt -1.836290 -0.975365 0.000000
vt -2.049268 -0.773881 0.000000
vt -2.202413 -1.256920 0.000000
vt -2.444059 -1.066564 0.000000
vt -2.507550 -1.567691 0.000000
vt -2.777233 -1.390021 0.000000
vt -3.043180 -1.738805 0.000000
vt -2.746255 -1.902131 0.000000
vt -3.237422 -2.107042 0.000000
vt -2.914267 -2.254273 0.000000
vt -3.356689 -2.488532 0.000000
vt -3.008590 -2.617832 0.000000
vt -3.398971 -2.876851 0.000000
vt -3.027539 -2.986322 0.000000
vt -3.363558 -3.265461 0.000000
vt -2.970776 -3.353165 0.000000
vt -3.251045 -3.647817 0.000000
vt -2.839314 -3.711817 0.000000
vt -3.063327 -4.017482 0.000000
vt -2.635501 -4.055876 0.000000
vt -2.803565 -4.368230 0.000000
vt -2.362972 -4.379204 0.000000
vt -2.476133 -4.694156 0.000000
vt -2.026591 -4.676029 0.000000
vt -2.086543 -4.989772 0.000000
vt -1.632360 -4.941056 0.000000
vt -1.641359 -5.250099 0.000000
vt -1.187315 -5.169555 0.000000
vt -1.148072 -5.470754 0.000000
vt -0.699397 -5.357449 0.000000
vt -0.614993 -5.648023 0.000000
vt -0.177312 -5.501383 0.000000
vt -0.051096 -5.778918 0.000000
vt 0.369621 -5.598791 0.000000
vt 0.534124 -5.861238 0.000000
vt 0.931643 -5.647933 0.000000
vt 1.130811 -5.893595 0.000000
vt 1.498725 -5.647933 0.000000
vt 1.728920 -5.875444 0.000000
vt 2.060747 -5.598791 0.000000
vt 2.318378 -5.807092 0.000000
vt 2.607679 -5.501383 0.000000
vt 2.889259 -5.689689 0.000000
vt 3.129764 -5.357449 0.000000
vt 3.431952 -5.525212 0.000000
vt 3.617682 -5.169555 0.000000
vt 3.937317 -5.316431 0.000000
vt 4.062727 -4.941056 0.000000
vt 4.396845 -5.066861 0.000000
vt 4.456958 -4.676029 0.000000
vt 4.691272 -4.945265 0.000000
vt 4.793339 -4.379204 0.000000
vt 4.985699 -4.823670 0.000000
vt 5.574554 -4.580479 0.000000
vt 5.065868 -4.055876 0.000000
vt 5.868980 -4.458883 0.000000
vt 5.269682 -3.711817 0.000000
vt 6.163407 -4.337288 0.000000
vt 5.401143 -3.353165 0.000000
vt 6.457834 -4.215692 0.000000
vt 0.001391 1.975119 0.000000
vt 0.000000 1.975119 0.000000
vt 0.001391 -0.000000 0.000000
vt 0.000000 -0.000000 0.000000
vt 0.163890 1.975119 0.000000
vt 0.000000 1.975119 0.000000
vt 0.163890 -0.000000 0.000000
vt 0.000000 -0.000000 0.000000
vt 0.028238 1.975119 0.000000
vt -0.000000 1.975119 0.000000
vt 0.028238 -0.000000 0.000000
vt -0.000000 0.000000 0.000000
vt 0.163890 1.975119 0.000000
vt 0.000000 1.975119 0.000000
vt 0.163890 -0.000000 0.000000
vt 0.000000 -0.000000 0.000000
vt 0.028238 1.975119 0.000000
vt -0.000000 1.975119 0.000000
vt 0.028238 -0.000000 0.000000
vt -0.000000 0.000000 0.000000
vt 0.163890 1.975119 0.000000
vt 0.000000 1.975119 0.000000
vt 0.163890 -0.000000 0.000000
vt 0.000000 -0.000000 0.000000
vt 0.028238 1.975119 0.000000
vt 0.000000 1.975119 0.000000
vt 0.028238 -0.000000 0.000000
vt 0.000000 -0.000000 0.000000
vt 0.163891 1.975119 0.000000
vt -0.000000 1.975119 0.000000
vt 0.163891 -0.000000 0.000000
vt -0.000000 0.000000 0.000000
vt 0.028238 1.975119 0.000000
vt 0.000000 1.975119 0.000000
vt 0.028238 -0.000000 0.000000
vt 0.000000 -0.000000 0.000000
vt 0.163890 1.975119 0.000000
vt -0.000000 1.975119 0.000000
vt 0.163890 -0.000000 0.000000
vt -0.000000 0.000000 0.000000
vt 0.028238 1.975119 0.000000
vt -0.000000 1.975119 0.000000
vt 0.028238 -0.000000 0.000000
vt -0.000000 0.000000 0.000000
vt 0.160399 1.975119 0.000000
vt -0.000000 1.975119 0.000000
vt 0.160399 -0.000000 0.000000
vt -0.000000 0.000000 0.000000
vt 0.028238 1.975119 0.000000
vt -0.000000 1.975119 0.000000
vt 0.028238 -0.000000 0.000000
vt -0.000000 0.000000 0.000000
vt 0.160399 1.975119 0.000000
vt -0.000000 1.975119 0.000000
vt 0.160399 -0.000000 0.000000
vt -0.000000 0.000000 0.000000
vt 0.028238 1.975119 0.000000
vt 0.000000 1.975119 0.000000
vt 0.028238 -0.000000 0.000000
vt 0.000000 -0.000000 0.000000
vt 0.160399 1.975119 0.000000
vt 0.000000 1.975119 0.000000
vt 0.160399 -0.000000 0.000000
vt -0.000000 0.000000 0.000000
vt 0.028238 1.975119 0.000000
vt 0.000000 1.975119 0.000000
vt 0.028238 -0.000000 0.000000
vt 0.000000 -0.000000 0.000000
vt 0.160399 1.975119 0.000000
vt -0.000000 1.975119 0.000000
vt 0.160399 -0.000000 0.000000
vt -0.000000 0.000000 0.000000
vt 0.001741 1.975119 0.000000
vt 0.000000 1.975119 0.000000
vt 0.001741 0.461423 0.000000
vt 0.000000 0.461423 0.000000
vt -1.500000 1.199784 0.000000
vt -1.500000 1.199646 0.000000
vt -1.498259 1.199646 0.000000
vt 0.187722 2.897965 0.000000
vt 0.000947 2.897965 0.000000
vt 0.187722 1.384269 0.000000
vt 0.000947 0.922846 0.000000
vt 0.189468 -0.000000 0.000000
vt 0.000000 -0.000000 0.000000
vt 0.189468 1.384269 0.000000
vt 0.019329 -10.773827 0.000000
vt 0.017104 -10.773827 0.000000
vt 0.019329 -12.748946 0.000000
vt 0.017104 -12.748946 0.000000
vt 0.019773 -13.671792 0.000000
vt -0.002663 0.922846 0.000000
vt -0.166553 0.922846 0.000000
vt 0.000000 0.000000 0.000000
vt -0.189469 0.000000 0.000000
vt -0.146814 -5.913055 0.000000
vt -0.175053 -5.913055 0.000000
vt -0.169727 -6.835901 0.000000
vt -0.005328 0.922846 0.000000
vt -0.169218 0.922846 0.000000
vt 0.000000 0.000000 0.000000
vt -0.189468 0.000000 0.000000
vt -0.129728 -5.913055 0.000000
vt -0.157967 -5.913055 0.000000
vt -0.149975 -6.835901 0.000000
vt -0.922852 -0.007292 0.000000
vt -0.922977 -0.171182 0.000000
vt 0.000000 0.000000 0.000000
vt -0.000145 -0.189468 0.000000
vt 5.913154 -0.107329 0.000000
vt 5.913179 -0.135567 0.000000
vt 6.836016 -0.124079 0.000000
vt -0.922853 -0.010094 0.000000
vt -0.922954 -0.173984 0.000000
vt 0.000000 0.000000 0.000000
vt -0.000117 -0.189469 0.000000
vt 5.913118 -0.091592 0.000000
vt 5.913136 -0.119830 0.000000
vt 6.835974 -0.105886 0.000000
vt -0.922928 -0.176798 0.000000
vt -0.000088 -0.189468 0.000000
vt -0.922852 -0.012908 0.000000
vt 0.000000 0.000000 0.000000
vt 5.913091 -0.075708 0.000000
vt 5.913104 -0.103946 0.000000
vt 6.835943 -0.087524 0.000000
vt -0.922898 -0.176132 0.000000
vt -0.000054 -0.185433 0.000000
vt -0.922851 -0.015733 0.000000
vt 0.000000 0.000000 0.000000
vt 5.913071 -0.056222 0.000000
vt 5.913078 -0.084460 0.000000
vt 6.835919 -0.064996 0.000000
vt -0.922874 -0.179475 0.000000
vt -0.000029 -0.185432 0.000000
vt -0.922849 -0.019076 0.000000
vt 0.000000 0.000000 0.000000
vt 5.913059 -0.036544 0.000000
vt 5.913062 -0.064782 0.000000
vt 6.835906 -0.042247 0.000000
vt -0.922855 -0.182785 0.000000
vt -0.000009 -0.185432 0.000000
vt -0.922847 -0.022387 0.000000
vt 0.000000 0.000000 0.000000
vt 5.913055 -0.016553 0.000000
vt 5.913055 -0.044792 0.000000
vt 6.835901 -0.019137 0.000000
vt -0.922845 -0.186041 0.000000
vt 0.000001 -0.185432 0.000000
vt -0.922846 -0.025642 0.000000
vt 0.000000 0.000000 0.000000
vt 5.913054 0.003895 0.000000
vt 5.913055 -0.156504 0.000000
vt 6.835900 0.004503 0.000000
vt 6.835901 -0.180929 0.000000
vt 5.913050 -0.156676 0.000000
vt 5.913049 -0.184915 0.000000
vt 6.835896 -0.181129 0.000000
vt 5.913053 0.024810 0.000000
vt 5.913063 -0.135589 0.000000
vt 6.835899 0.028683 0.000000
vt 6.835910 -0.156750 0.000000
vt 5.913037 -0.136730 0.000000
vt 5.913033 -0.164969 0.000000
vt 6.835880 -0.158070 0.000000
vt 5.913047 0.046034 0.000000
vt 5.913074 -0.114365 0.000000
vt 6.835892 0.053218 0.000000
vt 6.835924 -0.132214 0.000000
vt 5.913022 -0.117047 0.000000
vt 5.913014 -0.145286 0.000000
vt 6.835863 -0.135315 0.000000
vt 5.913035 0.067413 0.000000
vt 5.913083 -0.092986 0.000000
vt 6.835878 0.077934 0.000000
vt 6.835934 -0.107499 0.000000
vt 5.913011 -0.097501 0.000000
vt 5.912997 -0.125739 0.000000
vt 6.835850 -0.112718 0.000000
vt 5.913091 -0.076223 0.000000
vt 6.835943 -0.088119 0.000000
vt 5.913014 0.088958 0.000000
vt 6.835855 0.102842 0.000000
vt 5.913002 -0.082818 0.000000
vt 5.912984 -0.111056 0.000000
vt 6.835840 -0.095743 0.000000
vt 5.913092 -0.059583 0.000000
vt 6.835944 -0.068883 0.000000
vt 5.912992 0.105598 0.000000
vt 6.835829 0.122078 0.000000
vt 5.912998 -0.068252 0.000000
vt 5.912974 -0.096490 0.000000
vt 6.835836 -0.078904 0.000000
vt 5.913088 -0.043029 0.000000
vt 6.835939 -0.049745 0.000000
vt 5.912967 0.122152 0.000000
vt 6.835800 0.141216 0.000000
vt -0.047325 -5.913055 0.000000
vt -0.075564 -5.913055 0.000000
vt -0.054711 -6.835901 0.000000
vt -0.031552 -5.913054 0.000000
vt -0.036476 -6.835901 0.000000
vt 0.133629 -5.913054 0.000000
vt 0.154485 -6.835901 0.000000
vt -0.031535 -5.913055 0.000000
vt -0.059774 -5.913055 0.000000
vt -0.036457 -6.835901 0.000000
vt -0.015768 -5.913054 0.000000
vt -0.018229 -6.835900 0.000000
vt 0.149413 -5.913054 0.000000
vt 0.172732 -6.835900 0.000000
vt 0.193419 0.922846 0.000000
vt 0.028238 0.922846 0.000000
vt 0.190961 -0.000000 0.000000
vt 0.000000 0.000000 0.000000
vt 0.020686 -40.092538 0.000000
vt 0.019294 -40.092538 0.000000
vt 0.019739 -41.015384 0.000000
vt -0.529427 -0.193573 0.000000
vt -0.479641 -0.232095 0.000000
vt 0.000000 0.000000 0.000000
vt -0.594726 -0.100595 0.000000
vt -0.512641 -0.185358 0.000000
vt 0.000000 0.000000 0.000000
vt -0.479908 -0.231541 0.000000
vt 0.082995 -0.083872 0.000000
vt 0.000000 0.000000 0.000000
vt -0.562904 -0.147669 0.000000
vt -0.521047 -0.189967 0.000000
vt 0.000000 0.000000 0.000000
vt 0.553886 0.144964 0.000000
vt -0.033260 0.045374 0.000000
vt 0.000000 0.000000 0.000000
vt 0.587146 0.099590 0.000000
vt 0.521195 0.189562 0.000000
vt 0.000000 0.000000 0.000000
vt 0.544204 0.140900 0.000000
vt -0.065119 0.090577 0.000000
vt 0.000000 0.000000 0.000000
vt 0.609323 0.050323 0.000000
vt 0.513041 0.184247 0.000000
vt 0.000000 0.000000 0.000000
vt 0.530237 0.134847 0.000000
vt -0.094303 0.135325 0.000000
vt 0.000000 0.000000 0.000000
vt 0.577676 0.097816 0.000000
vt -0.024137 0.047713 0.000000
vt 0.000000 0.000000 0.000000
vt 0.601813 0.050102 0.000000
vt 0.553952 0.144713 0.000000
vt 0.000000 0.000000 0.000000
vt 0.566968 0.094773 0.000000
vt -0.047193 0.094945 0.000000
vt 0.000000 0.000000 0.000000
vt 0.614161 -0.000171 0.000000
vt 0.544382 0.140212 0.000000
vt 0.000000 0.000000 0.000000
vt 0.551476 0.090259 0.000000
vt -0.068200 0.141157 0.000000
vt 0.000000 0.000000 0.000000
vt 0.619676 -0.050899 0.000000
vt 0.530570 0.133532 0.000000
vt 0.000000 0.000000 0.000000
vt 0.531902 0.084322 0.000000
vt -0.086098 0.185854 0.000000
vt 0.000000 0.000000 0.000000
vt 0.592080 0.049252 0.000000
vt -0.014635 0.049287 0.000000
vt 0.000000 0.000000 0.000000
vt 0.606715 -0.000035 0.000000
vt 0.577696 0.097696 0.000000
vt 0.000000 0.000000 0.000000
vt 0.580704 0.047614 0.000000
vt -0.028587 0.097858 0.000000
vt 0.000000 0.000000 0.000000
vt 0.609291 -0.050244 0.000000
vt 0.567023 0.094446 0.000000
vt 0.000000 0.000000 0.000000
vt 0.564225 0.045189 0.000000
vt -0.041250 0.144984 0.000000
vt 0.000000 0.000000 0.000000
vt 0.605475 -0.099795 0.000000
vt 0.551578 0.089635 0.000000
vt 0.000000 0.000000 0.000000
vt 0.543362 0.042012 0.000000
vt -0.051968 0.189968 0.000000
vt 0.000000 0.000000 0.000000
vt 0.595330 -0.147956 0.000000
vt 0.532058 0.083335 0.000000
vt 0.000000 0.000000 0.000000
vt 0.519107 0.038131 0.000000
vt -0.060013 0.232158 0.000000
vt 0.000000 0.000000 0.000000
vt -0.021540 -0.305076 0.000000
vt 0.444359 -0.333021 0.000000
vt 0.000000 0.000000 0.000000
vt 0.395152 -0.362185 0.000000
vt 0.465868 -0.028471 0.000000
vt 0.000000 0.000000 0.000000
vt -0.059775 -0.335847 0.000000
vt 0.376618 -0.381093 0.000000
vt 0.000000 0.000000 0.000000
vt 0.329489 -0.408478 0.000000
vt 0.436164 -0.047397 0.000000
vt 0.000000 0.000000 0.000000
vt -0.082338 -0.367397 0.000000
vt 0.330020 -0.418952 0.000000
vt 0.000000 0.000000 0.000000
vt 0.286455 -0.457519 0.000000
vt 0.411790 -0.055907 0.000000
vt 0.000000 0.000000 0.000000
vt -0.080346 -0.412972 0.000000
vt 0.317044 -0.459111 0.000000
vt 0.000000 0.000000 0.000000
vt -0.106209 -0.425194 0.000000
vt 0.396683 -0.051876 0.000000
vt 0.000000 0.000000 0.000000
vt -0.502881 -0.373334 0.000000
vt -0.108954 -0.436221 0.000000
vt 0.000000 0.000000 0.000000
vt 0.250930 -0.528817 0.000000
vt 0.392351 -0.072066 0.000000
vt 0.000000 0.000000 0.000000
vt -0.064782 -0.305711 0.000000
vt 0.395152 -0.362185 0.000000
vt 0.000000 0.000000 0.000000
vt 0.341891 -0.391441 0.000000
vt 0.459677 -0.058527 0.000000
vt 0.000000 0.000000 0.000000
vt -0.100068 -0.338662 0.000000
vt 0.329482 -0.408484 0.000000
vt 0.000000 0.000000 0.000000
vt 0.274869 -0.445917 0.000000
vt 0.428754 -0.074556 0.000000
vt 0.000000 0.000000 0.000000
vt -0.119758 -0.383728 0.000000
vt 0.286452 -0.457521 0.000000
vt 0.000000 0.000000 0.000000
vt -0.156745 -0.388989 0.000000
vt 0.404722 -0.081558 0.000000
vt 0.000000 0.000000 0.000000
vt -0.561461 -0.307442 0.000000
vt -0.163797 -0.406498 0.000000
vt 0.000000 0.000000 0.000000
vt 0.185405 -0.527367 0.000000
vt 0.394474 -0.111080 0.000000
vt 0.000000 0.000000 0.000000
vt -0.137781 -0.444996 0.000000
vt 0.250930 -0.528817 0.000000
vt 0.000000 0.000000 0.000000
vt 0.205973 -0.568819 0.000000
vt 0.385411 -0.097884 0.000000
vt 0.000000 0.000000 0.000000
vt -0.107979 -0.305150 0.000000
vt 0.341887 -0.391445 0.000000
vt 0.000000 0.000000 0.000000
vt 0.280683 -0.427453 0.000000
vt 0.448986 -0.090758 0.000000
vt 0.000000 0.000000 0.000000
vt -0.144099 -0.347742 0.000000
vt 0.274869 -0.445917 0.000000
vt 0.000000 0.000000 0.000000
vt -0.186594 -0.346229 0.000000
vt 0.416953 -0.106407 0.000000
vt 0.000000 0.000000 0.000000
vt -0.603544 -0.239830 0.000000
vt -0.198966 -0.369181 0.000000
vt 0.000000 0.000000 0.000000
vt 0.150789 -0.510721 0.000000
vt 0.400432 -0.141665 0.000000
vt 0.000000 0.000000 0.000000
vt -0.199968 -0.398166 0.000000
vt 0.185405 -0.527367 0.000000
vt 0.000000 0.000000 0.000000
vt 0.120096 -0.563755 0.000000
vt 0.379086 -0.146628 0.000000
vt 0.000000 0.000000 0.000000
vt -0.174820 -0.458812 0.000000
vt 0.205972 -0.568820 0.000000
vt 0.000000 0.000000 0.000000
vt -0.439452 0.445200 0.000000
vt -0.388158 -0.080232 0.000000
vt 0.000000 -0.000000 0.000000
vt -0.154020 -0.308118 0.000000
vt 0.280683 -0.427454 0.000000
vt 0.000000 0.000000 0.000000
vt -0.197557 -0.301522 0.000000
vt 0.432546 -0.126928 0.000000
vt 0.000000 0.000000 0.000000
vt -0.630102 -0.174598 0.000000
vt -0.215555 -0.328981 0.000000
vt 0.000000 0.000000 0.000000
vt 0.143762 -0.486995 0.000000
vt 0.410269 -0.165417 0.000000
vt 0.000000 0.000000 0.000000
vt -0.234011 -0.345944 0.000000
vt 0.150788 -0.510721 0.000000
vt 0.000000 0.000000 0.000000
vt 0.074750 -0.541057 0.000000
vt 0.377096 -0.181714 0.000000
vt 0.000000 0.000000 0.000000
vt -0.247715 -0.398971 0.000000
vt 0.120097 -0.563755 0.000000
vt 0.000000 0.000000 0.000000
vt 0.040784 -0.594895 0.000000
vt 0.356184 -0.188607 0.000000
vt 0.000000 0.000000 0.000000
vt -0.049973 0.511908 0.000000
vt -0.439451 0.445200 0.000000
vt 0.000000 -0.000000 0.000000
vt -0.428400 0.483167 0.000000
vt -0.389883 -0.064298 0.000000
vt 0.000000 -0.000000 0.000000
vt -0.643249 -0.113068 0.000000
vt -0.216573 -0.288168 0.000000
vt 0.000000 0.000000 0.000000
vt 0.158195 -0.460431 0.000000
vt 0.422859 -0.184127 0.000000
vt 0.000000 0.000000 0.000000
vt -0.244143 -0.294593 0.000000
vt 0.143762 -0.486995 0.000000
vt 0.000000 0.000000 0.000000
vt 0.063314 -0.512388 0.000000
vt 0.380334 -0.206966 0.000000
vt 0.000000 0.000000 0.000000
vt -0.283414 -0.336840 0.000000
vt 0.074749 -0.541057 0.000000
vt 0.000000 0.000000 0.000000
vt -0.012424 -0.563783 0.000000
vt 0.344997 -0.225748 0.000000
vt 0.000000 0.000000 0.000000
vt -0.301672 -0.388601 0.000000
vt 0.040782 -0.594895 0.000000
vt 0.000000 0.000000 0.000000
vt -0.446919 0.425665 0.000000
vt -0.385618 -0.105502 0.000000
vt 0.000000 -0.000000 0.000000
vt -0.037525 0.533374 0.000000
vt -0.428400 0.483167 0.000000
vt 0.000000 -0.000000 0.000000
vt -0.418274 0.516060 0.000000
vt -0.391034 -0.048953 0.000000
vt 0.000000 -0.000000 0.000000
vt -0.099332 0.392987 0.000000
vt -0.171687 0.375357 0.000000
vt 0.000000 0.000000 0.000000
vt -0.235893 -0.246266 0.000000
vt 0.158195 -0.460431 0.000000
vt 0.000000 0.000000 0.000000
vt 0.076918 -0.482859 0.000000
vt 0.387579 -0.225729 0.000000
vt 0.000000 0.000000 0.000000
vt -0.290417 -0.279792 0.000000
vt 0.063314 -0.512388 0.000000
vt 0.000000 0.000000 0.000000
vt -0.025228 -0.529686 0.000000
vt 0.341539 -0.250156 0.000000
vt 0.000000 0.000000 0.000000
vt -0.335038 -0.316867 0.000000
vt -0.012422 -0.563783 0.000000
vt 0.000000 0.000000 0.000000
vt -0.111666 -0.573450 0.000000
vt 0.301599 -0.272187 0.000000
vt 0.000000 0.000000 0.000000
vt -0.058633 0.508045 0.000000
vt -0.446919 0.425665 0.000000
vt 0.000000 -0.000000 0.000000
vt -0.432222 0.468889 0.000000
vt -0.388681 -0.080497 0.000000
vt 0.000000 -0.000000 0.000000
vt -0.026538 0.550469 0.000000
vt -0.418274 0.516060 0.000000
vt 0.000000 -0.000000 0.000000
vt -0.408704 0.543669 0.000000
vt -0.391783 -0.033855 0.000000
vt 0.000000 -0.000000 0.000000
vt -0.170569 0.375867 0.000000
vt -0.149133 -0.022554 0.000000
vt 0.000000 0.000000 0.000000
vt -0.021436 0.398420 0.000000
vt -0.096646 0.387046 0.000000
vt 0.000000 0.000000 0.000000
vt -0.276889 -0.229177 0.000000
vt 0.076918 -0.482859 0.000000
vt 0.000000 0.000000 0.000000
vt -0.010316 -0.497555 0.000000
vt 0.343762 -0.267137 0.000000
vt 0.000000 0.000000 0.000000
vt -0.335990 -0.256075 0.000000
vt -0.025228 -0.529686 0.000000
vt 0.000000 0.000000 0.000000
vt -0.121245 -0.534917 0.000000
vt 0.292602 -0.292951 0.000000
vt 0.000000 0.000000 0.000000
vt -0.387388 -0.282397 0.000000
vt -0.111668 -0.573450 0.000000
vt 0.000000 0.000000 0.000000
vt -0.442364 0.413575 0.000000
vt -0.385399 -0.110457 0.000000
vt 0.000000 -0.000000 0.000000
vt -0.041646 0.525472 0.000000
vt -0.432222 0.468889 0.000000
vt 0.000000 -0.000000 0.000000
vt -0.417817 0.506506 0.000000
vt -0.390697 -0.055742 0.000000
vt 0.000000 -0.000000 0.000000
vt -0.016485 0.562660 0.000000
vt -0.408704 0.543669 0.000000
vt 0.000000 -0.000000 0.000000
vt -0.399384 0.565777 0.000000
vt -0.392227 -0.018829 0.000000
vt 0.000000 -0.000000 0.000000
vt -0.095424 0.387349 0.000000
vt -0.152313 -0.009740 0.000000
vt 0.000000 0.000000 0.000000
vt 0.056889 0.397089 0.000000
vt -0.019925 0.392177 0.000000
vt 0.000000 0.000000 0.000000
vt -0.315584 -0.205369 0.000000
vt -0.010316 -0.497555 0.000000
vt 0.000000 0.000000 0.000000
vt -0.102339 -0.501778 0.000000
vt 0.290980 -0.306419 0.000000
vt 0.000000 0.000000 0.000000
vt -0.379118 -0.221662 0.000000
vt -0.121244 -0.534917 0.000000
vt 0.000000 0.000000 0.000000
vt -0.222652 -0.524013 0.000000
vt 0.232766 -0.332338 0.000000
vt 0.000000 0.000000 0.000000
vt -0.053398 0.491216 0.000000
vt -0.442364 0.413575 0.000000
vt 0.000000 -0.000000 0.000000
vt -0.424782 0.460600 0.000000
vt -0.389169 -0.076618 0.000000
vt 0.000000 -0.000000 0.000000
vt -0.025939 0.537773 0.000000
vt -0.417817 0.506506 0.000000
vt 0.000000 -0.000000 0.000000
vt -0.403385 0.538466 0.000000
vt -0.391898 -0.031019 0.000000
vt 0.000000 -0.000000 0.000000
vt -0.006973 0.569558 0.000000
vt -0.399384 0.565777 0.000000
vt 0.000000 -0.000000 0.000000
vt -0.390031 0.582258 0.000000
vt -0.392411 -0.003775 0.000000
vt 0.000000 0.000000 0.000000
vt -0.018656 0.392240 0.000000
vt -0.152952 0.003252 0.000000
vt 0.000000 0.000000 0.000000
vt 0.134296 0.388988 0.000000
vt 0.057160 0.390628 0.000000
vt 0.000000 0.000000 0.000000
vt -0.350561 -0.174122 0.000000
vt -0.102339 -0.501778 0.000000
vt 0.000000 0.000000 0.000000
vt -0.197054 -0.492995 0.000000
vt 0.229357 -0.341128 0.000000
vt 0.000000 0.000000 0.000000
vt -0.417202 -0.175590 0.000000
vt -0.222653 -0.524013 0.000000
vt 0.000000 0.000000 0.000000
vt -0.325443 -0.493707 0.000000
vt 0.162423 -0.364508 0.000000
vt 0.000000 0.000000 0.000000
vt -0.033383 0.503578 0.000000
vt -0.424782 0.460600 0.000000
vt 0.000000 -0.000000 0.000000
vt -0.406547 0.501924 0.000000
vt -0.391432 -0.042673 0.000000
vt 0.000000 -0.000000 0.000000
vt -0.010988 0.544695 0.000000
vt -0.403385 0.538466 0.000000
vt 0.000000 -0.000000 0.000000
vt -0.388578 0.564721 0.000000
vt -0.392398 -0.006220 0.000000
vt 0.000000 0.000000 0.000000
vt 0.002318 0.570948 0.000000
vt -0.390031 0.582258 0.000000
vt 0.000000 0.000000 0.000000
vt -0.380356 0.593128 0.000000
vt -0.392348 0.011367 0.000000
vt 0.000000 0.000000 0.000000
vt 0.058414 0.390443 0.000000
vt -0.151038 0.016183 0.000000
vt 0.000000 0.000000 0.000000
vt 0.209452 0.374259 0.000000
vt 0.133281 0.382421 0.000000
vt 0.000000 0.000000 0.000000
vt -0.380055 -0.135358 0.000000
vt -0.197053 -0.492995 0.000000
vt 0.000000 0.000000 0.000000
vt -0.291367 -0.469416 0.000000
vt 0.159834 -0.368574 0.000000
vt 0.000000 0.000000 0.000000
vt -0.446927 -0.118357 0.000000
vt -0.325443 -0.493707 0.000000
vt 0.000000 0.000000 0.000000
vt -0.423769 -0.442804 0.000000
vt 0.083700 -0.385539 0.000000
vt 0.000000 0.000000 0.000000
vt -0.014168 0.510493 0.000000
vt -0.406547 0.501924 0.000000
vt 0.000000 -0.000000 0.000000
vt -0.387351 0.537519 0.000000
vt -0.392379 -0.008558 0.000000
vt 0.000000 0.000000 0.000000
vt 0.003654 0.546088 0.000000
vt -0.388578 0.564721 0.000000
vt 0.000000 0.000000 0.000000
vt -0.372992 0.585303 0.000000
vt -0.392227 0.018721 0.000000
vt 0.000000 0.000000 0.000000
vt 0.011683 0.566788 0.000000
vt -0.380357 0.593128 0.000000
vt 0.000000 0.000000 0.000000
vt -0.370030 0.598592 0.000000
vt -0.392017 0.026665 0.000000
vt 0.000000 0.000000 0.000000
vt 0.134458 0.382009 0.000000
vt -0.146607 0.028821 0.000000
vt 0.000000 0.000000 0.000000
vt 0.281065 0.353188 0.000000
vt 0.207129 0.367723 0.000000
vt 0.000000 0.000000 0.000000
vt -0.402151 -0.089879 0.000000
vt -0.291367 -0.469416 0.000000
vt 0.000000 0.000000 0.000000
vt -0.381388 -0.430561 0.000000
vt 0.084347 -0.386273 0.000000
vt 0.000000 0.000000 0.000000
vt -0.464885 -0.052461 0.000000
vt -0.423768 -0.442805 0.000000
vt 0.000000 0.000000 0.000000
vt -0.510991 -0.373283 0.000000
vt 0.000551 -0.392503 0.000000
vt 0.000000 0.000000 0.000000
vt 0.004713 0.511881 0.000000
vt -0.387351 0.537519 0.000000
vt 0.000000 0.000000 0.000000
vt -0.366768 0.567388 0.000000
vt -0.392057 0.025747 0.000000
vt 0.000000 0.000000 0.000000
vt 0.018398 0.541919 0.000000
vt -0.372992 0.585303 0.000000
vt 0.000000 0.000000 0.000000
vt -0.356135 0.600385 0.000000
vt -0.391335 0.043880 0.000000
vt 0.000000 0.000000 0.000000
vt 0.021422 0.557205 0.000000
vt -0.370029 0.598592 0.000000
vt 0.000000 0.000000 0.000000
vt -0.358631 0.599082 0.000000
vt -0.391360 0.042245 0.000000
vt 0.000000 0.000000 0.000000
vt 0.208177 0.367131 0.000000
vt -0.139742 0.040936 0.000000
vt 0.000000 0.000000 0.000000
vt 0.130570 -0.052318 0.000000
vt 0.408896 0.293814 0.000000
vt 0.000000 0.000000 0.000000
vt 0.347919 0.326195 0.000000
vt 0.277445 0.346839 0.000000
vt 0.000000 0.000000 0.000000
vt -0.415104 -0.039472 0.000000
vt -0.381388 -0.430561 0.000000
vt 0.000000 0.000000 0.000000
vt -0.462983 -0.377661 0.000000
vt 0.005729 -0.392497 0.000000
vt 0.000000 0.000000 0.000000
vt -0.468616 0.017608 0.000000
vt -0.510991 -0.373283 0.000000
vt 0.000000 0.000000 0.000000
vt -0.581467 -0.290385 0.000000
vt -0.081987 -0.384537 0.000000
vt 0.000000 0.000000 0.000000
vt 0.023706 0.507723 0.000000
vt -0.366768 0.567388 0.000000
vt 0.000000 0.000000 0.000000
vt -0.344231 0.591616 0.000000
vt -0.390381 0.060272 0.000000
vt 0.000000 0.000000 0.000000
vt 0.033668 0.532281 0.000000
vt -0.356135 0.600385 0.000000
vt 0.000000 0.000000 0.000000
vt -0.337359 0.610328 0.000000
vt -0.389574 0.069401 0.000000
vt 0.000000 0.000000 0.000000
vt 0.031886 0.542504 0.000000
vt -0.358631 0.599082 0.000000
vt 0.000000 0.000000 0.000000
vt -0.345582 0.595311 0.000000
vt -0.390258 0.058341 0.000000
vt 0.000000 0.000000 0.000000
vt -0.149015 -0.023323 0.000000
vt -0.051707 -0.409752 0.000000
vt 0.000000 0.000000 0.000000
vt -0.093875 0.387277 0.000000
vt -0.225173 -0.014913 0.000000
vt 0.000000 0.000000 0.000000
vt -0.152290 -0.010086 0.000000
vt -0.131298 -0.402190 0.000000
vt 0.000000 0.000000 0.000000
vt -0.017424 0.392279 0.000000
vt -0.226147 0.004980 0.000000
vt 0.000000 0.000000 0.000000
vt -0.152949 0.003368 0.000000
vt -0.208723 -0.387298 0.000000
vt 0.000000 0.000000 0.000000
vt 0.059296 0.390147 0.000000
vt -0.223230 0.024765 0.000000
vt 0.000000 0.000000 0.000000
vt -0.150976 0.016749 0.000000
vt -0.282526 -0.365382 0.000000
vt 0.000000 0.000000 0.000000
vt 0.134850 0.380979 0.000000
vt -0.216489 0.044018 0.000000
vt 0.000000 0.000000 0.000000
vt -0.146417 0.029771 0.000000
vt -0.351339 -0.336961 0.000000
vt 0.000000 0.000000 0.000000
vt 0.207850 0.365080 0.000000
vt -0.206079 0.062341 0.000000
vt 0.000000 0.000000 0.000000
vt -0.139377 0.042163 0.000000
vt -0.413930 -0.302739 0.000000
vt 0.000000 0.000000 0.000000
vt 0.277005 0.342935 0.000000
vt -0.192233 0.079382 0.000000
vt 0.000000 0.000000 0.000000
vt -0.130012 0.053688 0.000000
vt -0.469239 -0.263553 0.000000
vt 0.000000 0.000000 0.000000
vt -0.417758 0.013222 0.000000
vt -0.462983 -0.377661 0.000000
vt 0.000000 0.000000 0.000000
vt -0.532537 -0.313631 0.000000
vt -0.072685 -0.386720 0.000000
vt 0.000000 0.000000 0.000000
vt -0.457566 0.086252 0.000000
vt -0.581467 -0.290385 0.000000
vt 0.000000 0.000000 0.000000
vt -0.632152 -0.201314 0.000000
vt -0.159127 -0.363160 0.000000
vt 0.000000 0.000000 0.000000
vt 0.043260 0.498071 0.000000
vt -0.344231 0.591616 0.000000
vt 0.000000 0.000000 0.000000
vt -0.687751 -0.036703 0.000000
vt -0.247270 -0.312661 0.000000
vt 0.000000 0.000000 0.000000
vt 0.049942 0.517380 0.000000
vt -0.337359 0.610328 0.000000
vt 0.000000 0.000000 0.000000
vt -0.315768 0.615720 0.000000
vt -0.386662 0.095572 0.000000
vt 0.000000 0.000000 0.000000
vt 0.043526 0.523149 0.000000
vt -0.345582 0.595311 0.000000
vt 0.000000 0.000000 0.000000
vt -0.330016 0.588333 0.000000
vt -0.388494 0.075396 0.000000
vt 0.000000 0.000000 0.000000
vt 0.341152 0.315170 0.000000
vt -0.175246 0.094852 0.000000
vt 0.000000 0.000000 0.000000
vt -0.065848 0.026385 0.000000
vt -0.408896 -0.293814 0.000000
vt 0.000000 0.000000 0.000000
vt -0.463000 -0.256674 0.000000
vt -0.343743 -0.319452 0.000000
vt 0.000000 0.000000 0.000000
vt -0.118524 0.064151 0.000000
vt -0.516398 -0.220317 0.000000
vt 0.000000 0.000000 0.000000
vt -0.554740 -0.173969 0.000000
vt -0.399278 -0.282495 0.000000
vt 0.000000 0.000000 0.000000
vt -0.225116 -0.015741 0.000000
vt -0.202422 -0.407725 0.000000
vt 0.000000 0.000000 0.000000
vt -0.015562 0.392332 0.000000
vt -0.295467 0.006871 0.000000
vt 0.000000 0.000000 0.000000
vt -0.226141 0.005259 0.000000
vt -0.279905 -0.385461 0.000000
vt 0.000000 0.000000 0.000000
vt 0.060800 0.389687 0.000000
vt -0.291462 0.034124 0.000000
vt 0.000000 0.000000 0.000000
vt -0.223076 0.026117 0.000000
vt -0.352262 -0.355564 0.000000
vt 0.000000 0.000000 0.000000
vt 0.135756 0.379393 0.000000
vt -0.282239 0.060470 0.000000
vt 0.000000 0.000000 0.000000
vt -0.216016 0.046281 0.000000
vt -0.417995 -0.318923 0.000000
vt 0.000000 0.000000 0.000000
vt 0.207777 0.361937 0.000000
vt -0.268075 0.085258 0.000000
vt 0.000000 0.000000 0.000000
vt -0.205176 0.065254 0.000000
vt -0.475852 -0.276679 0.000000
vt 0.000000 0.000000 0.000000
vt 0.275496 0.338062 0.000000
vt -0.249375 0.107950 0.000000
vt 0.000000 0.000000 0.000000
vt -0.190863 0.082621 0.000000
vt -0.524871 -0.230112 0.000000
vt 0.000000 0.000000 0.000000
vt 0.337760 0.308678 0.000000
vt -0.226634 0.128153 0.000000
vt 0.000000 0.000000 0.000000
vt -0.173458 0.098084 0.000000
vt -0.564393 -0.180525 0.000000
vt 0.000000 0.000000 0.000000
vt 0.393643 0.274769 0.000000
vt -0.200400 0.145615 0.000000
vt 0.000000 0.000000 0.000000
vt -0.153380 0.111449 0.000000
vt -0.594043 -0.129154 0.000000
vt 0.000000 0.000000 0.000000
vt 0.124824 -0.447940 0.000000
vt 0.516406 -0.375162 0.000000
vt 0.000000 0.000000 0.000000
vt 0.544699 -0.368406 0.000000
vt 0.389284 0.084208 0.000000
vt 0.000000 0.000000 0.000000
vt 0.442448 0.237305 0.000000
vt -0.171237 0.160226 0.000000
vt 0.000000 0.000000 0.000000
vt -0.405452 -0.290259 0.000000
vt -0.345134 -0.321585 0.000000
vt 0.000000 0.000000 0.000000
vt -0.060143 0.031660 0.000000
vt -0.463000 -0.256674 0.000000
vt 0.000000 0.000000 0.000000
vt -0.509370 -0.215469 0.000000
vt -0.403367 -0.287620 0.000000
vt 0.000000 0.000000 0.000000
vt -0.105143 0.073399 0.000000
vt -0.554740 -0.173969 0.000000
vt 0.000000 0.000000 0.000000
vt -0.583788 -0.125423 0.000000
vt -0.450531 -0.245663 0.000000
vt 0.000000 0.000000 0.000000
vt -0.131059 0.122631 0.000000
vt -0.613685 -0.077079 0.000000
vt 0.000000 0.000000 0.000000
vt -0.623374 -0.025184 0.000000
vt -0.483672 -0.197166 0.000000
vt 0.000000 0.000000 0.000000
vt 0.516406 -0.375161 0.000000
vt 0.394795 0.061249 0.000000
vt 0.000000 0.000000 0.000000
vt -0.295454 0.007413 0.000000
vt -0.346680 -0.383367 0.000000
vt 0.000000 0.000000 0.000000
vt 0.063184 0.389025 0.000000
vt -0.354474 0.044738 0.000000
vt 0.000000 0.000000 0.000000
vt -0.291143 0.036745 0.000000
vt -0.417658 -0.344287 0.000000
vt 0.000000 0.000000 0.000000
vt 0.137624 0.377162 0.000000
vt -0.342448 0.078948 0.000000
vt 0.000000 0.000000 0.000000
vt -0.281266 0.064843 0.000000
vt -0.480073 -0.298214 0.000000
vt 0.000000 0.000000 0.000000
vt 0.208526 0.357563 0.000000
vt -0.324141 0.110615 0.000000
vt 0.000000 0.000000 0.000000
vt -0.266231 0.090853 0.000000
vt -0.532667 -0.246948 0.000000
vt 0.000000 0.000000 0.000000
vt 0.274422 0.331346 0.000000
vt -0.300252 0.138954 0.000000
vt 0.000000 0.000000 0.000000
vt -0.246609 0.114128 0.000000
vt -0.574675 -0.192392 0.000000
vt 0.000000 0.000000 0.000000
vt 0.334199 0.299821 0.000000
vt -0.271588 0.163473 0.000000
vt 0.000000 0.000000 0.000000
vt -0.223066 0.134267 0.000000
vt -0.605787 -0.136348 0.000000
vt 0.000000 0.000000 0.000000
vt 0.387086 0.264334 0.000000
vt -0.238993 0.183973 0.000000
vt 0.000000 0.000000 0.000000
vt -0.196294 0.151104 0.000000
vt -0.626079 -0.080362 0.000000
vt 0.000000 0.000000 0.000000
vt 0.432620 0.226121 0.000000
vt -0.203270 0.200507 0.000000
vt 0.000000 0.000000 0.000000
vt -0.166954 0.164684 0.000000
vt -0.635890 -0.025615 0.000000
vt 0.000000 0.000000 0.000000
vt 0.470575 0.186210 0.000000
vt -0.165148 0.213312 0.000000
vt 0.000000 0.000000 0.000000
vt -0.135644 0.175201 0.000000
vt -0.635724 0.027102 0.000000
vt 0.000000 0.000000 0.000000
vt -0.353860 0.049357 0.000000
vt -0.477917 -0.330759 0.000000
vt 0.000000 0.000000 0.000000
vt 0.141186 0.374093 0.000000
vt -0.395617 0.100589 0.000000
vt 0.000000 0.000000 0.000000
vt -0.340594 0.086599 0.000000
vt -0.536803 -0.273504 0.000000
vt 0.000000 0.000000 0.000000
vt 0.210993 0.351645 0.000000
vt -0.372476 0.139741 0.000000
vt 0.000000 0.000000 0.000000
vt -0.320671 0.120306 0.000000
vt -0.583469 -0.211903 0.000000
vt 0.000000 0.000000 0.000000
vt 0.274732 0.322410 0.000000
vt -0.342807 0.173683 0.000000
vt 0.000000 0.000000 0.000000
vt -0.295129 0.149527 0.000000
vt -0.617539 -0.148727 0.000000
vt 0.000000 0.000000 0.000000
vt 0.331392 0.288241 0.000000
vt -0.307922 0.201882 0.000000
vt 0.000000 0.000000 0.000000
vt -0.265096 0.173804 0.000000
vt -0.639314 -0.086359 0.000000
vt 0.000000 0.000000 0.000000
vt 0.380478 0.250920 0.000000
vt -0.269076 0.224334 0.000000
vt 0.000000 0.000000 0.000000
vt -0.231654 0.193133 0.000000
vt -0.649554 -0.026587 0.000000
vt 0.000000 0.000000 0.000000
vt 0.421885 0.211968 0.000000
vt -0.227363 0.241444 0.000000
vt 0.000000 0.000000 0.000000
vt -0.195741 0.207863 0.000000
vt -0.649248 0.029476 0.000000
vt 0.000000 0.000000 0.000000
vt 0.455768 0.172529 0.000000
vt -0.183664 0.253883 0.000000
vt 0.000000 0.000000 0.000000
vt -0.158119 0.218573 0.000000
vt -0.639432 0.081354 0.000000
vt 0.000000 0.000000 0.000000
vt -0.392146 0.113369 0.000000
vt -0.587632 -0.242556 0.000000
vt 0.000000 0.000000 0.000000
vt 0.216582 0.343496 0.000000
vt -0.410767 0.174637 0.000000
vt 0.000000 0.000000 0.000000
vt -0.366112 0.155652 0.000000
vt -0.627349 -0.168860 0.000000
vt 0.000000 0.000000 0.000000
vt 0.277805 0.310446 0.000000
vt -0.374336 0.213958 0.000000
vt 0.000000 0.000000 0.000000
vt -0.333641 0.190699 0.000000
vt -0.652141 -0.096488 0.000000
vt 0.000000 0.000000 0.000000
vt 0.330596 0.273175 0.000000
vt -0.332782 0.244780 0.000000
vt 0.000000 0.000000 0.000000
vt -0.296605 0.218170 0.000000
vt -0.663377 -0.028395 0.000000
vt 0.000000 0.000000 0.000000
vt 0.374948 0.233946 0.000000
vt -0.287903 0.267588 0.000000
vt 0.000000 0.000000 0.000000
vt -0.256605 0.238499 0.000000
vt -0.662851 0.033642 0.000000
vt 0.000000 0.000000 0.000000
vt 0.411303 0.194503 0.000000
vt -0.241075 0.283442 0.000000
vt 0.000000 0.000000 0.000000
vt -0.214867 0.252629 0.000000
vt -0.652378 0.088939 0.000000
vt 0.000000 0.000000 0.000000
vt 0.440309 0.156007 0.000000
vt -0.193238 0.293703 0.000000
vt 0.000000 0.000000 0.000000
vt -0.172231 0.261774 0.000000
vt -0.633547 0.137696 0.000000
vt 0.000000 0.000000 0.000000
vt -0.398986 0.200094 0.000000
vt -0.663043 -0.113202 0.000000
vt 0.000000 0.000000 0.000000
vt 0.285612 0.293779 0.000000
vt -0.390795 0.262302 0.000000
vt 0.000000 0.000000 0.000000
vt -0.358002 0.240291 0.000000
vt -0.676407 -0.031477 0.000000
vt 0.000000 0.000000 0.000000
vt 0.333425 0.253116 0.000000
vt -0.342086 0.293828 0.000000
vt 0.000000 0.000000 0.000000
vt -0.313381 0.269172 0.000000
vt -0.675511 0.040712 0.000000
vt 0.000000 0.000000 0.000000
vt 0.371838 0.212294 0.000000
vt -0.291776 0.314577 0.000000
vt 0.000000 0.000000 0.000000
vt -0.267291 0.288179 0.000000
vt -0.663613 0.102284 0.000000
vt 0.000000 0.000000 0.000000
vt 0.402094 0.173060 0.000000
vt -0.241326 0.326719 0.000000
vt 0.000000 0.000000 0.000000
vt -0.221075 0.299303 0.000000
vt -0.643419 0.153660 0.000000
vt 0.000000 0.000000 0.000000
vt 0.425431 0.136364 0.000000
vt -0.191496 0.332585 0.000000
vt 0.000000 0.000000 0.000000
vt -0.175427 0.304677 0.000000
vt -0.616927 0.196222 0.000000
vt 0.000000 0.000000 0.000000
vt -0.361276 0.301667 0.000000
vt -0.686153 0.052843 0.000000
vt 0.000000 0.000000 0.000000
vt 0.341650 0.225241 0.000000
vt -0.329652 0.350380 0.000000
vt 0.000000 0.000000 0.000000
vt -0.309008 0.328438 0.000000
vt -0.671302 0.125139 0.000000
vt 0.000000 0.000000 0.000000
vt 0.372455 0.184023 0.000000
vt -0.275653 0.365411 0.000000
vt 0.000000 0.000000 0.000000
vt -0.258391 0.342529 0.000000
vt -0.648108 0.181387 0.000000
vt 0.000000 0.000000 0.000000
vt 0.395439 0.146538 0.000000
vt -0.224344 0.370719 0.000000
vt 0.000000 0.000000 0.000000
vt -0.210296 0.347504 0.000000
vt -0.619783 0.224181 0.000000
vt 0.000000 0.000000 0.000000
vt 0.412419 0.113132 0.000000
vt -0.175798 0.369749 0.000000
vt 0.000000 0.000000 0.000000
vt -0.164790 0.346595 0.000000
vt -0.588218 0.256617 0.000000
vt 0.000000 0.000000 0.000000
vt -0.273866 0.395517 0.000000
vt -0.642643 0.228732 0.000000
vt 0.000000 0.000000 0.000000
vt 0.377383 0.146275 0.000000
vt -0.233282 0.417843 0.000000
vt 0.000000 0.000000 0.000000
vt -0.223128 0.399654 0.000000
vt -0.610665 0.271568 0.000000
vt 0.000000 0.000000 0.000000
vt 0.392063 0.113482 0.000000
vt -0.186194 0.413006 0.000000
vt 0.000000 0.000000 0.000000
vt -0.178089 0.395028 0.000000
vt -0.578257 0.299525 0.000000
vt 0.000000 0.000000 0.000000
vt 0.402371 0.085746 0.000000
vt -0.143835 0.403156 0.000000
vt 0.000000 0.000000 0.000000
vt -0.137574 0.385607 0.000000
vt -0.546207 0.317410 0.000000
vt 0.000000 0.000000 0.000000
vt 0.085391 -0.360458 0.000000
vt 0.518698 -0.303074 0.000000
vt 0.000000 0.000000 0.000000
vt -0.549877 0.262854 0.000000
vt -0.455388 -0.071281 0.000000
vt 0.000000 0.000000 0.000000
vt -0.080044 0.337886 0.000000
vt -0.518698 0.303074 0.000000
vt 0.000000 0.000000 0.000000
vt -0.481130 0.323006 0.000000
vt -0.438749 -0.033588 0.000000
vt 0.000000 0.000000 0.000000
vt -0.575505 0.219310 0.000000
vt -0.478880 -0.083759 0.000000
vt 0.000000 0.000000 0.000000
vt -0.086560 0.306095 0.000000
vt -0.549877 0.262853 0.000000
vt 0.000000 0.000000 0.000000
vt -0.510496 0.291238 0.000000
vt -0.463425 -0.042070 0.000000
vt 0.000000 0.000000 0.000000
vt -0.039726 0.334263 0.000000
vt -0.481130 0.323006 0.000000
vt 0.000000 0.000000 0.000000
vt -0.594909 0.173173 0.000000
vt -0.502090 -0.094721 0.000000
vt 0.000000 0.000000 0.000000
vt -0.086121 0.270122 0.000000
vt -0.575505 0.219310 0.000000
vt 0.000000 0.000000 0.000000
vt -0.537781 0.254762 0.000000
vt -0.489488 -0.049801 0.000000
vt 0.000000 0.000000 0.000000
vt -0.043121 0.305339 0.000000
vt -0.510496 0.291238 0.000000
vt 0.000000 0.000000 0.000000
vt -0.441407 0.344039 0.000000
vt -0.441407 -0.011120 0.000000
vt 0.000000 0.332919 0.000000
vt 0.000000 0.000000 0.000000
vt -0.399023 0.367851 0.000000
vt -0.441404 0.011257 0.000000
vt 0.000000 0.000000 0.000000
vt -0.045913 0.040494 0.000000
vt -0.547293 -0.170941 0.000000
vt 0.000000 0.000000 0.000000
vt -0.576204 -0.123853 0.000000
vt -0.501583 -0.210954 0.000000
vt 0.000000 0.000000 0.000000
vt -0.073739 0.087849 0.000000
vt -0.603243 -0.075530 0.000000
vt 0.000000 0.000000 0.000000
vt -0.612961 -0.025062 0.000000
vt -0.529779 -0.162484 0.000000
vt 0.000000 0.000000 0.000000
vt -0.081380 0.138497 0.000000
vt -0.623295 0.025857 0.000000
vt 0.000000 0.000000 0.000000
vt -0.613722 0.075558 0.000000
vt -0.542111 -0.111694 0.000000
vt 0.000000 0.000000 0.000000
vt -0.069112 0.188188 0.000000
vt -0.607709 0.125057 0.000000
vt 0.000000 0.000000 0.000000
vt -0.580921 0.170251 0.000000
vt -0.538663 -0.062564 0.000000
vt 0.000000 0.000000 0.000000
vt -0.040045 0.233206 0.000000
vt -0.561602 0.214213 0.000000
vt 0.000000 0.000000 0.000000
vt -0.446445 0.321256 0.000000
vt -0.494738 0.016692 0.000000
vt 0.000000 0.000000 0.000000
vt 0.043121 0.305339 0.000000
vt -0.420304 0.347409 0.000000
vt 0.000000 0.000000 0.000000
vt -0.368828 0.377376 0.000000
vt -0.463318 0.043242 0.000000
vt 0.000000 0.000000 0.000000
vt 0.080044 0.337886 0.000000
vt -0.353262 0.395269 0.000000
vt 0.000000 0.000000 0.000000
vt -0.303190 0.426213 0.000000
vt -0.432852 0.060720 0.000000
vt 0.000000 0.000000 0.000000
vt -0.037633 0.043926 0.000000
vt -0.576204 -0.123853 0.000000
vt 0.000000 0.000000 0.000000
vt -0.595691 -0.074974 0.000000
vt -0.538673 -0.167452 0.000000
vt 0.000000 0.000000 0.000000
vt -0.056258 0.092942 0.000000
vt -0.612961 -0.025062 0.000000
vt 0.000000 0.000000 0.000000
vt -0.612932 0.025298 0.000000
vt -0.556808 -0.117508 0.000000
vt 0.000000 0.000000 0.000000
vt -0.054808 0.143316 0.000000
vt -0.613722 0.075558 0.000000
vt 0.000000 0.000000 0.000000
vt -0.594978 0.123578 0.000000
vt -0.558958 -0.067400 0.000000
vt 0.000000 0.000000 0.000000
vt -0.034708 0.191221 0.000000
vt -0.580921 0.170251 0.000000
vt 0.000000 0.000000 0.000000
vt -0.521560 0.252924 0.000000
vt -0.521560 -0.018903 0.000000
vt 0.000000 0.234021 0.000000
vt 0.000000 0.000000 0.000000
vt -0.475042 0.289874 0.000000
vt -0.521557 0.018993 0.000000
vt 0.000000 0.000000 0.000000
vt 0.043043 0.271454 0.000000
vt -0.446445 0.321256 0.000000
vt 0.000000 0.000000 0.000000
vt -0.392759 0.353881 0.000000
vt -0.489384 0.050812 0.000000
vt 0.000000 0.000000 0.000000
vt 0.086560 0.306095 0.000000
vt -0.368828 0.377376 0.000000
vt 0.000000 0.000000 0.000000
vt -0.312321 0.408852 0.000000
vt -0.454881 0.074446 0.000000
vt 0.000000 0.000000 0.000000
vt 0.121541 0.342605 0.000000
vt -0.303190 0.426213 0.000000
vt 0.000000 0.000000 0.000000
vt -0.247630 0.459727 0.000000
vt -0.423428 0.089978 0.000000
vt 0.000000 0.000000 0.000000
vt 0.137574 0.385607 0.000000
vt -0.264797 0.471353 0.000000
vt 0.000000 0.000000 0.000000
vt -0.213974 0.508510 0.000000
vt -0.400168 0.095503 0.000000
vt 0.000000 0.000000 0.000000
vt 0.121610 0.436410 0.000000
vt -0.269972 0.509188 0.000000
vt 0.000000 0.000000 0.000000
vt -0.229764 0.548780 0.000000
vt -0.389284 0.084208 0.000000
vt 0.000000 0.000000 0.000000
vt 0.050001 0.038242 0.000000
vt -0.433252 0.272661 0.000000
vt 0.000000 0.000000 0.000000
vt 0.483283 -0.234357 0.000000
vt 0.525340 -0.192299 0.000000
vt 0.000000 0.000000 0.000000
vt 0.562830 -0.147755 0.000000
vt 0.041838 0.042276 0.000000
vt 0.000000 0.000000 0.000000
vt 0.521140 -0.189626 0.000000
vt 0.033294 0.045422 0.000000
vt 0.000000 0.000000 0.000000
vt 0.066088 0.090163 0.000000
vt -0.487846 0.235049 0.000000
vt 0.000000 0.000000 0.000000
vt 0.554000 -0.144634 0.000000
vt 0.024121 0.047687 0.000000
vt 0.000000 0.000000 0.000000
vt 0.047797 0.094506 0.000000
vt -0.529879 0.192321 0.000000
vt 0.000000 0.000000 0.000000
vt 0.577696 -0.097696 0.000000
vt 0.014635 0.049287 0.000000
vt 0.000000 0.000000 0.000000
vt 0.029019 0.097731 0.000000
vt -0.563061 0.146983 0.000000
vt 0.000000 0.000000 0.000000
vt 0.592083 -0.049221 0.000000
vt 0.004904 0.050078 0.000000
vt 0.000000 0.000000 0.000000
vt 0.009723 0.099299 0.000000
vt -0.587179 0.099299 0.000000
vt 0.000000 0.000000 0.000000
vt 0.135435 0.046731 0.000000
vt -0.175470 0.380939 0.000000
vt 0.000000 0.000000 0.000000
vt 0.311695 -0.333471 0.000000
vt 0.063124 0.029086 0.000000
vt 0.000000 0.000000 0.000000
vt 0.125169 0.057675 0.000000
vt -0.248570 0.362557 0.000000
vt 0.000000 0.000000 0.000000
vt 0.374341 -0.304144 0.000000
vt 0.056916 0.034097 0.000000
vt 0.000000 0.000000 0.000000
vt 0.112859 0.067610 0.000000
vt -0.317425 0.338240 0.000000
vt 0.000000 0.000000 0.000000
vt 0.430706 -0.269958 0.000000
vt 0.049786 0.038522 0.000000
vt 0.000000 0.000000 0.000000
vt 0.098721 0.076384 0.000000
vt -0.380920 0.308479 0.000000
vt 0.000000 0.000000 0.000000
vt 0.479908 -0.231541 0.000000
vt 0.562830 -0.147755 0.000000
vt 0.000000 0.000000 0.000000
vt 0.594565 -0.100788 0.000000
vt 0.082013 0.084676 0.000000
vt 0.000000 0.000000 0.000000
vt 0.512953 -0.184353 0.000000
vt 0.065254 0.090768 0.000000
vt 0.000000 0.000000 0.000000
vt 0.096584 0.134349 0.000000
vt -0.447698 0.275121 0.000000
vt 0.000000 0.000000 0.000000
vt 0.544459 -0.140084 0.000000
vt 0.047130 0.094840 0.000000
vt 0.000000 0.000000 0.000000
vt 0.069639 0.140150 0.000000
vt -0.497329 0.234924 0.000000
vt 0.000000 0.000000 0.000000
vt 0.567023 -0.094446 0.000000
vt 0.028587 0.097858 0.000000
vt 0.000000 0.000000 0.000000
vt 0.042268 0.144690 0.000000
vt -0.538435 0.192304 0.000000
vt 0.000000 0.000000 0.000000
vt 0.580711 -0.047529 0.000000
vt 0.009574 0.099314 0.000000
vt 0.000000 0.000000 0.000000
vt 0.014156 0.146843 0.000000
vt -0.571137 0.146843 0.000000
vt 0.000000 0.000000 0.000000
vt 0.211730 0.053319 0.000000
vt -0.028554 0.409906 0.000000
vt 0.000000 0.000000 0.000000
vt 0.242984 -0.354752 0.000000
vt 0.134974 0.048047 0.000000
vt 0.000000 0.000000 0.000000
vt 0.199569 0.071041 0.000000
vt -0.108011 0.402799 0.000000
vt 0.000000 0.000000 0.000000
vt 0.309772 -0.329712 0.000000
vt 0.124520 0.059063 0.000000
vt 0.000000 0.000000 0.000000
vt 0.184112 0.087329 0.000000
vt -0.185252 0.388775 0.000000
vt 0.000000 0.000000 0.000000
vt 0.371025 -0.299399 0.000000
vt 0.112054 0.068934 0.000000
vt 0.000000 0.000000 0.000000
vt 0.165681 0.101925 0.000000
vt -0.258970 0.368334 0.000000
vt 0.000000 0.000000 0.000000
vt 0.425811 -0.264551 0.000000
vt 0.097823 0.077531 0.000000
vt 0.000000 0.000000 0.000000
vt 0.144638 0.114635 0.000000
vt -0.327988 0.342082 0.000000
vt 0.000000 0.000000 0.000000
vt 0.473356 -0.225924 0.000000
vt 0.594565 -0.100788 0.000000
vt 0.000000 0.000000 0.000000
vt 0.619488 -0.051404 0.000000
vt 0.119034 0.127207 0.000000
vt 0.000000 0.000000 0.000000
vt 0.501211 -0.176476 0.000000
vt 0.094599 0.135754 0.000000
vt 0.000000 0.000000 0.000000
vt 0.123727 0.177558 0.000000
vt -0.406612 0.312230 0.000000
vt 0.000000 0.000000 0.000000
vt 0.530672 -0.133358 0.000000
vt 0.068062 0.140923 0.000000
vt 0.000000 0.000000 0.000000
vt 0.088867 0.184022 0.000000
vt -0.462610 0.274280 0.000000
vt 0.000000 0.000000 0.000000
vt 0.551578 -0.089635 0.000000
vt 0.041250 0.144984 0.000000
vt 0.000000 0.000000 0.000000
vt 0.053897 0.189430 0.000000
vt -0.510328 0.234619 0.000000
vt 0.000000 0.000000 0.000000
vt 0.564237 -0.045027 0.000000
vt 0.013805 0.146876 0.000000
vt 0.000000 0.000000 0.000000
vt 0.018037 0.191903 0.000000
vt -0.550433 0.191903 0.000000
vt 0.000000 0.000000 0.000000
vt 0.287489 0.047452 0.000000
vt 0.121482 0.421791 0.000000
vt 0.000000 0.000000 0.000000
vt 0.172224 -0.371519 0.000000
vt 0.211051 0.055945 0.000000
vt 0.000000 0.000000 0.000000
vt 0.275751 0.073095 0.000000
vt 0.038827 0.427464 0.000000
vt 0.000000 0.000000 0.000000
vt 0.242252 -0.350748 0.000000
vt 0.198431 0.074160 0.000000
vt 0.000000 0.000000 0.000000
vt 0.259262 0.096894 0.000000
vt -0.043821 0.424908 0.000000
vt 0.000000 0.000000 0.000000
vt 0.307373 -0.323998 0.000000
vt 0.182522 0.090605 0.000000
vt 0.000000 0.000000 0.000000
vt 0.238477 0.118382 0.000000
vt -0.124851 0.414603 0.000000
vt 0.000000 0.000000 0.000000
vt 0.366548 -0.292227 0.000000
vt 0.163726 0.105036 0.000000
vt 0.000000 0.000000 0.000000
vt 0.213918 0.137236 0.000000
vt -0.202822 0.397263 0.000000
vt 0.000000 0.000000 0.000000
vt 0.418966 -0.256424 0.000000
vt 0.142473 0.117315 0.000000
vt 0.000000 0.000000 0.000000
vt 0.186150 0.153279 0.000000
vt -0.276493 0.373739 0.000000
vt 0.000000 0.000000 0.000000
vt 0.464031 -0.217522 0.000000
vt 0.619488 -0.051404 0.000000
vt 0.000000 0.000000 0.000000
vt 0.636610 0.000500 0.000000
vt 0.151244 0.169963 0.000000
vt 0.000000 0.000000 0.000000
vt 0.486546 -0.166044 0.000000
vt 0.119913 0.180156 0.000000
vt 0.000000 0.000000 0.000000
vt 0.146150 0.219576 0.000000
vt -0.366633 0.346200 0.000000
vt 0.000000 0.000000 0.000000
vt 0.513295 -0.124534 0.000000
vt 0.085867 0.185441 0.000000
vt 0.000000 0.000000 0.000000
vt 0.104474 0.225653 0.000000
vt -0.427429 0.309973 0.000000
vt 0.000000 0.000000 0.000000
vt 0.532058 -0.083335 0.000000
vt 0.051968 0.189968 0.000000
vt 0.000000 0.000000 0.000000
vt 0.063272 0.231291 0.000000
vt -0.480090 0.273303 0.000000
vt 0.000000 0.000000 0.000000
vt 0.543382 -0.041757 0.000000
vt 0.017373 0.191964 0.000000
vt 0.000000 0.000000 0.000000
vt 0.021151 0.233721 0.000000
vt -0.526009 0.233721 0.000000
vt 0.000000 0.000000 0.000000
vt 0.596903 -0.000000 0.000000
vt -0.004904 0.050078 0.000000
vt 0.000000 0.000000 0.000000
vt 0.601806 -0.050078 0.000000
vt 0.592083 0.049221 0.000000
vt 0.000000 0.000000 0.000000
vt 0.585293 0.000000 0.000000
vt -0.009574 0.099314 0.000000
vt 0.000000 0.000000 0.000000
vt 0.594867 -0.099314 0.000000
vt 0.580711 0.047529 0.000000
vt 0.000000 0.000000 0.000000
vt 0.568470 -0.000000 0.000000
vt -0.013805 0.146876 0.000000
vt 0.000000 0.000000 0.000000
vt 0.582274 -0.146876 0.000000
vt 0.564237 0.045027 0.000000
vt 0.000000 0.000000 0.000000
vt 0.547160 -0.000000 0.000000
vt -0.017373 0.191964 0.000000
vt 0.000000 0.000000 0.000000
vt 0.564533 -0.191964 0.000000
vt 0.543382 0.041757 0.000000
vt 0.000000 0.000000 0.000000
vt 0.522370 0.000000 0.000000
vt -0.020033 0.233819 0.000000
vt 0.000000 0.000000 0.000000
vt 0.542403 -0.233819 0.000000
vt 0.519133 0.037773 0.000000
vt 0.000000 0.000000 0.000000
vt 0.495399 -0.000000 0.000000
vt -0.021519 0.271737 0.000000
vt 0.000000 0.000000 0.000000
vt 0.357966 0.026997 0.000000
vt 0.268836 0.413975 0.000000
vt 0.000000 0.000000 0.000000
vt 0.100742 -0.384119 0.000000
vt 0.286880 0.051005 0.000000
vt 0.000000 0.000000 0.000000
vt 0.349283 0.062101 0.000000
vt 0.186137 0.435124 0.000000
vt 0.000000 0.000000 0.000000
vt 0.173616 -0.368266 0.000000
vt 0.274360 0.078154 0.000000
vt 0.000000 0.000000 0.000000
vt 0.334040 0.095154 0.000000
vt 0.100744 0.446420 0.000000
vt 0.000000 0.000000 0.000000
vt 0.242178 -0.345202 0.000000
vt 0.256953 0.102864 0.000000
vt 0.000000 0.000000 0.000000
vt 0.312846 0.125238 0.000000
vt 0.014775 0.448066 0.000000
vt 0.000000 0.000000 0.000000
vt 0.305132 -0.316162 0.000000
vt 0.235285 0.124605 0.000000
vt 0.000000 0.000000 0.000000
vt 0.286464 0.151710 0.000000
vt -0.069848 0.440767 0.000000
vt 0.000000 0.000000 0.000000
vt 0.361539 -0.282492 0.000000
vt 0.210041 0.143100 0.000000
vt 0.000000 0.000000 0.000000
vt 0.255730 0.174226 0.000000
vt -0.151498 0.425592 0.000000
vt 0.000000 0.000000 0.000000
vt 0.410791 -0.245499 0.000000
vt 0.181906 0.158292 0.000000
vt 0.000000 0.000000 0.000000
vt 0.221475 0.192724 0.000000
vt -0.228885 0.403791 0.000000
vt 0.000000 0.000000 0.000000
vt 0.452550 -0.206329 0.000000
vt 0.636610 0.000500 0.000000
vt 0.000000 0.000000 0.000000
vt 0.644920 0.055184 0.000000
vt 0.176715 0.213140 0.000000
vt 0.000000 0.000000 0.000000
vt 0.469821 -0.153082 0.000000
vt 0.139580 0.223809 0.000000
vt 0.000000 0.000000 0.000000
vt 0.162298 0.260239 0.000000
vt -0.330241 0.376891 0.000000
vt 0.000000 0.000000 0.000000
vt 0.493229 -0.113699 0.000000
vt 0.099370 0.227946 0.000000
vt 0.000000 0.000000 0.000000
vt 0.115344 0.264623 0.000000
vt -0.393860 0.341643 0.000000
vt 0.000000 0.000000 0.000000
vt 0.509412 -0.075636 0.000000
vt 0.060013 0.232158 0.000000
vt 0.000000 0.000000 0.000000
vt 0.069707 0.269663 0.000000
vt -0.449399 0.307794 0.000000
vt 0.000000 0.000000 0.000000
vt 0.519133 -0.037773 0.000000
vt 0.020033 0.233819 0.000000
vt 0.000000 0.000000 0.000000
vt 0.023271 0.271593 0.000000
vt -0.499099 0.271593 0.000000
vt 0.000000 0.000000 0.000000
vt 0.417806 -0.011594 0.000000
vt 0.408001 0.380857 0.000000
vt 0.000000 0.000000 0.000000
vt 0.028697 -0.391524 0.000000
vt 0.357741 0.029835 0.000000
vt 0.000000 0.000000 0.000000
vt 0.415534 0.034655 0.000000
vt 0.329045 0.421359 0.000000
vt 0.000000 0.000000 0.000000
vt 0.104479 -0.382237 0.000000
vt 0.348115 0.068342 0.000000
vt 0.000000 0.000000 0.000000
vt 0.404354 0.079382 0.000000
vt 0.243636 0.450578 0.000000
vt 0.000000 0.000000 0.000000
vt 0.176763 -0.363829 0.000000
vt 0.331404 0.103965 0.000000
vt 0.000000 0.000000 0.000000
vt 0.384942 0.120761 0.000000
vt 0.154641 0.467794 0.000000
vt 0.000000 0.000000 0.000000
vt 0.243698 -0.337761 0.000000
vt 0.308533 0.135517 0.000000
vt 0.000000 0.000000 0.000000
vt 0.358376 0.157410 0.000000
vt 0.064835 0.473278 0.000000
vt 0.000000 0.000000 0.000000
vt 0.303989 -0.305826 0.000000
vt 0.280604 0.162293 0.000000
vt 0.000000 0.000000 0.000000
vt 0.325934 0.188511 0.000000
vt -0.023385 0.468119 0.000000
vt 0.000000 0.000000 0.000000
vt 0.356895 -0.269872 0.000000
vt 0.248738 0.184071 0.000000
vt 0.000000 0.000000 0.000000
vt 0.288921 0.213809 0.000000
vt -0.108157 0.453943 0.000000
vt 0.000000 0.000000 0.000000
vt 0.402135 -0.231566 0.000000
vt 0.213954 0.201041 0.000000
vt 0.000000 0.000000 0.000000
vt 0.248519 0.233519 0.000000
vt -0.188181 0.432608 0.000000
vt 0.000000 0.000000 0.000000
vt 0.439748 -0.192263 0.000000
vt 0.644920 0.055185 0.000000
vt 0.000000 0.000000 0.000000
vt 0.643250 0.113066 0.000000
vt 0.193116 0.256968 0.000000
vt 0.000000 0.000000 0.000000
vt 0.452114 -0.137555 0.000000
vt 0.151694 0.266559 0.000000
vt 0.000000 0.000000 0.000000
vt 0.170372 0.299386 0.000000
vt -0.300421 0.404114 0.000000
vt 0.000000 0.000000 0.000000
vt 0.471621 -0.100932 0.000000
vt 0.107238 0.268011 0.000000
vt 0.000000 0.000000 0.000000
vt 0.120235 0.300532 0.000000
vt -0.364386 0.368941 0.000000
vt 0.000000 0.000000 0.000000
vt 0.484867 -0.066645 0.000000
vt 0.064576 0.270938 0.000000
vt 0.000000 0.000000 0.000000
vt 0.072453 0.303984 0.000000
vt -0.420290 0.337583 0.000000
vt 0.000000 0.000000 0.000000
vt 0.492774 -0.033144 0.000000
vt 0.021519 0.271737 0.000000
vt 0.000000 0.000000 0.000000
vt 0.024143 0.304881 0.000000
vt -0.471256 0.304881 0.000000
vt 0.000000 0.000000 0.000000
vt -0.004940 0.050074 0.000000
vt -0.602825 0.000000 0.000000
vt 0.000000 0.000000 0.000000
vt -0.014740 0.049256 0.000000
vt -0.597884 -0.050078 0.000000
vt 0.000000 0.000000 0.000000
vt -0.024299 0.047631 0.000000
vt -0.583142 -0.099347 0.000000
vt 0.000000 0.000000 0.000000
vt -0.033461 0.045226 0.000000
vt -0.558836 -0.147006 0.000000
vt 0.000000 0.000000 0.000000
vt -0.042075 0.042080 0.000000
vt -0.525358 -0.192278 0.000000
vt 0.000000 0.000000 0.000000
vt -0.050001 0.038242 0.000000
vt -0.483253 -0.234419 0.000000
vt 0.000000 0.000000 0.000000
vt 0.037846 -0.043743 0.000000
vt 0.543213 0.169988 0.000000
vt 0.000000 0.000000 0.000000
vt 0.046133 -0.040244 0.000000
vt 0.505345 0.213784 0.000000
vt 0.000000 0.000000 0.000000
vt 0.065980 -0.026052 0.000000
vt 0.345057 0.321668 0.000000
vt 0.000000 0.000000 0.000000
vt 0.070560 -0.020347 0.000000
vt 0.278979 0.347799 0.000000
vt 0.000000 0.000000 0.000000
vt 0.073981 -0.014305 0.000000
vt 0.208302 0.368212 0.000000
vt 0.000000 0.000000 0.000000
vt 0.076185 -0.008025 0.000000
vt 0.134191 0.382562 0.000000
vt 0.000000 0.000000 0.000000
vt 0.077136 -0.001612 0.000000
vt 0.057868 0.390608 0.000000
vt 0.000000 0.000000 0.000000
vt 0.076819 0.004828 0.000000
vt -0.019409 0.392213 0.000000
vt 0.000000 0.000000 0.000000
vt 0.075238 0.011188 0.000000
vt -0.096363 0.387351 0.000000
vt 0.000000 0.000000 0.000000
vt 0.072419 0.017362 0.000000
vt -0.171725 0.376106 0.000000
vt 0.000000 0.000000 0.000000
vt 0.063279 0.028749 0.000000
vt -0.312750 0.335341 0.000000
vt 0.000000 0.000000 0.000000
vt 0.057108 0.033774 0.000000
vt -0.376096 0.306510 0.000000
vt 0.000000 0.000000 0.000000
vt 0.033496 0.045274 0.000000
vt -0.525356 0.192254 0.000000
vt 0.000000 0.000000 0.000000
vt 0.024283 0.047605 0.000000
vt -0.558859 0.146952 0.000000
vt 0.000000 0.000000 0.000000
vt 0.014740 0.049256 0.000000
vt -0.583144 0.099333 0.000000
vt 0.000000 0.000000 0.000000
vt 0.004940 0.050074 0.000000
vt -0.597884 0.050074 0.000000
vt 0.000000 0.000000 0.000000
vt -0.572163 -0.123427 0.000000
vt -0.543224 -0.169951 0.000000
vt 0.000000 0.000000 0.000000
vt -0.028755 0.046638 0.000000
vt -0.595691 -0.074974 0.000000
vt 0.000000 0.000000 0.000000
vt -0.605490 -0.025068 0.000000
vt -0.566975 -0.121431 0.000000
vt 0.000000 0.000000 0.000000
vt -0.037958 0.096583 0.000000
vt -0.612932 0.025298 0.000000
vt 0.000000 0.000000 0.000000
vt -0.603260 0.074938 0.000000
vt -0.574997 -0.071097 0.000000
vt 0.000000 0.000000 0.000000
vt -0.027569 0.146168 0.000000
vt -0.594978 0.123578 0.000000
vt 0.000000 0.000000 0.000000
vt -0.546215 0.213116 0.000000
vt -0.546215 -0.020905 0.000000
vt 0.000000 0.192211 0.000000
vt 0.000000 0.000000 0.000000
vt -0.503955 0.253785 0.000000
vt -0.546213 0.020970 0.000000
vt 0.000000 0.000000 0.000000
vt 0.040045 0.233206 0.000000
vt -0.475042 0.289874 0.000000
vt 0.000000 0.000000 0.000000
vt -0.422181 0.325356 0.000000
vt -0.514999 0.057462 0.000000
vt 0.000000 0.000000 0.000000
vt 0.086121 0.270122 0.000000
vt -0.392759 0.353881 0.000000
vt 0.000000 0.000000 0.000000
vt -0.333415 0.386270 0.000000
vt -0.478399 0.086466 0.000000
vt 0.000000 0.000000 0.000000
vt 0.130599 0.306344 0.000000
vt -0.312320 0.408852 0.000000
vt 0.000000 0.000000 0.000000
vt -0.250004 0.441041 0.000000
vt -0.441500 0.108455 0.000000
vt 0.000000 0.000000 0.000000
vt 0.164790 0.346595 0.000000
vt -0.247629 0.459728 0.000000
vt 0.000000 0.000000 0.000000
vt -0.185143 0.494042 0.000000
vt -0.409488 0.123323 0.000000
vt 0.000000 0.000000 0.000000
vt 0.178089 0.395028 0.000000
vt -0.213974 0.508510 0.000000
vt 0.000000 0.000000 0.000000
vt -0.154255 0.545929 0.000000
vt -0.387537 0.128086 0.000000
vt 0.000000 0.000000 0.000000
vt 0.155415 0.452614 0.000000
vt -0.229763 0.548780 0.000000
vt 0.000000 0.000000 0.000000
vt 0.445468 -0.424339 0.000000
vt 0.386989 0.088598 0.000000
vt 0.000000 0.000000 0.000000
vt 0.023452 -0.515727 0.000000
vt 0.409404 -0.349760 0.000000
vt 0.000000 0.000000 0.000000
vt 0.401871 -0.384508 0.000000
vt 0.388408 0.160136 0.000000
vt 0.000000 0.000000 0.000000
vt -0.591727 -0.074864 0.000000
vt -0.572168 -0.123407 0.000000
vt 0.000000 0.000000 0.000000
vt -0.019424 0.048597 0.000000
vt -0.605490 -0.025068 0.000000
vt 0.000000 0.000000 0.000000
vt -0.605484 0.025114 0.000000
vt -0.586075 -0.073596 0.000000
vt 0.000000 0.000000 0.000000
vt -0.019115 0.098768 0.000000
vt -0.603260 0.074938 0.000000
vt 0.000000 0.000000 0.000000
vt -0.567410 0.169661 0.000000
vt -0.567410 -0.022549 0.000000
vt 0.000000 0.147112 0.000000
vt 0.000000 0.000000 0.000000
vt -0.531388 0.213568 0.000000
vt -0.567408 0.022590 0.000000
vt 0.000000 0.000000 0.000000
vt 0.034708 0.191221 0.000000
vt -0.503955 0.253785 0.000000
vt 0.000000 0.000000 0.000000
vt -0.454451 0.292255 0.000000
vt -0.538597 0.063131 0.000000
vt 0.000000 0.000000 0.000000
vt 0.079909 0.230635 0.000000
vt -0.422181 0.325356 0.000000
vt 0.000000 0.000000 0.000000
vt -0.363034 0.359279 0.000000
vt -0.501686 0.096836 0.000000
vt 0.000000 0.000000 0.000000
vt 0.129222 0.267212 0.000000
vt -0.333415 0.386270 0.000000
vt 0.000000 0.000000 0.000000
vt -0.268078 0.417781 0.000000
vt -0.461316 0.124078 0.000000
vt 0.000000 0.000000 0.000000
vt 0.175426 0.304677 0.000000
vt -0.250004 0.441040 0.000000
vt 0.000000 0.000000 0.000000
vt -0.181018 0.472362 0.000000
vt -0.422344 0.145643 0.000000
vt 0.000000 0.000000 0.000000
vt 0.210296 0.347504 0.000000
vt -0.185143 0.494042 0.000000
vt 0.000000 0.000000 0.000000
vt -0.114063 0.526552 0.000000
vt -0.389716 0.161142 0.000000
vt 0.000000 0.000000 0.000000
vt 0.223128 0.399654 0.000000
vt -0.154255 0.545930 0.000000
vt 0.000000 0.000000 0.000000
vt -0.082448 0.580303 0.000000
vt -0.368777 0.166785 0.000000
vt 0.000000 0.000000 0.000000
vt 0.056973 -0.499735 0.000000
vt 0.445468 -0.424339 0.000000
vt 0.000000 0.000000 0.000000
vt 0.433783 -0.464808 0.000000
vt 0.389108 0.072162 0.000000
vt 0.000000 0.000000 0.000000
vt 0.017751 -0.538533 0.000000
vt 0.405709 -0.380456 0.000000
vt 0.000000 0.000000 0.000000
vt 0.399542 -0.411228 0.000000
vt 0.389544 0.154128 0.000000
vt 0.000000 0.000000 0.000000
vt -0.601588 -0.025089 0.000000
vt -0.591728 -0.074856 0.000000
vt 0.000000 0.000000 0.000000
vt -0.009789 0.049781 0.000000
vt -0.605484 0.025114 0.000000
vt 0.000000 0.000000 0.000000
vt -0.584147 0.123304 0.000000
vt -0.584147 -0.023808 0.000000
vt 0.000000 0.099496 0.000000
vt 0.000000 0.000000 0.000000
vt -0.555883 0.169865 0.000000
vt -0.584146 0.023830 0.000000
vt 0.000000 0.000000 0.000000
vt 0.027569 0.146168 0.000000
vt -0.531388 0.213568 0.000000
vt 0.000000 0.000000 0.000000
vt -0.487303 0.255010 0.000000
vt -0.558914 0.067759 0.000000
vt 0.000000 0.000000 0.000000
vt 0.069112 0.188188 0.000000
vt -0.454451 0.292255 0.000000
vt 0.000000 0.000000 0.000000
vt -0.398001 0.328297 0.000000
vt -0.523263 0.105569 0.000000
vt 0.000000 0.000000 0.000000
vt 0.119369 0.225942 0.000000
vt -0.363034 0.359279 0.000000
vt 0.000000 0.000000 0.000000
vt -0.297649 0.391103 0.000000
vt -0.481313 0.137219 0.000000
vt 0.000000 0.000000 0.000000
vt 0.172231 0.261774 0.000000
vt -0.268078 0.417781 0.000000
vt 0.000000 0.000000 0.000000
vt -0.196437 0.447132 0.000000
vt -0.437511 0.163689 0.000000
vt 0.000000 0.000000 0.000000
vt 0.221075 0.299303 0.000000
vt -0.181018 0.472363 0.000000
vt 0.000000 0.000000 0.000000
vt -0.104547 0.500473 0.000000
vt -0.396323 0.185896 0.000000
vt 0.000000 0.000000 0.000000
vt 0.258391 0.342529 0.000000
vt -0.114064 0.526552 0.000000
vt 0.000000 0.000000 0.000000
vt -0.032642 0.553679 0.000000
vt -0.362293 0.203299 0.000000
vt 0.000000 0.000000 0.000000
vt 0.273865 0.395518 0.000000
vt -0.082448 0.580303 0.000000
vt 0.000000 0.000000 0.000000
vt 0.454469 -0.401933 0.000000
vt 0.383576 0.118214 0.000000
vt 0.000000 0.000000 0.000000
vt 0.043526 -0.523149 0.000000
vt 0.433784 -0.464808 0.000000
vt 0.000000 0.000000 0.000000
vt 0.423246 -0.500259 0.000000
vt 0.390517 0.056578 0.000000
vt 0.000000 0.000000 0.000000
vt 0.012900 -0.557649 0.000000
vt 0.402403 -0.408428 0.000000
vt 0.000000 0.000000 0.000000
vt 0.397374 -0.434921 0.000000
vt 0.390469 0.146672 0.000000
vt 0.000000 0.000000 0.000000
vt -0.601588 0.025089 0.000000
vt -0.601588 -0.025089 0.000000
vt 0.000000 0.000000 0.000000
vt -0.595696 0.074836 0.000000
vt -0.595696 -0.024659 0.000000
vt 0.000000 0.050177 0.000000
vt 0.000000 0.000000 0.000000
vt -0.576287 0.123377 0.000000
vt -0.595696 0.024667 0.000000
vt 0.000000 0.000000 0.000000
vt 0.019115 0.098768 0.000000
vt -0.555883 0.169865 0.000000
vt 0.000000 0.000000 0.000000
vt -0.518850 0.214092 0.000000
vt -0.574974 0.071286 0.000000
vt 0.000000 0.000000 0.000000
vt 0.054808 0.143316 0.000000
vt -0.487303 0.255010 0.000000
vt 0.000000 0.000000 0.000000
vt -0.435588 0.293595 0.000000
vt -0.541915 0.112640 0.000000
vt 0.000000 0.000000 0.000000
vt 0.102882 0.182936 0.000000
vt -0.398001 0.328297 0.000000
vt 0.000000 0.000000 0.000000
vt -0.334932 0.361411 0.000000
vt -0.500080 0.148099 0.000000
vt 0.000000 0.000000 0.000000
vt 0.158119 0.218573 0.000000
vt -0.297649 0.391103 0.000000
vt 0.000000 0.000000 0.000000
vt -0.226144 0.419831 0.000000
vt -0.453507 0.178387 0.000000
vt 0.000000 0.000000 0.000000
vt 0.214867 0.252629 0.000000
vt -0.196437 0.447132 0.000000
vt 0.000000 0.000000 0.000000
vt -0.118343 0.472444 0.000000
vt -0.406246 0.204856 0.000000
vt 0.000000 0.000000 0.000000
vt 0.267291 0.288179 0.000000
vt -0.104547 0.500473 0.000000
vt 0.000000 0.000000 0.000000
vt -0.020043 0.522288 0.000000
vt -0.362130 0.228460 0.000000
vt 0.000000 0.000000 0.000000
vt 0.309008 0.328438 0.000000
vt -0.032641 0.553679 0.000000
vt 0.000000 0.000000 0.000000
vt 0.060534 0.570642 0.000000
vt -0.324877 0.248823 0.000000
vt 0.000000 0.000000 0.000000
vt 0.067808 -0.497505 0.000000
vt 0.454469 -0.401933 0.000000
vt 0.000000 0.000000 0.000000
vt 0.439515 -0.447978 0.000000
vt 0.387301 0.092948 0.000000
vt 0.000000 0.000000 0.000000
vt 0.031886 -0.542504 0.000000
vt 0.423246 -0.500259 0.000000
vt 0.000000 0.000000 0.000000
vt 0.413439 -0.530540 0.000000
vt 0.391451 0.041387 0.000000
vt 0.000000 0.000000 0.000000
vt 0.008604 -0.572285 0.000000
vt 0.399328 -0.433127 0.000000
vt 0.000000 0.000000 0.000000
vt 0.395269 -0.454988 0.000000
vt 0.391244 0.137690 0.000000
vt 0.000000 0.000000 0.000000
vt -0.591728 0.074856 0.000000
vt -0.601588 0.025089 0.000000
vt 0.000000 0.000000 0.000000
vt 0.009789 0.049781 0.000000
vt -0.576287 0.123377 0.000000
vt 0.000000 0.000000 0.000000
vt -0.547551 0.170028 0.000000
vt -0.586066 0.073665 0.000000
vt 0.000000 0.000000 0.000000
vt 0.037958 0.096583 0.000000
vt -0.518850 0.214092 0.000000
vt 0.000000 0.000000 0.000000
vt -0.473521 0.255426 0.000000
vt -0.556703 0.118004 0.000000
vt 0.000000 0.000000 0.000000
vt 0.081380 0.138497 0.000000
vt -0.435588 0.293595 0.000000
vt 0.000000 0.000000 0.000000
vt -0.376748 0.328796 0.000000
vt -0.516451 0.156813 0.000000
vt 0.000000 0.000000 0.000000
vt 0.135644 0.175201 0.000000
vt -0.334932 0.361411 0.000000
vt 0.000000 0.000000 0.000000
vt -0.265666 0.390806 0.000000
vt -0.468936 0.190299 0.000000
vt 0.000000 0.000000 0.000000
vt 0.195741 0.207863 0.000000
vt -0.226144 0.419831 0.000000
vt 0.000000 0.000000 0.000000
vt -0.148824 0.444053 0.000000
vt -0.417901 0.219719 0.000000
vt 0.000000 0.000000 0.000000
vt 0.256605 0.238499 0.000000
vt -0.118343 0.472444 0.000000
vt 0.000000 0.000000 0.000000
vt -0.033991 0.491345 0.000000
vt -0.366773 0.246565 0.000000
vt 0.000000 0.000000 0.000000
vt 0.313381 0.269172 0.000000
vt -0.020043 0.522288 0.000000
vt 0.000000 0.000000 0.000000
vt 0.072390 0.534070 0.000000
vt -0.318405 0.271768 0.000000
vt 0.000000 0.000000 0.000000
vt 0.361276 0.301667 0.000000
vt 0.060534 0.570642 0.000000
vt 0.000000 0.000000 0.000000
vt 0.165627 0.571339 0.000000
vt -0.274853 0.295380 0.000000
vt 0.000000 0.000000 0.000000
vt 0.049942 -0.517380 0.000000
vt 0.439515 -0.447978 0.000000
vt 0.000000 0.000000 0.000000
vt 0.425003 -0.488400 0.000000
vt 0.389803 0.068104 0.000000
vt 0.000000 0.000000 0.000000
vt 0.021422 -0.557205 0.000000
vt 0.413439 -0.530540 0.000000
vt 0.000000 0.000000 0.000000
vt 0.404031 -0.555421 0.000000
vt 0.392039 0.026340 0.000000
vt 0.000000 0.000000 0.000000
vt 0.004660 -0.581866 0.000000
vt 0.396368 -0.454031 0.000000
vt 0.000000 0.000000 0.000000
vt 0.393148 -0.470945 0.000000
vt 0.391906 0.127230 0.000000
vt 0.000000 0.000000 0.000000
vt -0.572168 0.123407 0.000000
vt -0.591727 0.074864 0.000000
vt 0.000000 0.000000 0.000000
vt 0.019424 0.048597 0.000000
vt -0.547551 0.170028 0.000000
vt 0.000000 0.000000 0.000000
vt -0.509918 0.214090 0.000000
vt -0.566936 0.121612 0.000000
vt 0.000000 0.000000 0.000000
vt 0.056258 0.092942 0.000000
vt -0.473521 0.255426 0.000000
vt 0.000000 0.000000 0.000000
vt -0.420475 0.293271 0.000000
vt -0.529503 0.163380 0.000000
vt 0.000000 0.000000 0.000000
vt 0.106924 0.131630 0.000000
vt -0.376748 0.328796 0.000000
vt 0.000000 0.000000 0.000000
vt -0.311390 0.359937 0.000000
vt -0.482626 0.199711 0.000000
vt 0.000000 0.000000 0.000000
vt 0.166954 0.164684 0.000000
vt -0.265666 0.390806 0.000000
vt 0.000000 0.000000 0.000000
vt -0.190791 0.415439 0.000000
vt -0.429784 0.231466 0.000000
vt 0.000000 0.000000 0.000000
vt 0.231654 0.193133 0.000000
vt -0.148824 0.444053 0.000000
vt 0.000000 0.000000 0.000000
vt -0.066296 0.462044 0.000000
vt -0.374219 0.260163 0.000000
vt 0.000000 0.000000 0.000000
vt 0.296605 0.218170 0.000000
vt -0.033991 0.491345 0.000000
vt 0.000000 0.000000 0.000000
vt 0.055836 0.501145 0.000000
vt -0.318500 0.287186 0.000000
vt 0.000000 0.000000 0.000000
vt 0.358002 0.240291 0.000000
vt 0.072390 0.534070 0.000000
vt 0.000000 0.000000 0.000000
vt 0.171478 0.531718 0.000000
vt -0.264057 0.313296 0.000000
vt 0.000000 0.000000 0.000000
vt 0.412898 0.258677 0.000000
vt 0.165629 0.571339 0.000000
vt 0.000000 0.000000 0.000000
vt 0.433641 -0.437800 0.000000
vt 0.387491 0.093545 0.000000
vt 0.000000 0.000000 0.000000
vt 0.033668 -0.532281 0.000000
vt 0.425003 -0.488400 0.000000
vt 0.000000 0.000000 0.000000
vt 0.410625 -0.523197 0.000000
vt 0.391390 0.043385 0.000000
vt 0.000000 0.000000 0.000000
vt 0.011683 -0.566788 0.000000
vt 0.404031 -0.555421 0.000000
vt 0.000000 0.000000 0.000000
vt 0.394729 -0.574723 0.000000
vt 0.392350 0.011309 0.000000
vt 0.000000 0.000000 0.000000
vt 0.000919 -0.586037 0.000000
vt 0.393428 -0.470711 0.000000
vt 0.000000 0.000000 0.000000
vt 0.390934 -0.482443 0.000000
vt 0.392480 0.115426 0.000000
vt 0.000000 0.000000 0.000000
vt -0.543224 0.169951 0.000000
vt -0.572163 0.123427 0.000000
vt 0.000000 0.000000 0.000000
vt 0.028755 0.046638 0.000000
vt -0.509918 0.214090 0.000000
vt 0.000000 0.000000 0.000000
vt -0.463950 0.254880 0.000000
vt -0.538572 0.167779 0.000000
vt 0.000000 0.000000 0.000000
vt 0.073739 0.087849 0.000000
vt -0.420475 0.293271 0.000000
vt 0.000000 0.000000 0.000000
vt -0.360406 0.326984 0.000000
vt -0.493662 0.206745 0.000000
vt 0.000000 0.000000 0.000000
vt 0.131059 0.122631 0.000000
vt -0.311390 0.359937 0.000000
vt 0.000000 0.000000 0.000000
vt -0.240263 0.386219 0.000000
vt -0.440664 0.240604 0.000000
vt 0.000000 0.000000 0.000000
vt 0.196294 0.151104 0.000000
vt -0.190791 0.415438 0.000000
vt 0.000000 0.000000 0.000000
vt -0.111133 0.434088 0.000000
vt -0.382721 0.270615 0.000000
vt 0.000000 0.000000 0.000000
vt 0.265095 0.173804 0.000000
vt -0.066297 0.462044 0.000000
vt 0.000000 0.000000 0.000000
vt 0.020397 0.471936 0.000000
vt -0.322410 0.298254 0.000000
vt 0.000000 0.000000 0.000000
vt 0.333641 0.190698 0.000000
vt 0.055836 0.501145 0.000000
vt 0.000000 0.000000 0.000000
vt 0.149530 0.499148 0.000000
vt -0.261237 0.324512 0.000000
vt 0.000000 0.000000 0.000000
vt 0.398986 0.200094 0.000000
vt 0.171477 0.531718 0.000000
vt 0.000000 0.000000 0.000000
vt 0.274204 0.511425 0.000000
vt -0.198821 0.349579 0.000000
vt 0.000000 0.000000 0.000000
vt 0.043260 -0.498071 0.000000
vt 0.433641 -0.437800 0.000000
vt 0.000000 0.000000 0.000000
vt 0.415763 -0.481976 0.000000
vt 0.390474 0.059665 0.000000
vt 0.000000 0.000000 0.000000
vt 0.018398 -0.541919 0.000000
vt 0.410625 -0.523197 0.000000
vt 0.000000 0.000000 0.000000
vt 0.396052 -0.552307 0.000000
vt 0.392232 0.018633 0.000000
vt 0.000000 0.000000 0.000000
vt 0.002318 -0.570948 0.000000
vt 0.394729 -0.574723 0.000000
vt 0.000000 0.000000 0.000000
vt 0.385253 -0.588386 0.000000
vt 0.392411 -0.003781 0.000000
vt 0.000000 0.000000 0.000000
vt -0.002745 -0.584643 0.000000
vt 0.390418 -0.482861 0.000000
vt 0.000000 0.000000 0.000000
vt 0.388546 -0.489302 0.000000
vt 0.392983 0.102473 0.000000
vt 0.000000 0.000000 0.000000
vt -0.505367 0.213731 0.000000
vt -0.543213 0.169988 0.000000
vt 0.000000 0.000000 0.000000
vt 0.037633 0.043926 0.000000
vt -0.463950 0.254880 0.000000
vt 0.000000 0.000000 0.000000
vt -0.410339 0.291731 0.000000
vt -0.501380 0.211436 0.000000
vt 0.000000 0.000000 0.000000
vt 0.090125 0.081321 0.000000
vt -0.360406 0.326984 0.000000
vt 0.000000 0.000000 0.000000
vt -0.294135 0.355893 0.000000
vt -0.449597 0.247368 0.000000
vt 0.000000 0.000000 0.000000
vt 0.153380 0.111449 0.000000
vt -0.240263 0.386218 0.000000
vt 0.000000 0.000000 0.000000
vt -0.164301 0.406761 0.000000
vt -0.390935 0.278609 0.000000
vt 0.000000 0.000000 0.000000
vt 0.223066 0.134267 0.000000
vt -0.111133 0.434088 0.000000
vt 0.000000 0.000000 0.000000
vt -0.027814 0.445474 0.000000
vt -0.328066 0.306520 0.000000
vt 0.000000 0.000000 0.000000
vt 0.295129 0.149527 0.000000
vt 0.020397 0.471936 0.000000
vt 0.000000 0.000000 0.000000
vt 0.109678 0.471950 0.000000
vt -0.262798 0.332209 0.000000
vt 0.000000 0.000000 0.000000
vt 0.366112 0.155652 0.000000
vt 0.149530 0.499148 0.000000
vt 0.000000 0.000000 0.000000
vt 0.244490 0.483122 0.000000
vt -0.195486 0.355925 0.000000
vt 0.000000 0.000000 0.000000
vt 0.433331 0.148265 0.000000
vt 0.274204 0.511425 0.000000
vt 0.000000 0.000000 0.000000
vt 0.375578 0.470789 0.000000
vt -0.123901 0.376637 0.000000
vt 0.000000 0.000000 0.000000
vt 0.023706 -0.507723 0.000000
vt 0.415763 -0.481976 0.000000
vt 0.000000 0.000000 0.000000
vt 0.397093 -0.520439 0.000000
vt 0.392064 0.025638 0.000000
vt 0.000000 0.000000 0.000000
vt 0.003654 -0.546088 0.000000
vt 0.396052 -0.552307 0.000000
vt 0.000000 0.000000 0.000000
vt 0.380910 -0.575714 0.000000
vt 0.392398 -0.006229 0.000000
vt 0.000000 0.000000 0.000000
vt -0.006973 -0.569558 0.000000
vt 0.385253 -0.588386 0.000000
vt 0.000000 0.000000 0.000000
vt 0.375298 -0.596515 0.000000
vt 0.392219 -0.018991 0.000000
vt 0.000000 0.000000 0.000000
vt -0.006450 -0.577736 0.000000
vt 0.387242 -0.490334 0.000000
vt 0.000000 0.000000 0.000000
vt 0.385885 -0.491533 0.000000
vt 0.393426 0.088591 0.000000
vt 0.000000 0.000000 0.000000
vt -0.459212 0.254028 0.000000
vt -0.505345 0.213784 0.000000
vt 0.000000 0.000000 0.000000
vt 0.045913 0.040494 0.000000
vt -0.410339 0.291731 0.000000
vt 0.000000 0.000000 0.000000
vt -0.349908 0.324007 0.000000
vt -0.455911 0.251856 0.000000
vt 0.000000 0.000000 0.000000
vt 0.105143 0.073399 0.000000
vt -0.294135 0.355893 0.000000
vt 0.000000 0.000000 0.000000
vt -0.222628 0.379321 0.000000
vt -0.397874 0.284468 0.000000
vt 0.000000 0.000000 0.000000
vt 0.173458 0.098084 0.000000
vt -0.164301 0.406761 0.000000
vt 0.000000 0.000000 0.000000
vt -0.084633 0.420683 0.000000
vt -0.334008 0.312733 0.000000
vt 0.000000 0.000000 0.000000
vt 0.246609 0.114128 0.000000
vt -0.027814 0.445474 0.000000
vt 0.000000 0.000000 0.000000
vt 0.057705 0.448416 0.000000
vt -0.266436 0.337801 0.000000
vt 0.000000 0.000000 0.000000
vt 0.320671 0.120306 0.000000
vt 0.109678 0.471950 0.000000
vt 0.000000 0.000000 0.000000
vt 0.199408 0.460691 0.000000
vt -0.196209 0.360103 0.000000
vt 0.000000 0.000000 0.000000
vt 0.392146 0.113369 0.000000
vt 0.244490 0.483122 0.000000
vt 0.000000 0.000000 0.000000
vt 0.337175 0.451863 0.000000
vt -0.122677 0.378774 0.000000
vt 0.000000 0.000000 0.000000
vt 0.457566 0.086252 0.000000
vt 0.375578 0.470789 0.000000
vt 0.000000 0.000000 0.000000
vt 0.469167 0.410110 0.000000
vt -0.042375 0.390890 0.000000
vt 0.000000 0.000000 0.000000
vt 0.004713 -0.511881 0.000000
vt 0.397093 -0.520439 0.000000
vt 0.000000 0.000000 0.000000
vt 0.377264 -0.553166 0.000000
vt 0.392379 -0.008570 0.000000
vt 0.000000 0.000000 0.000000
vt -0.010988 -0.544695 0.000000
vt 0.380910 -0.575714 0.000000
vt 0.000000 0.000000 0.000000
vt 0.364758 -0.593514 0.000000
vt 0.391878 -0.031267 0.000000
vt 0.000000 0.000000 0.000000
vt -0.016485 -0.562660 0.000000
vt 0.375298 -0.596515 0.000000
vt 0.000000 0.000000 0.000000
vt 0.364495 -0.599422 0.000000
vt 0.391735 -0.034409 0.000000
vt 0.000000 0.000000 0.000000
vt -0.010323 -0.565575 0.000000
vt 0.383787 -0.493173 0.000000
vt 0.000000 0.000000 0.000000
vt 0.382819 -0.489375 0.000000
vt 0.393813 0.073998 0.000000
vt 0.000000 0.000000 0.000000
vt -0.405509 0.290179 0.000000
vt -0.459173 0.254097 0.000000
vt 0.000000 0.000000 0.000000
vt 0.053459 0.036387 0.000000
vt -0.349908 0.324007 0.000000
vt 0.000000 0.000000 0.000000
vt -0.283600 0.351112 0.000000
vt -0.402857 0.288334 0.000000
vt 0.000000 0.000000 0.000000
vt 0.118524 0.064151 0.000000
vt -0.222628 0.379321 0.000000
vt 0.000000 0.000000 0.000000
vt -0.146993 0.396623 0.000000
vt -0.339226 0.317242 0.000000
vt 0.000000 0.000000 0.000000
vt 0.190863 0.082621 0.000000
vt -0.084633 0.420683 0.000000
vt 0.000000 0.000000 0.000000
vt -0.002602 0.427191 0.000000
vt -0.270677 0.341933 0.000000
vt 0.000000 0.000000 0.000000
vt 0.266231 0.090853 0.000000
vt 0.057705 0.448416 0.000000
vt 0.000000 0.000000 0.000000
vt 0.143642 0.442005 0.000000
vt -0.198806 0.363057 0.000000
vt 0.000000 0.000000 0.000000
vt 0.340594 0.086599 0.000000
vt 0.199408 0.460691 0.000000
vt 0.000000 0.000000 0.000000
vt 0.286970 0.437449 0.000000
vt -0.124057 0.380117 0.000000
vt 0.000000 0.000000 0.000000
vt 0.409861 0.065143 0.000000
vt 0.337175 0.451863 0.000000
vt 0.000000 0.000000 0.000000
vt 0.423486 0.405720 0.000000
vt -0.045226 0.390884 0.000000
vt 0.000000 0.000000 0.000000
vt 0.468616 0.017608 0.000000
vt 0.469166 0.410111 0.000000
vt 0.000000 0.000000 0.000000
vt 0.548585 0.333079 0.000000
vt 0.041116 0.390344 0.000000
vt 0.000000 0.000000 0.000000
vt -0.014168 -0.510493 0.000000
vt 0.377264 -0.553166 0.000000
vt 0.000000 0.000000 0.000000
vt 0.355786 -0.580196 0.000000
vt 0.391399 -0.042978 0.000000
vt 0.000000 0.000000 0.000000
vt -0.025939 -0.537773 0.000000
vt 0.364758 -0.593514 0.000000
vt 0.000000 0.000000 0.000000
vt 0.347035 -0.605968 0.000000
vt 0.390577 -0.056583 0.000000
vt 0.000000 0.000000 0.000000
vt -0.026538 -0.550469 0.000000
vt 0.364496 -0.599422 0.000000
vt 0.000000 0.000000 0.000000
vt 0.352359 -0.597672 0.000000
vt 0.390875 -0.050207 0.000000
vt 0.000000 0.000000 0.000000
vt -0.014520 -0.548626 0.000000
vt 0.379902 -0.491643 0.000000
vt 0.000000 0.000000 0.000000
vt 0.379157 -0.483349 0.000000
vt 0.394144 0.058876 0.000000
vt 0.000000 0.000000 0.000000
vt -0.345134 0.321585 0.000000
vt -0.405452 0.290259 0.000000
vt 0.000000 0.000000 0.000000
vt 0.060143 0.031660 0.000000
vt -0.283600 0.351112 0.000000
vt 0.000000 0.000000 0.000000
vt -0.212478 0.372517 0.000000
vt -0.343047 0.320199 0.000000
vt 0.000000 0.000000 0.000000
vt 0.130012 0.053688 0.000000
vt -0.146993 0.396623 0.000000
vt 0.000000 0.000000 0.000000
vt -0.068473 0.407243 0.000000
vt -0.274553 0.344902 0.000000
vt 0.000000 0.000000 0.000000
vt 0.205176 0.065254 0.000000
vt -0.002602 0.427191 0.000000
vt 0.000000 0.000000 0.000000
vt 0.080260 0.425675 0.000000
vt -0.201979 0.365205 0.000000
vt 0.000000 0.000000 0.000000
vt 0.281266 0.064843 0.000000
vt 0.143642 0.442005 0.000000
vt 0.000000 0.000000 0.000000
vt 0.227960 0.425771 0.000000
vt -0.126514 0.381033 0.000000
vt 0.000000 0.000000 0.000000
vt 0.353860 0.049357 0.000000
vt 0.286970 0.437448 0.000000
vt 0.000000 0.000000 0.000000
vt 0.369502 0.402434 0.000000
vt -0.048304 0.390840 0.000000
vt 0.000000 0.000000 0.000000
vt 0.417758 0.013222 0.000000
vt 0.423487 0.405719 0.000000
vt 0.000000 0.000000 0.000000
vt 0.499451 0.346800 0.000000
vt 0.033716 0.391088 0.000000
vt 0.000000 0.000000 0.000000
vt 0.464885 -0.052461 0.000000
vt 0.548586 0.333078 0.000000
vt 0.000000 0.000000 0.000000
vt 0.609350 0.246151 0.000000
vt 0.121484 0.375350 0.000000
vt 0.000000 0.000000 0.000000
vt -0.033383 -0.503578 0.000000
vt 0.355786 -0.580196 0.000000
vt 0.000000 0.000000 0.000000
vt 0.332001 -0.601674 0.000000
vt 0.388966 -0.077641 0.000000
vt 0.000000 0.000000 0.000000
vt -0.041646 -0.525472 0.000000
vt 0.347035 -0.605968 0.000000
vt 0.000000 0.000000 0.000000
vt 0.326985 -0.613547 0.000000
vt 0.388286 -0.082380 0.000000
vt 0.000000 0.000000 0.000000
vt -0.037525 -0.533374 0.000000
vt 0.352359 -0.597672 0.000000
vt 0.000000 0.000000 0.000000
vt 0.338185 -0.592140 0.000000
vt 0.389478 -0.066708 0.000000
vt 0.000000 0.000000 0.000000
vt -0.019252 -0.527579 0.000000
vt 0.375368 -0.486296 0.000000
vt 0.000000 0.000000 0.000000
vt 0.374595 -0.474323 0.000000
vt 0.394404 0.043298 0.000000
vt 0.000000 0.000000 0.000000
vt -0.279076 0.347720 0.000000
vt -0.345057 0.321668 0.000000
vt 0.000000 0.000000 0.000000
vt 0.065848 0.026385 0.000000
vt -0.212478 0.372517 0.000000
vt 0.000000 0.000000 0.000000
vt -0.137703 0.387775 0.000000
vt -0.277445 0.346839 0.000000
vt 0.000000 0.000000 0.000000
vt 0.139377 0.042163 0.000000
vt -0.068473 0.407243 0.000000
vt 0.000000 0.000000 0.000000
vt 0.011567 0.410750 0.000000
vt -0.204921 0.366732 0.000000
vt 0.000000 0.000000 0.000000
vt 0.216016 0.046281 0.000000
vt 0.080260 0.425675 0.000000
vt 0.000000 0.000000 0.000000
vt 0.162276 0.415804 0.000000
vt -0.129186 0.381680 0.000000
vt 0.000000 0.000000 0.000000
vt 0.291143 0.036745 0.000000
vt 0.227960 0.425771 0.000000
vt 0.000000 0.000000 0.000000
vt 0.308496 0.399805 0.000000
vt -0.051226 0.390780 0.000000
vt 0.000000 0.000000 0.000000
vt 0.359697 0.009982 0.000000
vt 0.369502 0.402434 0.000000
vt 0.000000 0.000000 0.000000
vt 0.444230 0.356869 0.000000
vt 0.028696 0.391524 0.000000
vt 0.000000 0.000000 0.000000
vt 0.415104 -0.039472 0.000000
vt 0.499450 0.346801 0.000000
vt 0.000000 0.000000 0.000000
vt 0.561985 0.278696 0.000000
vt 0.110783 0.379537 0.000000
vt 0.000000 0.000000 0.000000
vt 0.446927 -0.118357 0.000000
vt 0.609350 0.246151 0.000000
vt 0.000000 0.000000 0.000000
vt 0.649968 0.156747 0.000000
vt 0.194550 0.348422 0.000000
vt 0.000000 0.000000 0.000000
vt -0.053398 -0.491216 0.000000
vt 0.332001 -0.601674 0.000000
vt 0.000000 0.000000 0.000000
vt 0.688986 -0.010210 0.000000
vt 0.275720 0.291053 0.000000
vt 0.000000 0.000000 0.000000
vt -0.058633 -0.508045 0.000000
vt 0.326985 -0.613547 0.000000
vt 0.000000 0.000000 0.000000
vt 0.657855 -0.199994 0.000000
vt 0.342454 0.206294 0.000000
vt 0.000000 0.000000 0.000000
vt -0.049973 -0.511908 0.000000
vt 0.338185 -0.592140 0.000000
vt 0.000000 0.000000 0.000000
vt 0.560230 -0.360928 0.000000
vt 0.380792 0.110007 0.000000
vt 0.000000 0.000000 0.000000
vt 0.070628 -0.498988 0.000000
vt 0.453434 -0.399626 0.000000
vt 0.000000 0.000000 0.000000
vt 0.433237 -0.403912 0.000000
vt 0.386187 0.085281 0.000000
vt 0.000000 0.000000 0.000000
vt -0.208418 0.368146 0.000000
vt -0.278979 0.347799 0.000000
vt 0.000000 0.000000 0.000000
vt 0.070474 0.020644 0.000000
vt -0.137702 0.387775 0.000000
vt 0.000000 0.000000 0.000000
vt -0.060522 0.396544 0.000000
vt -0.207129 0.367723 0.000000
vt 0.000000 0.000000 0.000000
vt 0.146417 0.029771 0.000000
vt 0.011567 0.410750 0.000000
vt 0.000000 0.000000 0.000000
vt 0.091680 0.406897 0.000000
vt -0.131550 0.382131 0.000000
vt 0.000000 0.000000 0.000000
vt 0.223076 0.026117 0.000000
vt 0.162276 0.415804 0.000000
vt 0.000000 0.000000 0.000000
vt 0.241703 0.397591 0.000000
vt -0.053764 0.390720 0.000000
vt 0.000000 0.000000 0.000000
vt 0.295454 0.007413 0.000000
vt 0.308496 0.399805 0.000000
vt 0.000000 0.000000 0.000000
vt 0.383143 0.364803 0.000000
vt 0.025176 0.391800 0.000000
vt 0.000000 0.000000 0.000000
vt 0.357741 -0.029835 0.000000
vt 0.444230 0.356869 0.000000
vt 0.000000 0.000000 0.000000
vt 0.508833 0.302855 0.000000
vt 0.104479 0.382237 0.000000
vt 0.000000 0.000000 0.000000
vt 0.402151 -0.089879 0.000000
vt 0.561985 0.278696 0.000000
vt 0.000000 0.000000 0.000000
vt 0.609412 0.205770 0.000000
vt 0.183001 0.357638 0.000000
vt 0.000000 0.000000 0.000000
vt 0.417202 -0.175591 0.000000
vt 0.649968 0.156747 0.000000
vt 0.000000 0.000000 0.000000
vt 0.671721 0.071290 0.000000
vt 0.257874 0.313256 0.000000
vt 0.000000 0.000000 0.000000
vt 0.387387 -0.282397 0.000000
vt 0.688986 -0.010210 0.000000
vt 0.000000 0.000000 0.000000
vt 0.680035 -0.091119 0.000000
vt 0.322615 0.246916 0.000000
vt 0.000000 0.000000 0.000000
vt 0.301671 -0.388602 0.000000
vt 0.657855 -0.199994 0.000000
vt 0.000000 0.000000 0.000000
vt 0.626801 -0.252344 0.000000
vt 0.367812 0.164784 0.000000
vt 0.000000 0.000000 0.000000
vt 0.174819 -0.458813 0.000000
vt 0.560230 -0.360928 0.000000
vt 0.000000 0.000000 0.000000
vt 0.530133 -0.372929 0.000000
vt 0.388711 0.083822 0.000000
vt 0.000000 0.000000 0.000000
vt 0.054308 -0.475050 0.000000
vt 0.440862 -0.395576 0.000000
vt 0.000000 0.000000 0.000000
vt 0.424826 -0.393447 0.000000
vt 0.388474 0.069487 0.000000
vt 0.000000 0.000000 0.000000
vt -0.134321 0.382517 0.000000
vt -0.208302 0.368212 0.000000
vt 0.000000 0.000000 0.000000
vt 0.073936 0.014535 0.000000
vt -0.060522 0.396544 0.000000
vt 0.000000 0.000000 0.000000
vt 0.017757 0.398604 0.000000
vt -0.133281 0.382421 0.000000
vt 0.000000 0.000000 0.000000
vt 0.150976 0.016749 0.000000
vt 0.091680 0.406897 0.000000
vt 0.000000 0.000000 0.000000
vt 0.170373 0.395647 0.000000
vt -0.055774 0.390667 0.000000
vt 0.000000 0.000000 0.000000
vt 0.226141 0.005259 0.000000
vt 0.241703 0.397591 0.000000
vt 0.000000 0.000000 0.000000
vt 0.316823 0.371417 0.000000
vt 0.022694 0.391984 0.000000
vt 0.000000 0.000000 0.000000
vt 0.294012 -0.022175 0.000000
vt 0.383143 0.364803 0.000000
vt 0.000000 0.000000 0.000000
vt 0.450025 0.322018 0.000000
vt 0.100742 0.384118 0.000000
vt 0.000000 0.000000 0.000000
vt 0.348115 -0.068342 0.000000
vt 0.508833 0.302854 0.000000
vt 0.000000 0.000000 0.000000
vt 0.561705 0.243069 0.000000
vt 0.176763 0.363829 0.000000
vt 0.000000 0.000000 0.000000
vt 0.380055 -0.135358 0.000000
vt 0.609412 0.205770 0.000000
vt 0.000000 0.000000 0.000000
vt 0.641541 0.132296 0.000000
vt 0.248222 0.327656 0.000000
vt 0.000000 0.000000 0.000000
vt 0.379119 -0.221661 0.000000
vt 0.671721 0.071290 0.000000
vt 0.000000 0.000000 0.000000
vt 0.677529 -0.005919 0.000000
vt 0.310762 0.273612 0.000000
vt 0.000000 0.000000 0.000000
vt 0.335038 -0.316867 0.000000
vt 0.680035 -0.091119 0.000000
vt 0.000000 0.000000 0.000000
vt 0.660510 -0.155127 0.000000
vt 0.358163 0.204216 0.000000
vt 0.000000 0.000000 0.000000
vt 0.247716 -0.398971 0.000000
vt 0.626802 -0.252343 0.000000
vt 0.000000 0.000000 0.000000
vt 0.594443 -0.287086 0.000000
vt 0.385374 0.129201 0.000000
vt 0.000000 0.000000 0.000000
vt 0.137781 -0.444996 0.000000
vt 0.530133 -0.372929 0.000000
vt 0.000000 0.000000 0.000000
vt 0.503394 -0.375677 0.000000
vt 0.393930 0.062865 0.000000
vt 0.000000 0.000000 0.000000
vt 0.041235 -0.450113 0.000000
vt 0.430363 -0.387382 0.000000
vt 0.000000 0.000000 0.000000
vt 0.417392 -0.381889 0.000000
vt 0.390172 0.055874 0.000000
vt 0.000000 0.000000 0.000000
vt -0.058006 0.390588 0.000000
vt -0.134191 0.382562 0.000000
vt 0.000000 0.000000 0.000000
vt 0.076171 0.008162 0.000000
vt 0.017757 0.398604 0.000000
vt 0.000000 0.000000 0.000000
vt 0.095791 0.393880 0.000000
vt -0.057160 0.390628 0.000000
vt 0.000000 0.000000 0.000000
vt 0.152949 0.003368 0.000000
vt 0.170374 0.395647 0.000000
vt 0.000000 0.000000 0.000000
vt 0.246165 0.377191 0.000000
vt 0.020993 0.392104 0.000000
vt 0.000000 0.000000 0.000000
vt 0.225116 -0.015741 0.000000
vt 0.316823 0.371417 0.000000
vt 0.000000 0.000000 0.000000
vt 0.386041 0.338020 0.000000
vt 0.098552 0.385472 0.000000
vt 0.000000 0.000000 0.000000
vt 0.286880 -0.051005 0.000000
vt 0.450025 0.322018 0.000000
vt 0.000000 0.000000 0.000000
vt 0.507656 0.273112 0.000000
vt 0.173616 0.368266 0.000000
vt 0.000000 0.000000 0.000000
vt 0.331404 -0.103965 0.000000
vt 0.561705 0.243069 0.000000
vt 0.000000 0.000000 0.000000
vt 0.602074 0.180350 0.000000
vt 0.243698 0.337760 0.000000
vt 0.000000 0.000000 0.000000
vt 0.350561 -0.174122 0.000000
vt 0.641541 0.132296 0.000000
vt 0.000000 0.000000 0.000000
vt 0.659346 0.061768 0.000000
vt 0.305268 0.292187 0.000000
vt 0.000000 0.000000 0.000000
vt 0.335990 -0.256075 0.000000
vt 0.677529 -0.005919 0.000000
vt 0.000000 0.000000 0.000000
vt 0.670752 -0.072827 0.000000
vt 0.353731 0.232595 0.000000
vt 0.000000 0.000000 0.000000
vt 0.283414 -0.336840 0.000000
vt 0.660510 -0.155127 0.000000
vt 0.000000 0.000000 0.000000
vt 0.634442 -0.204279 0.000000
vt 0.384799 0.164776 0.000000
vt 0.000000 0.000000 0.000000
vt 0.199968 -0.398166 0.000000
vt 0.594443 -0.287086 0.000000
vt 0.000000 0.000000 0.000000
vt 0.562171 -0.309454 0.000000
vt 0.397670 0.099030 0.000000
vt 0.000000 0.000000 0.000000
vt 0.106647 -0.427254 0.000000
vt 0.503395 -0.375677 0.000000
vt 0.000000 0.000000 0.000000
vt 0.479078 -0.373567 0.000000
vt 0.397446 0.045890 0.000000
vt 0.000000 0.000000 0.000000
vt 0.030262 -0.426254 0.000000
vt 0.421194 -0.377691 0.000000
vt 0.000000 0.000000 0.000000
vt 0.410498 -0.371707 0.000000
vt 0.391451 0.044185 0.000000
vt 0.000000 0.000000 0.000000
vt 0.019269 0.392220 0.000000
vt -0.057868 0.390608 0.000000
vt 0.000000 0.000000 0.000000
vt 0.077136 0.001640 0.000000
vt 0.095791 0.393880 0.000000
vt 0.000000 0.000000 0.000000
vt 0.172238 0.382437 0.000000
vt 0.019925 0.392177 0.000000
vt 0.000000 0.000000 0.000000
vt 0.152290 -0.010086 0.000000
vt 0.246165 0.377191 0.000000
vt 0.000000 0.000000 0.000000
vt 0.317637 0.351945 0.000000
vt 0.097307 0.386429 0.000000
vt 0.000000 0.000000 0.000000
vt 0.220034 -0.036319 0.000000
vt 0.386041 0.338019 0.000000
vt 0.000000 0.000000 0.000000
vt 0.447975 0.298424 0.000000
vt 0.172224 0.371519 0.000000
vt 0.000000 0.000000 0.000000
vt 0.274360 -0.078154 0.000000
vt 0.507656 0.273111 0.000000
vt 0.000000 0.000000 0.000000
vt 0.555024 0.219964 0.000000
vt 0.242178 0.345202 0.000000
vt 0.000000 0.000000 0.000000
vt 0.308533 -0.135517 0.000000
vt 0.602074 0.180350 0.000000
vt 0.000000 0.000000 0.000000
vt 0.629924 0.117315 0.000000
vt 0.303989 0.305826 0.000000
vt 0.000000 0.000000 0.000000
vt 0.315584 -0.205369 0.000000
vt 0.659346 0.061768 0.000000
vt 0.000000 0.000000 0.000000
vt 0.664468 -0.003448 0.000000
vt 0.353807 0.253682 0.000000
vt 0.000000 0.000000 0.000000
vt 0.290418 -0.279792 0.000000
vt 0.670752 -0.072827 0.000000
vt 0.000000 0.000000 0.000000
vt 0.654412 -0.129176 0.000000
vt 0.387905 0.192402 0.000000
vt 0.000000 0.000000 0.000000
vt 0.234011 -0.345944 0.000000
vt 0.634442 -0.204279 0.000000
vt 0.000000 0.000000 0.000000
vt 0.604328 -0.241495 0.000000
vt 0.404586 0.129326 0.000000
vt 0.000000 0.000000 0.000000
vt 0.157340 -0.390704 0.000000
vt 0.562171 -0.309455 0.000000
vt 0.000000 0.000000 0.000000
vt 0.530357 -0.323887 0.000000
vt 0.406303 0.073530 0.000000
vt 0.000000 0.000000 0.000000
vt 0.079531 -0.408661 0.000000
vt 0.479078 -0.373567 0.000000
vt 0.000000 0.000000 0.000000
vt 0.456381 -0.370249 0.000000
vt 0.399811 0.031945 0.000000
vt 0.000000 0.000000 0.000000
vt 0.020680 -0.405626 0.000000
vt 0.412872 -0.369068 0.000000
vt 0.000000 0.000000 0.000000
vt 0.403827 -0.365393 0.000000
vt 0.392410 0.034142 0.000000
vt 0.000000 0.000000 0.000000
vt 0.096228 0.387384 0.000000
vt 0.019409 0.392213 0.000000
vt 0.000000 0.000000 0.000000
vt 0.076814 -0.004912 0.000000
vt 0.172238 0.382437 0.000000
vt 0.000000 0.000000 0.000000
vt 0.245779 0.364493 0.000000
vt 0.096646 0.387046 0.000000
vt 0.000000 0.000000 0.000000
vt 0.149015 -0.023323 0.000000
vt 0.317637 0.351945 0.000000
vt 0.000000 0.000000 0.000000
vt 0.383482 0.320526 0.000000
vt 0.171753 0.373845 0.000000
vt 0.000000 0.000000 0.000000
vt 0.211051 -0.055945 0.000000
vt 0.447975 0.298424 0.000000
vt 0.000000 0.000000 0.000000
vt 0.501514 0.253854 0.000000
vt 0.242252 0.350748 0.000000
vt 0.000000 0.000000 0.000000
vt 0.256953 -0.102864 0.000000
vt 0.555024 0.219964 0.000000
vt 0.000000 0.000000 0.000000
vt 0.591597 0.164452 0.000000
vt 0.305132 0.316162 0.000000
vt 0.000000 0.000000 0.000000
vt 0.280604 -0.162293 0.000000
vt 0.629924 0.117315 0.000000
vt 0.000000 0.000000 0.000000
vt 0.645816 0.056063 0.000000
vt 0.356895 0.269872 0.000000
vt 0.000000 0.000000 0.000000
vt 0.276889 -0.229177 0.000000
vt 0.664468 -0.003448 0.000000
vt 0.000000 0.000000 0.000000
vt 0.658752 -0.062139 0.000000
vt 0.394088 0.214164 0.000000
vt 0.000000 0.000000 0.000000
vt 0.244143 -0.294593 0.000000
vt 0.654412 -0.129176 0.000000
vt 0.000000 0.000000 0.000000
vt 0.630862 -0.175931 0.000000
vt 0.414555 0.154363 0.000000
vt 0.000000 0.000000 0.000000
vt 0.187234 -0.347600 0.000000
vt 0.604328 -0.241494 0.000000
vt 0.000000 0.000000 0.000000
vt 0.571553 -0.269949 0.000000
vt 0.419093 0.097914 0.000000
vt 0.000000 0.000000 0.000000
vt 0.118653 -0.380117 0.000000
vt 0.530357 -0.323886 0.000000
vt 0.000000 0.000000 0.000000
vt 0.498885 -0.334242 0.000000
vt 0.412277 0.051862 0.000000
vt 0.000000 0.000000 0.000000
vt 0.055114 -0.391841 0.000000
vt 0.456381 -0.370249 0.000000
vt 0.000000 0.000000 0.000000
vt 0.434623 -0.368908 0.000000
vt 0.401340 0.020198 0.000000
vt 0.000000 0.000000 0.000000
vt 0.012015 -0.390342 0.000000
vt 0.405054 -0.364033 0.000000
vt 0.000000 0.000000 0.000000
vt 0.397124 -0.365231 0.000000
vt 0.393101 0.025363 0.000000
vt 0.000000 0.000000 0.000000
vt 0.171601 0.376163 0.000000
vt 0.096363 0.387351 0.000000
vt 0.000000 0.000000 0.000000
vt 0.075210 -0.011374 0.000000
vt 0.245779 0.364493 0.000000
vt 0.000000 0.000000 0.000000
vt 0.315159 0.340401 0.000000
vt 0.171687 0.375357 0.000000
vt 0.000000 0.000000 0.000000
vt 0.143198 -0.036061 0.000000
vt 0.383482 0.320526 0.000000
vt 0.000000 0.000000 0.000000
vt 0.442553 0.283711 0.000000
vt 0.242984 0.354752 0.000000
vt 0.000000 0.000000 0.000000
vt 0.198431 -0.074160 0.000000
vt 0.501514 0.253854 0.000000
vt 0.000000 0.000000 0.000000
vt 0.545849 0.205616 0.000000
vt 0.307372 0.323998 0.000000
vt 0.000000 0.000000 0.000000
vt 0.235285 -0.124605 0.000000
vt 0.591597 0.164452 0.000000
vt 0.000000 0.000000 0.000000
vt 0.617269 0.108265 0.000000
vt 0.361539 0.282492 0.000000
vt 0.000000 0.000000 0.000000
vt 0.248738 -0.184071 0.000000
vt 0.645816 0.056063 0.000000
vt 0.000000 0.000000 0.000000
vt 0.650654 -0.001952 0.000000
vt 0.402135 0.231567 0.000000
vt 0.000000 0.000000 0.000000
vt 0.235893 -0.246266 0.000000
vt 0.658752 -0.062139 0.000000
vt 0.000000 0.000000 0.000000
vt 0.643920 -0.114096 0.000000
vt 0.426682 0.175086 0.000000
vt 0.000000 0.000000 0.000000
vt 0.198156 -0.302577 0.000000
vt 0.630862 -0.175931 0.000000
vt 0.000000 0.000000 0.000000
vt 0.601761 -0.214788 0.000000
vt 0.434848 0.119083 0.000000
vt 0.000000 0.000000 0.000000
vt 0.142913 -0.344827 0.000000
vt 0.571552 -0.269950 0.000000
vt 0.000000 0.000000 0.000000
vt 0.536772 -0.292805 0.000000
vt 0.429442 0.070131 0.000000
vt 0.000000 0.000000 0.000000
vt 0.082838 -0.369298 0.000000
vt 0.498885 -0.334242 0.000000
vt 0.000000 0.000000 0.000000
vt 0.467395 -0.343919 0.000000
vt 0.416207 0.033097 0.000000
vt 0.000000 0.000000 0.000000
vt 0.032427 -0.379091 0.000000
vt 0.434623 -0.368908 0.000000
vt 0.000000 0.000000 0.000000
vt 0.413193 -0.372208 0.000000
vt 0.402205 0.009833 0.000000
vt 0.000000 0.000000 0.000000
vt 0.003921 -0.382179 0.000000
vt 0.397473 -0.364851 0.000000
vt 0.000000 0.000000 0.000000
vt 0.390147 -0.372889 0.000000
vt 0.393553 0.017316 0.000000
vt 0.000000 0.000000 0.000000
vt 0.244144 0.358744 0.000000
vt 0.171725 0.376106 0.000000
vt 0.000000 0.000000 0.000000
vt 0.072355 -0.017629 0.000000
vt 0.315159 0.340401 0.000000
vt 0.000000 0.000000 0.000000
vt 0.379207 0.310640 0.000000
vt 0.243772 0.357372 0.000000
vt 0.000000 0.000000 0.000000
vt 0.134974 -0.048047 0.000000
vt 0.442553 0.283711 0.000000
vt 0.000000 0.000000 0.000000
vt 0.493883 0.242383 0.000000
vt 0.309772 0.329712 0.000000
vt 0.000000 0.000000 0.000000
vt 0.182522 -0.090605 0.000000
vt 0.545850 0.205616 0.000000
vt 0.000000 0.000000 0.000000
vt 0.580466 0.154991 0.000000
vt 0.366548 0.292227 0.000000
vt 0.000000 0.000000 0.000000
vt 0.210041 -0.143100 0.000000
vt 0.617269 0.108265 0.000000
vt 0.000000 0.000000 0.000000
vt 0.632266 0.052775 0.000000
vt 0.410791 0.245499 0.000000
vt 0.000000 0.000000 0.000000
vt 0.213954 -0.201041 0.000000
vt 0.650654 -0.001952 0.000000
vt 0.000000 0.000000 0.000000
vt 0.645467 -0.055945 0.000000
vt 0.439752 0.192254 0.000000
vt 0.000000 0.000000 0.000000
vt 0.193622 -0.257744 0.000000
vt 0.643920 -0.114096 0.000000
vt 0.000000 0.000000 0.000000
vt 0.621407 -0.159865 0.000000
vt 0.452268 0.137322 0.000000
vt 0.000000 0.000000 0.000000
vt 0.152907 -0.305855 0.000000
vt 0.601761 -0.214788 0.000000
vt 0.000000 0.000000 0.000000
vt 0.568165 -0.247828 0.000000
vt 0.449738 0.086596 0.000000
vt 0.000000 0.000000 0.000000
vt 0.100609 -0.340209 0.000000
vt 0.536772 -0.292806 0.000000
vt 0.000000 0.000000 0.000000
vt 0.500159 -0.313036 0.000000
vt 0.436392 0.045246 0.000000
vt 0.000000 0.000000 0.000000
vt 0.048959 -0.360604 0.000000
vt 0.467395 -0.343919 0.000000
vt 0.000000 0.000000 0.000000
vt 0.435390 -0.355785 0.000000
vt 0.418455 0.016192 0.000000
vt 0.000000 0.000000 0.000000
vt 0.010705 -0.372208 0.000000
vt 0.413193 -0.372208 0.000000
vt 0.000000 0.000000 0.000000
vt 0.391500 -0.382041 0.000000
vt 0.402488 0.000000 0.000000
vt 0.000000 0.000000 0.000000
vt -0.003879 -0.382180 0.000000
vt 0.389896 -0.373151 0.000000
vt 0.000000 0.000000 0.000000
vt 0.382645 -0.389049 0.000000
vt 0.393767 0.009363 0.000000
vt 0.000000 0.000000 0.000000
vt 0.312662 0.335423 0.000000
vt 0.244251 0.358671 0.000000
vt 0.000000 0.000000 0.000000
vt 0.068302 -0.023567 0.000000
vt 0.379207 0.310640 0.000000
vt 0.000000 0.000000 0.000000
vt 0.436864 0.275797 0.000000
vt 0.311695 0.333471 0.000000
vt 0.000000 0.000000 0.000000
vt 0.124520 -0.059063 0.000000
vt 0.493883 0.242383 0.000000
vt 0.000000 0.000000 0.000000
vt 0.536705 0.197474 0.000000
vt 0.371025 0.299399 0.000000
vt 0.000000 0.000000 0.000000
vt 0.163726 -0.105036 0.000000
vt 0.580466 0.154991 0.000000
vt 0.000000 0.000000 0.000000
vt 0.605116 0.103144 0.000000
vt 0.418966 0.256424 0.000000
vt 0.000000 0.000000 0.000000
vt 0.181906 -0.158292 0.000000
vt 0.632266 0.052775 0.000000
vt 0.000000 0.000000 0.000000
vt 0.637019 -0.001031 0.000000
vt 0.452552 0.206324 0.000000
vt 0.000000 0.000000 0.000000
vt 0.177103 -0.213679 0.000000
vt 0.645467 -0.055945 0.000000
vt 0.000000 0.000000 0.000000
vt 0.631260 -0.105726 0.000000
vt 0.469972 0.152873 0.000000
vt 0.000000 0.000000 0.000000
vt 0.150751 -0.264879 0.000000
vt 0.621407 -0.159865 0.000000
vt 0.000000 0.000000 0.000000
vt 0.592293 -0.200503 0.000000
vt 0.471487 0.101213 0.000000
vt 0.000000 0.000000 0.000000
vt 0.108489 -0.306361 0.000000
vt 0.568165 -0.247828 0.000000
vt 0.000000 0.000000 0.000000
vt 0.530650 -0.277240 0.000000
vt 0.459934 0.056474 0.000000
vt 0.000000 0.000000 0.000000
vt 0.059774 -0.335847 0.000000
vt 0.500159 -0.313036 0.000000
vt 0.000000 0.000000 0.000000
vt 0.461564 -0.333261 0.000000
vt 0.440413 0.022263 0.000000
vt 0.000000 0.000000 0.000000
vt 0.016199 -0.355785 0.000000
vt 0.435390 -0.355785 0.000000
vt 0.000000 0.000000 0.000000
vt 0.402256 -0.371977 0.000000
vt 0.419192 -0.000000 0.000000
vt 0.000000 0.000000 0.000000
vt -0.010705 -0.372208 0.000000
vt 0.391500 -0.382041 0.000000
vt 0.000000 0.000000 0.000000
vt 0.368913 -0.399289 0.000000
vt 0.402197 -0.010182 0.000000
vt 0.000000 0.000000 0.000000
vt -0.011633 -0.390354 0.000000
vt 0.382096 -0.389589 0.000000
vt 0.000000 0.000000 0.000000
vt 0.374313 -0.413320 0.000000
vt 0.393728 0.000821 0.000000
vt 0.000000 0.000000 0.000000
vt 0.376029 0.306592 0.000000
vt 0.312750 0.335341 0.000000
vt 0.000000 0.000000 0.000000
vt 0.063124 -0.029086 0.000000
vt 0.436864 0.275797 0.000000
vt 0.000000 0.000000 0.000000
vt 0.487200 0.236534 0.000000
vt 0.374341 0.304144 0.000000
vt 0.000000 0.000000 0.000000
vt 0.112054 -0.068934 0.000000
vt 0.536705 0.197474 0.000000
vt 0.000000 0.000000 0.000000
vt 0.570449 0.149916 0.000000
vt 0.425811 0.264551 0.000000
vt 0.000000 0.000000 0.000000
vt 0.142473 -0.117315 0.000000
vt 0.605116 0.103144 0.000000
vt 0.000000 0.000000 0.000000
vt 0.619765 0.051062 0.000000
vt 0.464032 0.217520 0.000000
vt 0.000000 0.000000 0.000000
vt 0.151511 -0.170309 0.000000
vt 0.637019 -0.001031 0.000000
vt 0.000000 0.000000 0.000000
vt 0.632075 -0.052555 0.000000
vt 0.486685 0.165866 0.000000
vt 0.000000 0.000000 0.000000
vt 0.138856 -0.222632 0.000000
vt 0.631260 -0.105726 0.000000
vt 0.000000 0.000000 0.000000
vt 0.608910 -0.151562 0.000000
vt 0.493097 0.113951 0.000000
vt 0.000000 0.000000 0.000000
vt 0.107673 -0.268916 0.000000
vt 0.592293 -0.200503 0.000000
vt 0.000000 0.000000 0.000000
vt 0.557320 -0.237339 0.000000
vt 0.484867 0.066645 0.000000
vt 0.000000 0.000000 0.000000
vt 0.064782 -0.305711 0.000000
vt 0.530650 -0.277240 0.000000
vt 0.000000 0.000000 0.000000
vt 0.489412 -0.305076 0.000000
vt 0.465899 0.027945 0.000000
vt 0.000000 0.000000 0.000000
vt 0.019826 -0.333261 0.000000
vt 0.461564 -0.333261 0.000000
vt 0.000000 0.000000 0.000000
vt 0.420587 -0.355525 0.000000
vt 0.441738 0.000000 0.000000
vt 0.000000 0.000000 0.000000
vt -0.016199 -0.355785 0.000000
vt 0.402256 -0.371977 0.000000
vt 0.000000 0.000000 0.000000
vt 0.367247 -0.393701 0.000000
vt 0.418436 -0.016685 0.000000
vt 0.000000 0.000000 0.000000
vt -0.032427 -0.379091 0.000000
vt 0.368913 -0.399289 0.000000
vt 0.000000 0.000000 0.000000
vt 0.345121 -0.421238 0.000000
vt 0.401268 -0.021587 0.000000
vt 0.000000 0.000000 0.000000
vt -0.019336 -0.403112 0.000000
vt 0.373932 -0.413665 0.000000
vt 0.000000 0.000000 0.000000
vt 0.364427 -0.447198 0.000000
vt 0.393236 -0.011686 0.000000
vt 0.000000 0.000000 0.000000
vt 0.433204 0.272736 0.000000
vt 0.376096 0.306510 0.000000
vt 0.000000 0.000000 0.000000
vt 0.056916 -0.034097 0.000000
vt 0.487200 0.236534 0.000000
vt 0.000000 0.000000 0.000000
vt 0.529427 0.193573 0.000000
vt 0.430706 0.269958 0.000000
vt 0.000000 0.000000 0.000000
vt 0.097823 -0.077531 0.000000
vt 0.570449 0.149916 0.000000
vt 0.000000 0.000000 0.000000
vt 0.594726 0.100595 0.000000
vt 0.473356 0.225923 0.000000
vt 0.000000 0.000000 0.000000
vt 0.119192 -0.127401 0.000000
vt 0.619765 0.051062 0.000000
vt 0.000000 0.000000 0.000000
vt 0.624540 -0.000478 0.000000
vt 0.501327 0.176333 0.000000
vt 0.000000 0.000000 0.000000
vt 0.119415 -0.179397 0.000000
vt 0.632075 -0.052555 0.000000
vt 0.000000 0.000000 0.000000
vt 0.618000 -0.101532 0.000000
vt 0.513174 0.124750 0.000000
vt 0.000000 0.000000 0.000000
vt 0.099706 -0.228584 0.000000
vt 0.608910 -0.151562 0.000000
vt 0.000000 0.000000 0.000000
vt 0.579120 -0.194027 0.000000
vt 0.509412 0.075636 0.000000
vt 0.000000 0.000000 0.000000
vt 0.064576 -0.270938 0.000000
vt 0.557320 -0.237339 0.000000
vt 0.000000 0.000000 0.000000
vt 0.516918 -0.271737 0.000000
vt 0.492774 0.033144 0.000000
vt 0.000000 0.000000 0.000000
vt 0.021540 -0.305076 0.000000
vt 0.489412 -0.305076 0.000000
vt 0.000000 0.000000 0.000000
vt 0.444359 -0.333021 0.000000
vt 0.467872 -0.000000 0.000000
vt 0.000000 0.000000 0.000000
vt -0.019826 -0.333261 0.000000
vt 0.420587 -0.355525 0.000000
vt 0.000000 0.000000 0.000000
vt 0.376618 -0.381093 0.000000
vt 0.440385 -0.022811 0.000000
vt 0.000000 0.000000 0.000000
vt -0.048959 -0.360604 0.000000
vt 0.367248 -0.393701 0.000000
vt 0.000000 0.000000 0.000000
vt 0.330028 -0.418946 0.000000
vt 0.416047 -0.035049 0.000000
vt 0.000000 0.000000 0.000000
vt -0.054747 -0.389588 0.000000
vt 0.345111 -0.421246 0.000000
vt 0.000000 0.000000 0.000000
vt 0.317046 -0.459110 0.000000
vt 0.399599 -0.034786 0.000000
vt 0.000000 0.000000 0.000000
vt -0.028535 -0.431337 0.000000
vt 0.364425 -0.447200 0.000000
vt 0.000000 0.000000 0.000000
vt -0.037956 -0.448016 0.000000
vt 0.392867 -0.018020 0.000000
vt 0.000000 0.000000 0.000000
vt -0.430198 -0.430623 0.000000
vt -0.038383 -0.460398 0.000000
vt 0.000000 0.000000 0.000000
vt -0.050633 -0.475456 0.000000
vt 0.391424 -0.034533 0.000000
vt 0.000000 0.000000 0.000000
vt -0.440042 -0.442933 0.000000
vt -0.049691 -0.486518 0.000000
vt 0.000000 0.000000 0.000000
vt -0.066053 -0.499614 0.000000
vt 0.389368 -0.051637 0.000000
vt 0.000000 0.000000 0.000000
vt -0.451758 -0.451672 0.000000
vt -0.063591 -0.511777 0.000000
vt 0.000000 0.000000 0.000000
vt -0.018031 0.527622 0.000000
vt -0.392766 -0.004640 0.000000
vt 0.000000 -0.000000 0.000000
vt 0.376398 0.531087 0.000000
vt -0.016566 0.540135 0.000000
vt 0.000000 -0.000000 0.000000
vt -0.013634 0.548649 0.000000
vt -0.392972 0.008723 0.000000
vt 0.000000 -0.000000 0.000000
vt 0.380819 0.538882 0.000000
vt -0.012181 0.561649 0.000000
vt 0.000000 -0.000000 0.000000
vt -0.009718 0.565586 0.000000
vt -0.393032 0.022215 0.000000
vt 0.000000 -0.000000 0.000000
vt 0.384506 0.542528 0.000000
vt -0.008411 0.578829 0.000000
vt 0.000000 -0.000000 0.000000
vt -0.006087 0.577740 0.000000
vt -0.392968 0.035750 0.000000
vt 0.000000 -0.000000 0.000000
vt 0.387696 0.541408 0.000000
vt -0.005042 0.590960 0.000000
vt 0.000000 -0.000000 0.000000
vt -0.002597 0.584643 0.000000
vt -0.392786 0.049167 0.000000
vt 0.000000 -0.000000 0.000000
vt 0.390550 0.535214 0.000000
vt -0.001923 0.597561 0.000000
vt 0.000000 -0.000000 0.000000
vt 0.000871 0.586037 0.000000
vt -0.392485 0.062269 0.000000
vt 0.000000 0.000000 0.000000
vt 0.393187 0.523894 0.000000
vt 0.001065 0.598383 0.000000
vt 0.000000 0.000000 0.000000
vt 0.004428 0.581868 0.000000
vt -0.392051 0.074862 0.000000
vt 0.000000 0.000000 0.000000
vt 0.395706 0.507610 0.000000
vt 0.004028 0.593394 0.000000
vt 0.000000 0.000000 0.000000
vt 0.008195 0.572291 0.000000
vt -0.391459 0.086779 0.000000
vt 0.000000 0.000000 0.000000
vt 0.398197 0.486708 0.000000
vt 0.007072 0.582785 0.000000
vt 0.000000 0.000000 0.000000
vt 0.012316 0.557662 0.000000
vt -0.390670 0.097911 0.000000
vt 0.000000 0.000000 0.000000
vt 0.400753 0.461698 0.000000
vt 0.010318 0.566976 0.000000
vt 0.000000 0.000000 0.000000
vt 0.016985 0.538558 0.000000
vt -0.389619 0.108259 0.000000
vt 0.000000 0.000000 0.000000
vt 0.403491 0.433220 0.000000
vt 0.013928 0.546617 0.000000
vt 0.000000 0.000000 0.000000
vt 0.022489 0.515770 0.000000
vt -0.388200 0.117981 0.000000
vt 0.000000 0.000000 0.000000
vt 0.406564 0.402004 0.000000
vt 0.018133 0.522611 0.000000
vt 0.000000 0.000000 0.000000
vt -0.387149 0.252893 0.000000
vt -0.403105 0.054143 0.000000
vt 0.000000 0.000000 0.000000
vt 0.244251 -0.358671 0.000000
vt 0.312662 -0.335423 0.000000
vt 0.000000 0.000000 0.000000
vt -0.068302 -0.023567 0.000000
vt 0.175470 -0.380939 0.000000
vt 0.000000 0.000000 0.000000
vt 0.099332 -0.392987 0.000000
vt 0.242804 -0.358030 0.000000
vt 0.000000 0.000000 0.000000
vt -0.143198 -0.036061 0.000000
vt 0.028554 -0.409906 0.000000
vt 0.000000 0.000000 0.000000
vt -0.051707 -0.409752 0.000000
vt 0.168622 -0.375268 0.000000
vt 0.000000 0.000000 0.000000
vt -0.220034 -0.036319 0.000000
vt -0.121482 -0.421791 0.000000
vt 0.000000 0.000000 0.000000
vt -0.202422 -0.407725 0.000000
vt 0.091707 -0.387158 0.000000
vt 0.000000 0.000000 0.000000
vt -0.294012 -0.022175 0.000000
vt -0.268835 -0.413975 0.000000
vt 0.000000 0.000000 0.000000
vt -0.346680 -0.383367 0.000000
vt 0.013042 -0.392392 0.000000
vt 0.000000 0.000000 0.000000
vt -0.359697 0.009982 0.000000
vt -0.408001 -0.380857 0.000000
vt 0.000000 0.000000 0.000000
vt -0.477917 -0.330759 0.000000
vt -0.066890 -0.388091 0.000000
vt 0.000000 0.000000 0.000000
vt -0.409861 0.065143 0.000000
vt -0.532537 -0.313631 0.000000
vt 0.000000 0.000000 0.000000
vt -0.587632 -0.242556 0.000000
vt -0.147655 -0.369753 0.000000
vt 0.000000 0.000000 0.000000
vt -0.433331 0.148265 0.000000
vt -0.632152 -0.201314 0.000000
vt 0.000000 0.000000 0.000000
vt -0.663043 -0.113202 0.000000
vt -0.227509 -0.331624 0.000000
vt 0.000000 0.000000 0.000000
vt -0.412898 0.258677 0.000000
vt -0.687751 -0.036703 0.000000
vt 0.000000 0.000000 0.000000
vt -0.686153 0.052843 0.000000
vt -0.300742 -0.268976 0.000000
vt 0.000000 0.000000 0.000000
vt 0.067808 0.497505 0.000000
vt -0.315768 0.615720 0.000000
vt 0.000000 0.000000 0.000000
vt -0.642643 0.228733 0.000000
vt -0.356314 -0.184785 0.000000
vt 0.000000 0.000000 0.000000
vt 0.056973 0.499735 0.000000
vt -0.330016 0.588333 0.000000
vt 0.000000 0.000000 0.000000
vt -0.544699 0.368405 0.000000
vt -0.385178 -0.096166 0.000000
vt 0.000000 0.000000 0.000000
vt -0.076728 0.485166 0.000000
vt -0.394900 0.240610 0.000000
vt 0.000000 0.000000 0.000000
vt -0.289927 -0.052667 0.000000
vt -0.320138 -0.241978 0.000000
vt 0.000000 0.000000 0.000000
vt 0.290532 0.049221 0.000000
vt 0.047902 0.177908 0.000000
vt 0.000000 0.000000 0.000000
vt 0.246326 -0.121463 0.000000
vt 0.055148 0.169878 0.000000
vt 0.000000 0.000000 0.000000
vt -0.094698 0.455262 0.000000
vt -0.206411 0.280754 0.000000
vt 0.000000 0.000000 0.000000
vt 0.134726 0.157423 0.000000
vt 0.161650 0.304220 0.000000
vt 0.000000 0.000000 0.000000
vt 0.395418 0.057092 0.000000
vt -0.000344 0.149245 0.000000
vt 0.000000 0.000000 0.000000
vt 0.396872 -0.087248 0.000000
vt 0.120492 0.320080 0.000000
vt 0.000000 0.000000 0.000000
vt -0.106920 0.414477 0.000000
vt -0.282383 0.403190 0.000000
vt 0.000000 0.000000 0.000000
vt -0.626145 0.077367 0.000000
vt -0.500883 -0.145362 0.000000
vt 0.000000 0.000000 0.000000
vt -0.501686 -0.096836 0.000000
vt 0.119369 -0.225942 0.000000
vt 0.000000 0.000000 0.000000
vt -0.621055 0.129106 0.000000
vt -0.482403 -0.133337 0.000000
vt 0.000000 0.000000 0.000000
vt -0.478399 -0.086466 0.000000
vt 0.129222 -0.267212 0.000000
vt 0.000000 0.000000 0.000000
vt -0.607621 0.180746 0.000000
vt -0.462637 -0.119058 0.000000
vt 0.000000 0.000000 0.000000
vt -0.454881 -0.074447 0.000000
vt 0.130599 -0.306345 0.000000
vt 0.000000 0.000000 0.000000
vt -0.585480 0.231898 0.000000
vt -0.442919 -0.102508 0.000000
vt 0.000000 0.000000 0.000000
vt -0.432852 -0.060719 0.000000
vt 0.121541 -0.342605 0.000000
vt 0.000000 0.000000 0.000000
vt -0.554393 0.281886 0.000000
vt -0.424732 -0.083607 0.000000
vt 0.000000 0.000000 0.000000
vt -0.381858 -0.128864 0.000000
vt 0.103402 -0.373772 0.000000
vt 0.000000 0.000000 0.000000
vt -0.483675 0.248024 0.000000
vt -0.409477 -0.062930 0.000000
vt 0.000000 0.000000 0.000000
vt -0.122514 -0.325529 0.000000
vt 0.053011 -0.315257 0.000000
vt 0.000000 0.000000 0.000000
vt 0.382648 0.126500 0.000000
vt 0.045750 0.165818 0.000000
vt 0.000000 0.000000 0.000000
vt 0.337056 -0.037941 0.000000
vt 0.039978 0.166117 0.000000
vt 0.000000 0.000000 0.000000
vt -0.073564 0.363056 0.000000
vt -0.299487 0.200506 0.000000
vt 0.000000 0.000000 0.000000
vt 0.227155 0.160824 0.000000
vt 0.032868 0.167774 0.000000
vt 0.000000 0.000000 0.000000
vt 0.194291 -0.006804 0.000000
vt 0.024511 0.168015 0.000000
vt 0.000000 0.000000 0.000000
vt -0.038969 0.356982 0.000000
vt -0.171544 0.173087 0.000000
vt 0.000000 0.000000 0.000000
vt 0.133661 0.183107 0.000000
vt 0.015234 0.167886 0.000000
vt 0.000000 0.000000 0.000000
vt 0.118442 0.015104 0.000000
vt 0.006107 0.168399 0.000000
vt 0.000000 0.000000 0.000000
vt 0.000000 0.355159 0.000000
vt -0.112614 0.153090 0.000000
vt 0.000000 0.000000 0.000000
vt 0.112455 0.202157 0.000000
vt -0.003617 0.169521 0.000000
vt 0.000000 0.000000 0.000000
vt 0.116021 0.032817 0.000000
vt -0.013570 0.168415 0.000000
vt 0.000000 0.000000 0.000000
vt 0.039053 0.356973 0.000000
vt -0.128534 0.136600 0.000000
vt 0.000000 0.000000 0.000000
vt 0.166008 0.221565 0.000000
vt -0.022053 0.166959 0.000000
vt 0.000000 0.000000 0.000000
vt -0.218796 0.110629 0.000000
vt -0.187758 -0.055640 0.000000
vt 0.000000 0.000000 0.000000
vt -0.459173 -0.254097 0.000000
vt -0.405509 -0.290179 0.000000
vt 0.000000 0.000000 0.000000
vt -0.053459 0.036387 0.000000
vt -0.509370 -0.215469 0.000000
vt 0.000000 0.000000 0.000000
vt -0.547293 -0.170941 0.000000
vt -0.456252 -0.251237 0.000000
vt 0.000000 0.000000 0.000000
vt -0.090125 0.081321 0.000000
vt -0.583788 -0.125423 0.000000
vt 0.000000 0.000000 0.000000
vt -0.603243 -0.075530 0.000000
vt -0.494214 -0.205422 0.000000
vt 0.000000 0.000000 0.000000
vt -0.106924 0.131630 0.000000
vt -0.623374 -0.025184 0.000000
vt 0.000000 0.000000 0.000000
vt -0.623295 0.025857 0.000000
vt -0.516968 -0.155098 0.000000
vt 0.000000 0.000000 0.000000
vt -0.102882 0.182936 0.000000
vt -0.626145 0.077367 0.000000
vt 0.000000 0.000000 0.000000
vt -0.607709 0.125057 0.000000
vt -0.523564 -0.104067 0.000000
vt 0.000000 0.000000 0.000000
vt -0.079909 0.230635 0.000000
vt -0.594909 0.173173 0.000000
vt 0.000000 0.000000 0.000000
vt -0.561602 0.214213 0.000000
vt -0.515087 -0.056668 0.000000
vt 0.000000 0.000000 0.000000
vt -0.043043 0.271454 0.000000
vt -0.537781 0.254762 0.000000
vt 0.000000 0.000000 0.000000
vt -0.494742 0.288404 0.000000
vt -0.494742 -0.016578 0.000000
vt 0.000000 0.271827 0.000000
vt 0.000000 0.000000 0.000000
vt -0.467378 0.318950 0.000000
vt -0.467378 -0.013968 0.000000
vt 0.000000 0.304982 0.000000
vt 0.000000 0.000000 0.000000
vt -0.420304 0.347409 0.000000
vt -0.467375 0.014100 0.000000
vt 0.000000 0.000000 0.000000
vt 0.039726 0.334263 0.000000
vt -0.399023 0.367851 0.000000
vt 0.000000 0.000000 0.000000
vt -0.353262 0.395269 0.000000
vt -0.438654 0.034811 0.000000
vt 0.000000 0.000000 0.000000
vt 0.073564 0.363056 0.000000
vt -0.217783 0.112610 0.000000
vt 0.000000 0.000000 0.000000
vt -0.327300 -0.086102 0.000000
vt -0.289273 -0.252839 0.000000
vt 0.000000 0.000000 0.000000
vt -0.143835 -0.403156 0.000000
vt 0.264797 -0.471353 0.000000
vt 0.000000 0.000000 0.000000
vt -0.063448 -0.359341 0.000000
vt 0.409502 -0.062764 0.000000
vt 0.000000 0.000000 0.000000
vt -0.474753 -0.293683 0.000000
vt -0.103146 -0.373843 0.000000
vt 0.000000 0.000000 0.000000
vt 0.045567 -0.166670 0.000000
vt 0.372116 -0.077763 0.000000
vt 0.000000 0.000000 0.000000
vt -0.126990 0.126937 0.000000
vt 0.038891 -0.183228 0.000000
vt 0.000000 0.000000 0.000000
vt 0.044222 0.362210 0.000000
vt -0.118441 0.327198 0.000000
vt 0.000000 0.000000 0.000000
vt 0.161840 0.038637 0.000000
vt -0.127575 0.329377 0.000000
vt 0.000000 0.000000 0.000000
vt 0.103410 0.415367 0.000000
vt -0.287529 0.292604 0.000000
vt 0.000000 0.000000 0.000000
vt 0.388499 0.130279 0.000000
vt -0.006946 0.187181 0.000000
vt 0.000000 0.000000 0.000000
vt -0.269971 0.509188 0.000000
vt -0.394795 0.061249 0.000000
vt 0.000000 0.000000 0.000000
vt 0.094046 0.455397 0.000000
vt -0.110009 0.141906 0.000000
vt 0.000000 0.000000 0.000000
vt -0.246280 -0.153661 0.000000
vt -0.189744 -0.322354 0.000000
vt 0.000000 0.000000 0.000000
vt 0.240688 0.162278 0.000000
vt -0.050203 0.174986 0.000000
vt 0.000000 0.000000 0.000000
vt 0.290852 -0.013575 0.000000
vt -0.034475 0.184717 0.000000
vt 0.000000 0.000000 0.000000
vt 0.076195 0.485250 0.000000
vt -0.322283 0.203202 0.000000
vt 0.000000 0.000000 0.000000
vt 0.390769 0.292635 0.000000
vt -0.018445 0.195182 0.000000
vt 0.000000 0.000000 0.000000
vt 0.404496 -0.355424 0.000000
vt 0.386965 0.164958 0.000000
vt 0.000000 0.000000 0.000000
vt 0.064897 0.023166 0.000000
vt -0.233674 0.327323 0.000000
vt 0.000000 0.000000 0.000000
vt -0.064897 0.023166 0.000000
vt -0.298571 -0.304157 0.000000
vt 0.000000 0.000000 0.000000
vt -0.549151 -0.000000 0.000000
vt 0.004903 -0.048021 0.000000
vt -0.000000 0.000000 0.000000
vt 0.009722 -0.095221 0.000000
vt 0.554054 -0.048021 0.000000
vt -0.000000 0.000000 0.000000
vt -0.544329 -0.047232 0.000000
vt 0.014626 -0.047197 0.000000
vt -0.000000 0.000000 0.000000
vt 0.029002 -0.093586 0.000000
vt 0.558955 0.000035 0.000000
vt -0.000000 0.000000 0.000000
vt -0.529931 -0.093745 0.000000
vt 0.024100 -0.045557 0.000000
vt -0.000000 0.000000 0.000000
vt 0.047788 -0.090335 0.000000
vt 0.554031 0.048188 0.000000
vt -0.000000 0.000000 0.000000
vt -0.506172 -0.138783 0.000000
vt 0.033162 -0.043123 0.000000
vt -0.000000 0.000000 0.000000
vt 0.065757 -0.085508 0.000000
vt 0.539334 0.095660 0.000000
vt -0.000000 0.000000 0.000000
vt -0.473419 -0.181581 0.000000
vt 0.041654 -0.039925 0.000000
vt -0.000000 0.000000 0.000000
vt 0.082595 -0.079166 0.000000
vt 0.515072 0.141657 0.000000
vt -0.000000 0.000000 0.000000
vt -0.432192 -0.221382 0.000000
vt 0.049423 -0.036006 0.000000
vt -0.000000 0.000000 0.000000
vt 0.098000 -0.071397 0.000000
vt 0.481615 0.185375 0.000000
vt -0.000000 0.000000 0.000000
vt -0.383167 -0.257439 0.000000
vt 0.056328 -0.031426 0.000000
vt -0.000000 0.000000 0.000000
vt 0.111692 -0.062314 0.000000
vt 0.439495 0.226013 0.000000
vt -0.000000 0.000000 0.000000
vt -0.327172 -0.289043 0.000000
vt 0.062239 -0.026256 0.000000
vt -0.000000 0.000000 0.000000
vt 0.123413 -0.052063 0.000000
vt 0.389411 0.262787 0.000000
vt -0.000000 0.000000 0.000000
vt -0.265180 -0.315539 0.000000
vt 0.067042 -0.020585 0.000000
vt -0.000000 0.000000 0.000000
vt 0.132937 -0.040818 0.000000
vt 0.332223 0.294954 0.000000
vt -0.000000 0.000000 0.000000
vt -0.198297 -0.336356 0.000000
vt 0.070644 -0.014514 0.000000
vt -0.000000 0.000000 0.000000
vt 0.140079 -0.028779 0.000000
vt 0.268941 0.321842 0.000000
vt -0.000000 0.000000 0.000000
vt -0.127742 -0.351032 0.000000
vt 0.072971 -0.008158 0.000000
vt -0.000000 0.000000 0.000000
vt 0.144694 -0.016175 0.000000
vt 0.200713 0.342874 0.000000
vt -0.000000 0.000000 0.000000
vt -0.054818 -0.359235 0.000000
vt 0.073977 -0.001640 0.000000
vt -0.000000 0.000000 0.000000
vt 0.146688 -0.003252 0.000000
vt 0.128795 0.357595 0.000000
vt -0.000000 0.000000 0.000000
vt 0.019110 -0.360784 0.000000
vt 0.073641 0.004911 0.000000
vt 0.000000 0.000000 0.000000
vt 0.146022 0.009738 0.000000
vt 0.054531 0.365695 0.000000
vt 0.000000 0.000000 0.000000
vt 0.092660 -0.355655 0.000000
vt 0.071970 0.011364 0.000000
vt 0.000000 0.000000 0.000000
vt 0.142709 0.022533 0.000000
vt -0.020690 0.367019 0.000000
vt 0.000000 0.000000 0.000000
vt 0.164459 -0.343981 0.000000
vt 0.068998 0.017592 0.000000
vt 0.000000 0.000000 0.000000
vt 0.136816 0.034884 0.000000
vt -0.095460 0.361573 0.000000
vt 0.000000 0.000000 0.000000
vt 0.233183 -0.326043 0.000000
vt 0.064785 0.023477 0.000000
vt 0.000000 0.000000 0.000000
vt 0.128462 0.046553 0.000000
vt -0.168397 0.349520 0.000000
vt 0.000000 0.000000 0.000000
vt 0.297585 -0.302255 0.000000
vt 0.059415 0.028910 0.000000
vt 0.000000 0.000000 0.000000
vt 0.117814 0.057324 0.000000
vt -0.238169 0.331165 0.000000
vt 0.000000 0.000000 0.000000
vt 0.356521 -0.273141 0.000000
vt 0.052992 0.033795 0.000000
vt 0.000000 0.000000 0.000000
vt 0.105077 0.067011 0.000000
vt -0.303529 0.306935 0.000000
vt 0.000000 0.000000 0.000000
vt 0.408969 -0.239305 0.000000
vt 0.045638 0.038052 0.000000
vt 0.000000 0.000000 0.000000
vt 0.090495 0.075453 0.000000
vt -0.363331 0.277357 0.000000
vt 0.000000 0.000000 0.000000
vt 0.454043 -0.201414 0.000000
vt 0.037489 0.041617 0.000000
vt 0.000000 0.000000 0.000000
vt 0.074336 0.082522 0.000000
vt -0.416554 0.243031 0.000000
vt 0.000000 0.000000 0.000000
vt 0.491000 -0.160174 0.000000
vt 0.028693 0.044438 0.000000
vt 0.000000 0.000000 0.000000
vt 0.056894 0.088115 0.000000
vt -0.462308 0.204611 0.000000
vt 0.000000 0.000000 0.000000
vt 0.519244 -0.116308 0.000000
vt 0.019404 0.046478 0.000000
vt 0.000000 0.000000 0.000000
vt 0.038478 0.092160 0.000000
vt -0.499839 0.162786 0.000000
vt 0.000000 0.000000 0.000000
vt 0.538326 -0.070554 0.000000
vt 0.009785 0.047712 0.000000
vt 0.000000 0.000000 0.000000
vt 0.019403 0.094607 0.000000
vt -0.528541 0.118265 0.000000
vt 0.000000 0.000000 0.000000
vt -0.000000 0.095425 0.000000
vt -0.547944 0.071775 0.000000
vt 0.000000 0.000000 0.000000
vt -0.547944 0.023650 0.000000
vt 0.547944 0.023659 0.000000
vt -0.009785 0.047712 0.000000
vt 0.000000 0.000000 0.000000
vt -0.019403 0.094607 0.000000
vt -0.557729 0.024053 0.000000
vt 0.000000 0.000000 0.000000
vt 0.538317 0.070626 0.000000
vt -0.019404 0.046478 0.000000
vt 0.000000 0.000000 0.000000
vt -0.038478 0.092160 0.000000
vt -0.557721 -0.024148 0.000000
vt 0.000000 0.000000 0.000000
vt 0.519202 0.116496 0.000000
vt -0.028693 0.044438 0.000000
vt 0.000000 0.000000 0.000000
vt -0.056894 0.088115 0.000000
vt -0.547894 -0.072058 0.000000
vt 0.000000 0.000000 0.000000
vt 0.490891 0.160509 0.000000
vt -0.037489 0.041617 0.000000
vt 0.000000 0.000000 0.000000
vt -0.074336 0.082522 0.000000
vt -0.528380 -0.118893 0.000000
vt 0.000000 0.000000 0.000000
vt 0.453826 0.201903 0.000000
vt -0.045638 0.038052 0.000000
vt 0.000000 0.000000 0.000000
vt -0.090495 0.075453 0.000000
vt -0.499464 -0.163851 0.000000
vt 0.000000 0.000000 0.000000
vt 0.408606 0.239924 0.000000
vt -0.052992 0.033795 0.000000
vt 0.000000 0.000000 0.000000
vt -0.105077 0.067011 0.000000
vt -0.461598 -0.206129 0.000000
vt 0.000000 0.000000 0.000000
vt 0.355983 0.273841 0.000000
vt -0.059415 0.028910 0.000000
vt 0.000000 0.000000 0.000000
vt -0.117814 0.057324 0.000000
vt -0.415398 -0.244931 0.000000
vt 0.000000 0.000000 0.000000
vt 0.296860 0.302967 0.000000
vt -0.064785 0.023477 0.000000
vt 0.000000 0.000000 0.000000
vt -0.128462 0.046553 0.000000
vt -0.361645 -0.279490 0.000000
vt 0.000000 0.000000 0.000000
vt 0.232277 0.326689 0.000000
vt -0.068998 0.017592 0.000000
vt 0.000000 0.000000 0.000000
vt -0.136816 0.034884 0.000000
vt -0.301275 -0.309097 0.000000
vt 0.000000 0.000000 0.000000
vt 0.163399 0.344485 0.000000
vt -0.071970 0.011364 0.000000
vt 0.000000 0.000000 0.000000
vt -0.142709 0.022533 0.000000
vt -0.235369 -0.333122 0.000000
vt 0.000000 0.000000 0.000000
vt 0.091492 0.355957 0.000000
vt -0.073641 0.004911 0.000000
vt 0.000000 0.000000 0.000000
vt -0.146022 0.009738 0.000000
vt -0.165133 -0.351046 0.000000
vt 0.000000 0.000000 0.000000
vt 0.017893 0.360847 0.000000
vt -0.073977 -0.001640 0.000000
vt -0.000000 0.000000 0.000000
vt -0.146688 -0.003252 0.000000
vt -0.091870 -0.362486 0.000000
vt -0.000000 0.000000 0.000000
vt -0.056019 0.359049 0.000000
vt -0.072971 -0.008158 0.000000
vt -0.000000 0.000000 0.000000
vt -0.144694 -0.016175 0.000000
vt -0.016952 -0.367207 0.000000
vt -0.000000 0.000000 0.000000
vt -0.128862 0.350622 0.000000
vt -0.070644 -0.014514 0.000000
vt -0.000000 0.000000 0.000000
vt -0.140079 -0.028779 0.000000
vt 0.058219 -0.365136 0.000000
vt -0.000000 0.000000 0.000000
vt -0.199285 0.335772 0.000000
vt -0.067042 -0.020585 0.000000
vt -0.000000 0.000000 0.000000
vt -0.132937 -0.040818 0.000000
vt 0.132243 -0.356357 0.000000
vt -0.000000 0.000000 0.000000
vt -0.265998 0.314850 0.000000
vt -0.062239 -0.026256 0.000000
vt -0.000000 0.000000 0.000000
vt -0.123413 -0.052063 0.000000
vt 0.203759 -0.341106 0.000000
vt -0.000000 0.000000 0.000000
vt -0.327803 0.288328 0.000000
vt -0.056328 -0.031426 0.000000
vt -0.000000 0.000000 0.000000
vt -0.111692 -0.062314 0.000000
vt 0.271475 -0.319754 0.000000
vt -0.000000 0.000000 0.000000
vt -0.383614 0.256772 0.000000
vt -0.049423 -0.036006 0.000000
vt -0.000000 0.000000 0.000000
vt -0.098000 -0.071397 0.000000
vt 0.334192 -0.292779 0.000000
vt -0.000000 0.000000 0.000000
vt -0.432478 0.220823 0.000000
vt -0.041654 -0.039925 0.000000
vt -0.000000 0.000000 0.000000
vt -0.082595 -0.079166 0.000000
vt 0.390824 -0.260747 0.000000
vt -0.000000 0.000000 0.000000
vt -0.473577 0.181168 0.000000
vt -0.033162 -0.043123 0.000000
vt -0.000000 0.000000 0.000000
vt -0.065757 -0.085508 0.000000
vt 0.440415 -0.224291 0.000000
vt -0.000000 0.000000 0.000000
vt -0.506243 0.138523 0.000000
vt -0.024100 -0.045557 0.000000
vt -0.000000 0.000000 0.000000
vt -0.047788 -0.090335 0.000000
vt 0.482143 -0.184080 0.000000
vt -0.000000 0.000000 0.000000
vt -0.529953 0.093621 0.000000
vt -0.014626 -0.047197 0.000000
vt -0.000000 0.000000 0.000000
vt -0.029002 -0.093586 0.000000
vt 0.515327 -0.140818 0.000000
vt -0.000000 0.000000 0.000000
vt -0.544332 0.047199 0.000000
vt -0.004903 -0.048021 0.000000
vt -0.000000 0.000000 0.000000
vt -0.009722 -0.095221 0.000000
vt 0.539428 -0.095221 0.000000
vt -0.000000 0.000000 0.000000
vt -0.538469 -0.000000 0.000000
vt 0.009573 -0.095236 0.000000
vt -0.000000 0.000000 0.000000
vt 0.014155 -0.140813 0.000000
vt 0.548042 -0.095236 0.000000
vt -0.000000 0.000000 0.000000
vt -0.533880 -0.045666 0.000000
vt 0.028571 -0.093718 0.000000
vt -0.000000 0.000000 0.000000
vt 0.042245 -0.138569 0.000000
vt 0.562452 -0.048052 0.000000
vt -0.000000 0.000000 0.000000
vt -0.520147 -0.090857 0.000000
vt 0.047127 -0.090682 0.000000
vt -0.000000 0.000000 0.000000
vt 0.069681 -0.134080 0.000000
vt 0.567274 0.000175 0.000000
vt -0.000000 0.000000 0.000000
vt -0.497402 -0.134964 0.000000
vt 0.064942 -0.086129 0.000000
vt -0.000000 0.000000 0.000000
vt 0.096021 -0.127348 0.000000
vt 0.562344 0.048836 0.000000
vt -0.000000 0.000000 0.000000
vt -0.465893 -0.177318 0.000000
vt 0.081717 -0.080072 0.000000
vt -0.000000 0.000000 0.000000
vt 0.120825 -0.118392 0.000000
vt 0.547610 0.097247 0.000000
vt -0.000000 0.000000 0.000000
vt -0.426004 -0.217177 0.000000
vt 0.097153 -0.072545 0.000000
vt -0.000000 0.000000 0.000000
vt 0.143649 -0.107263 0.000000
vt 0.523157 0.144633 0.000000
vt -0.000000 0.000000 0.000000
vt -0.378278 -0.253739 0.000000
vt 0.110957 -0.063614 0.000000
vt -0.000000 0.000000 0.000000
vt 0.164058 -0.094058 0.000000
vt 0.489235 0.190125 0.000000
vt -0.000000 0.000000 0.000000
vt -0.323432 -0.286167 0.000000
vt 0.122846 -0.053388 0.000000
vt -0.000000 0.000000 0.000000
vt 0.181636 -0.078938 0.000000
vt 0.446278 0.232779 0.000000
vt -0.000000 0.000000 0.000000
vt -0.262368 -0.313633 0.000000
vt 0.132562 -0.042022 0.000000
vt -0.000000 0.000000 0.000000
vt 0.196003 -0.062132 0.000000
vt 0.394930 0.271611 0.000000
vt -0.000000 0.000000 0.000000
vt -0.196166 -0.335373 0.000000
vt 0.139882 -0.029721 0.000000
vt -0.000000 0.000000 0.000000
vt 0.206826 -0.043945 0.000000
vt 0.336048 0.305652 0.000000
vt -0.000000 0.000000 0.000000
vt -0.126079 -0.350743 0.000000
vt 0.144629 -0.016740 0.000000
vt -0.000000 0.000000 0.000000
vt 0.213845 -0.024752 0.000000
vt 0.270708 0.334003 0.000000
vt -0.000000 0.000000 0.000000
vt -0.053488 -0.359274 0.000000
vt 0.146686 -0.003368 0.000000
vt -0.000000 0.000000 0.000000
vt 0.216886 -0.004980 0.000000
vt 0.200174 0.355905 0.000000
vt -0.000000 0.000000 0.000000
vt 0.020135 -0.360710 0.000000
vt 0.145999 0.010084 0.000000
vt 0.000000 0.000000 0.000000
vt 0.215870 0.014910 0.000000
vt 0.125864 0.370795 0.000000
vt 0.000000 0.000000 0.000000
vt 0.093287 -0.355039 0.000000
vt 0.142586 0.023298 0.000000
vt 0.000000 0.000000 0.000000
vt 0.210824 0.034449 0.000000
vt 0.049299 0.378337 0.000000
vt 0.000000 0.000000 0.000000
vt 0.164493 -0.342479 0.000000
vt 0.136534 0.035973 0.000000
vt 0.000000 0.000000 0.000000
vt 0.201875 0.053189 0.000000
vt -0.027959 0.378452 0.000000
vt 0.000000 0.000000 0.000000
vt 0.232361 -0.323463 0.000000
vt 0.127990 0.047835 0.000000
vt 0.000000 0.000000 0.000000
vt 0.189243 0.070728 0.000000
vt -0.104371 0.371298 0.000000
vt 0.000000 0.000000 0.000000
vt 0.295625 -0.298593 0.000000
vt 0.117157 0.058654 0.000000
vt 0.000000 0.000000 0.000000
vt 0.173226 0.086725 0.000000
vt -0.178468 0.357247 0.000000
vt 0.000000 0.000000 0.000000
vt 0.353175 -0.268584 0.000000
vt 0.104277 0.068249 0.000000
vt 0.000000 0.000000 0.000000
vt 0.154182 0.100912 0.000000
vt -0.248898 0.336834 0.000000
vt 0.000000 0.000000 0.000000
vt 0.404075 -0.234214 0.000000
vt 0.089621 0.076489 0.000000
vt 0.000000 0.000000 0.000000
vt 0.132512 0.113094 0.000000
vt -0.314453 0.310703 0.000000
vt 0.000000 0.000000 0.000000
vt 0.447557 -0.196264 0.000000
vt 0.073478 0.083287 0.000000
vt 0.000000 0.000000 0.000000
vt 0.108643 0.123145 0.000000
vt -0.374079 0.279551 0.000000
vt 0.000000 0.000000 0.000000
vt 0.483019 -0.155485 0.000000
vt 0.056145 0.088594 0.000000
vt 0.000000 0.000000 0.000000
vt 0.083015 0.130993 0.000000
vt -0.426874 0.244079 0.000000
vt 0.000000 0.000000 0.000000
vt 0.510003 -0.112573 0.000000
vt 0.037924 0.092390 0.000000
vt 0.000000 0.000000 0.000000
vt 0.056073 0.136605 0.000000
vt -0.472079 0.204963 0.000000
vt 0.000000 0.000000 0.000000
vt 0.528177 -0.068162 0.000000
vt 0.019109 0.094667 0.000000
vt 0.000000 0.000000 0.000000
vt 0.028254 0.139972 0.000000
vt -0.509068 0.162828 0.000000
vt 0.000000 0.000000 0.000000
vt -0.000000 0.141094 0.000000
vt -0.537323 0.118259 0.000000
vt 0.000000 0.000000 0.000000
vt -0.537323 0.022834 0.000000
vt 0.537322 0.022856 0.000000
vt -0.019109 0.094667 0.000000
vt 0.000000 0.000000 0.000000
vt -0.028254 0.139972 0.000000
vt -0.556431 0.071810 0.000000
vt 0.000000 0.000000 0.000000
vt 0.528152 0.068357 0.000000
vt -0.037924 0.092390 0.000000
vt 0.000000 0.000000 0.000000
vt -0.056073 0.136605 0.000000
vt -0.566075 0.024032 0.000000
vt 0.000000 0.000000 0.000000
vt 0.509889 0.113086 0.000000
vt -0.056145 0.088594 0.000000
vt 0.000000 0.000000 0.000000
vt -0.083015 0.130993 0.000000
vt -0.566034 -0.024492 0.000000
vt 0.000000 0.000000 0.000000
vt 0.482722 0.156405 0.000000
vt -0.073478 0.083287 0.000000
vt 0.000000 0.000000 0.000000
vt -0.108643 0.123145 0.000000
vt -0.556200 -0.073119 0.000000
vt 0.000000 0.000000 0.000000
vt 0.446965 0.197609 0.000000
vt -0.089621 0.076489 0.000000
vt 0.000000 0.000000 0.000000
vt -0.132512 0.113094 0.000000
vt -0.536587 -0.121120 0.000000
vt 0.000000 0.000000 0.000000
vt 0.403080 0.235922 0.000000
vt -0.104277 0.068249 0.000000
vt 0.000000 0.000000 0.000000
vt -0.154182 0.100912 0.000000
vt -0.507357 -0.167673 0.000000
vt 0.000000 0.000000 0.000000
vt 0.351693 0.270522 0.000000
vt -0.117157 0.058654 0.000000
vt 0.000000 0.000000 0.000000
vt -0.173226 0.086725 0.000000
vt -0.468851 -0.211867 0.000000
vt 0.000000 0.000000 0.000000
vt 0.293614 0.300570 0.000000
vt -0.127990 0.047835 0.000000
vt 0.000000 0.000000 0.000000
vt -0.189243 0.070728 0.000000
vt -0.421604 -0.252735 0.000000
vt 0.000000 0.000000 0.000000
vt 0.229835 0.325263 0.000000
vt -0.136534 0.035973 0.000000
vt 0.000000 0.000000 0.000000
vt -0.201875 0.053189 0.000000
vt -0.366368 -0.289290 0.000000
vt 0.000000 0.000000 0.000000
vt 0.161525 0.343889 0.000000
vt -0.142586 0.023298 0.000000
vt 0.000000 0.000000 0.000000
vt -0.210824 0.034449 0.000000
vt -0.304111 -0.320591 0.000000
vt 0.000000 0.000000 0.000000
vt 0.090006 0.355885 0.000000
vt -0.145999 0.010084 0.000000
vt 0.000000 0.000000 0.000000
vt -0.215870 0.014910 0.000000
vt -0.236005 -0.345801 0.000000
vt 0.000000 0.000000 0.000000
vt 0.016712 0.360885 0.000000
vt -0.146686 -0.003368 0.000000
vt -0.000000 0.000000 0.000000
vt -0.216886 -0.004980 0.000000
vt -0.163398 -0.364254 0.000000
vt -0.000000 0.000000 0.000000
vt -0.056863 0.358755 0.000000
vt -0.144629 -0.016740 0.000000
vt -0.000000 0.000000 0.000000
vt -0.213845 -0.024752 0.000000
vt -0.087766 -0.375495 0.000000
vt -0.000000 0.000000 0.000000
vt -0.129223 0.349597 0.000000
vt -0.139882 -0.029721 0.000000
vt -0.000000 0.000000 0.000000
vt -0.206826 -0.043945 0.000000
vt -0.010659 -0.379319 0.000000
vt -0.000000 0.000000 0.000000
vt -0.198927 0.333744 0.000000
vt -0.132562 -0.042022 0.000000
vt -0.000000 0.000000 0.000000
vt -0.196003 -0.062132 0.000000
vt 0.066365 -0.375765 0.000000
vt -0.000000 0.000000 0.000000
vt -0.264642 0.311717 0.000000
vt -0.122846 -0.053388 0.000000
vt -0.000000 0.000000 0.000000
vt -0.181636 -0.078938 0.000000
vt 0.141796 -0.365104 0.000000
vt -0.000000 0.000000 0.000000
vt -0.325176 0.284183 0.000000
vt -0.110957 -0.063614 0.000000
vt -0.000000 0.000000 0.000000
vt -0.164058 -0.094058 0.000000
vt 0.214220 -0.347797 0.000000
vt -0.000000 0.000000 0.000000
vt -0.379508 0.251896 0.000000
vt -0.097153 -0.072545 0.000000
vt -0.000000 0.000000 0.000000
vt -0.143649 -0.107263 0.000000
vt 0.282355 -0.324440 0.000000
vt -0.000000 0.000000 0.000000
vt -0.426784 0.215639 0.000000
vt -0.081717 -0.080072 0.000000
vt -0.000000 0.000000 0.000000
vt -0.120825 -0.118392 0.000000
vt 0.345067 -0.295710 0.000000
vt -0.000000 0.000000 0.000000
vt -0.466323 0.176183 0.000000
vt -0.064942 -0.086129 0.000000
vt -0.000000 0.000000 0.000000
vt -0.096021 -0.127348 0.000000
vt 0.401381 -0.262312 0.000000
vt -0.000000 0.000000 0.000000
vt -0.497594 0.134255 0.000000
vt -0.047127 -0.090682 0.000000
vt -0.000000 0.000000 0.000000
vt -0.069681 -0.134080 0.000000
vt 0.450467 -0.224936 0.000000
vt -0.000000 0.000000 0.000000
vt -0.520206 0.090517 0.000000
vt -0.028571 -0.093718 0.000000
vt -0.000000 0.000000 0.000000
vt -0.042245 -0.138569 0.000000
vt 0.491635 -0.184235 0.000000
vt -0.000000 0.000000 0.000000
vt -0.533888 0.045577 0.000000
vt -0.009573 -0.095236 0.000000
vt -0.000000 0.000000 0.000000
vt -0.014155 -0.140813 0.000000
vt 0.524315 -0.140813 0.000000
vt -0.000000 0.000000 0.000000
vt -0.522992 -0.000000 0.000000
vt 0.013803 -0.140848 0.000000
vt -0.000000 0.000000 0.000000
vt 0.018034 -0.184027 0.000000
vt 0.536795 -0.140848 0.000000
vt -0.000000 0.000000 0.000000
vt -0.518746 -0.043347 0.000000
vt 0.041230 -0.138875 0.000000
vt -0.000000 0.000000 0.000000
vt 0.053870 -0.181448 0.000000
vt 0.559977 -0.095527 0.000000
vt -0.000000 0.000000 0.000000
vt -0.505997 -0.086568 0.000000
vt 0.068116 -0.134881 0.000000
vt -0.000000 0.000000 0.000000
vt 0.088998 -0.176231 0.000000
vt 0.574113 -0.048313 0.000000
vt -0.000000 0.000000 0.000000
vt -0.484755 -0.129275 0.000000
vt 0.094081 -0.128787 0.000000
vt -0.000000 0.000000 0.000000
vt 0.122924 -0.168268 0.000000
vt 0.578837 0.000488 0.000000
vt -0.000000 0.000000 0.000000
vt -0.455100 -0.170936 0.000000
vt 0.118722 -0.120501 0.000000
vt -0.000000 0.000000 0.000000
vt 0.155118 -0.157442 0.000000
vt 0.573822 0.050435 0.000000
vt -0.000000 0.000000 0.000000
vt -0.417216 -0.210849 0.000000
vt 0.141603 -0.109950 0.000000
vt -0.000000 0.000000 0.000000
vt 0.185013 -0.143656 0.000000
vt 0.558819 0.100899 0.000000
vt -0.000000 0.000000 0.000000
vt -0.371438 -0.248136 0.000000
vt 0.162268 -0.097115 0.000000
vt -0.000000 0.000000 0.000000
vt 0.212013 -0.126888 0.000000
vt 0.533705 0.151020 0.000000
vt -0.000000 0.000000 0.000000
vt -0.318302 -0.281786 0.000000
vt 0.180244 -0.082068 0.000000
vt -0.000000 0.000000 0.000000
vt 0.235500 -0.107227 0.000000
vt 0.498545 0.199718 0.000000
vt -0.000000 0.000000 0.000000
vt -0.258583 -0.310714 0.000000
vt 0.195074 -0.064989 0.000000
vt -0.000000 0.000000 0.000000
vt 0.254876 -0.084912 0.000000
vt 0.453657 0.245725 0.000000
vt -0.000000 0.000000 0.000000
vt -0.193320 -0.333859 0.000000
vt 0.206336 -0.046188 0.000000
vt -0.000000 0.000000 0.000000
vt 0.269592 -0.060348 0.000000
vt 0.399657 0.287670 0.000000
vt -0.000000 0.000000 0.000000
vt -0.123809 -0.350293 0.000000
vt 0.213685 -0.026099 0.000000
vt -0.000000 0.000000 0.000000
vt 0.279193 -0.034101 0.000000
vt 0.337494 0.324194 0.000000
vt -0.000000 0.000000 0.000000
vt -0.051561 -0.359326 0.000000
vt 0.216879 -0.005259 0.000000
vt -0.000000 0.000000 0.000000
vt 0.283366 -0.006871 0.000000
vt 0.268440 0.354068 0.000000
vt -0.000000 0.000000 0.000000
vt 0.021766 -0.360590 0.000000
vt 0.215811 0.015737 0.000000
vt 0.000000 0.000000 0.000000
vt 0.281971 0.020561 0.000000
vt 0.194045 0.376327 0.000000
vt 0.000000 0.000000 0.000000
vt 0.094469 -0.354085 0.000000
vt 0.210518 0.036274 0.000000
vt 0.000000 0.000000 0.000000
vt 0.275055 0.047394 0.000000
vt 0.116049 0.390359 0.000000
vt 0.000000 0.000000 0.000000
vt 0.164897 -0.340172 0.000000
vt 0.201175 0.055780 0.000000
vt 0.000000 0.000000 0.000000
vt 0.262848 0.072880 0.000000
vt 0.036278 0.395951 0.000000
vt 0.000000 0.000000 0.000000
vt 0.231548 -0.319522 0.000000
vt 0.188080 0.073766 0.000000
vt 0.000000 0.000000 0.000000
vt 0.245738 0.096380 0.000000
vt -0.043468 0.393288 0.000000
vt 0.000000 0.000000 0.000000
vt 0.293134 -0.293031 0.000000
vt 0.171621 0.089860 0.000000
vt 0.000000 0.000000 0.000000
vt 0.224233 0.117408 0.000000
vt -0.121514 0.382891 0.000000
vt 0.000000 0.000000 0.000000
vt 0.348613 -0.261708 0.000000
vt 0.152242 0.103816 0.000000
vt 0.000000 0.000000 0.000000
vt 0.198913 0.135642 0.000000
vt -0.196372 0.365523 0.000000
vt 0.000000 0.000000 0.000000
vt 0.397190 -0.226573 0.000000
vt 0.130411 0.115511 0.000000
vt 0.000000 0.000000 0.000000
vt 0.170390 0.150923 0.000000
vt -0.266780 0.342085 0.000000
vt 0.000000 0.000000 0.000000
vt 0.438293 -0.188573 0.000000
vt 0.106594 0.124923 0.000000
vt 0.000000 0.000000 0.000000
vt 0.139271 0.163220 0.000000
vt -0.331699 0.313496 0.000000
vt 0.000000 0.000000 0.000000
vt 0.471529 -0.148513 0.000000
vt 0.081239 0.132103 0.000000
vt 0.000000 0.000000 0.000000
vt 0.106144 0.172600 0.000000
vt -0.390290 0.280615 0.000000
vt 0.000000 0.000000 0.000000
vt 0.496647 -0.107035 0.000000
vt 0.054765 0.137135 0.000000
vt 0.000000 0.000000 0.000000
vt 0.071552 0.179175 0.000000
vt -0.441882 0.244170 0.000000
vt 0.000000 0.000000 0.000000
vt 0.513482 -0.064622 0.000000
vt 0.027561 0.140110 0.000000
vt 0.000000 0.000000 0.000000
vt 0.036010 0.183062 0.000000
vt -0.485921 0.204732 0.000000
vt 0.000000 0.000000 0.000000
vt -0.000000 0.184348 0.000000
vt -0.521933 0.162721 0.000000
vt 0.000000 0.000000 0.000000
vt -0.521933 0.021627 0.000000
vt 0.521931 0.021670 0.000000
vt -0.027561 0.140110 0.000000
vt 0.000000 0.000000 0.000000
vt -0.036010 0.183062 0.000000
vt -0.549492 0.118440 0.000000
vt 0.000000 0.000000 0.000000
vt 0.513435 0.064995 0.000000
vt -0.054765 0.137135 0.000000
vt 0.000000 0.000000 0.000000
vt -0.071553 0.179175 0.000000
vt -0.568199 0.072140 0.000000
vt 0.000000 0.000000 0.000000
vt 0.496435 0.108015 0.000000
vt -0.081239 0.132103 0.000000
vt 0.000000 0.000000 0.000000
vt -0.106144 0.172600 0.000000
vt -0.577673 0.024087 0.000000
vt 0.000000 0.000000 0.000000
vt 0.470970 0.150276 0.000000
vt -0.106594 0.124923 0.000000
vt 0.000000 0.000000 0.000000
vt -0.139271 0.163220 0.000000
vt -0.577564 -0.025353 0.000000
vt 0.000000 0.000000 0.000000
vt 0.437170 0.191162 0.000000
vt -0.130411 0.115511 0.000000
vt 0.000000 0.000000 0.000000
vt -0.170390 0.150923 0.000000
vt -0.567580 -0.075651 0.000000
vt 0.000000 0.000000 0.000000
vt 0.395285 0.229881 0.000000
vt -0.152242 0.103816 0.000000
vt 0.000000 0.000000 0.000000
vt -0.198913 0.135642 0.000000
vt -0.547527 -0.126066 0.000000
vt 0.000000 0.000000 0.000000
vt 0.345747 0.265483 0.000000
vt -0.171621 0.089860 0.000000
vt 0.000000 0.000000 0.000000
vt -0.224233 0.117408 0.000000
vt -0.517368 -0.175623 0.000000
vt 0.000000 0.000000 0.000000
vt 0.289206 0.296908 0.000000
vt -0.188080 0.073766 0.000000
vt 0.000000 0.000000 0.000000
vt -0.245738 0.096380 0.000000
vt -0.477286 -0.223142 0.000000
vt 0.000000 0.000000 0.000000
vt 0.226569 0.323071 0.000000
vt -0.201175 0.055780 0.000000
vt 0.000000 0.000000 0.000000
vt -0.262848 0.072880 0.000000
vt -0.427744 -0.267292 0.000000
vt 0.000000 0.000000 0.000000
vt 0.159005 0.342965 0.000000
vt -0.210518 0.036274 0.000000
vt 0.000000 0.000000 0.000000
vt -0.275055 0.047394 0.000000
vt -0.369523 -0.306691 0.000000
vt 0.000000 0.000000 0.000000
vt 0.087926 0.355766 0.000000
vt -0.215811 0.015737 0.000000
vt 0.000000 0.000000 0.000000
vt -0.281971 0.020561 0.000000
vt -0.303737 -0.340029 0.000000
vt 0.000000 0.000000 0.000000
vt 0.014926 0.360938 0.000000
vt -0.216879 -0.005259 0.000000
vt -0.000000 0.000000 0.000000
vt -0.283366 -0.006871 0.000000
vt -0.231805 -0.366197 0.000000
vt -0.000000 0.000000 0.000000
vt -0.058301 0.358294 0.000000
vt -0.213685 -0.026099 0.000000
vt -0.000000 0.000000 0.000000
vt -0.279193 -0.034101 0.000000
vt -0.155384 -0.384394 0.000000
vt -0.000000 0.000000 0.000000
vt -0.130065 0.348019 0.000000
vt -0.206336 -0.046188 0.000000
vt -0.000000 0.000000 0.000000
vt -0.269592 -0.060348 0.000000
vt -0.076271 -0.394207 0.000000
vt -0.000000 0.000000 0.000000
vt -0.198781 0.330637 0.000000
vt -0.195074 -0.064989 0.000000
vt -0.000000 0.000000 0.000000
vt -0.254876 -0.084912 0.000000
vt 0.003707 -0.395626 0.000000
vt -0.000000 0.000000 0.000000
vt -0.263045 0.306945 0.000000
vt -0.180244 -0.082068 0.000000
vt -0.000000 0.000000 0.000000
vt -0.235500 -0.107227 0.000000
vt 0.082802 -0.389013 0.000000
vt -0.000000 0.000000 0.000000
vt -0.321693 0.277908 0.000000
vt -0.162268 -0.097115 0.000000
vt -0.000000 0.000000 0.000000
vt -0.212013 -0.126888 0.000000
vt 0.159425 -0.375024 0.000000
vt -0.000000 0.000000 0.000000
vt -0.373805 0.244555 0.000000
vt -0.141603 -0.109950 0.000000
vt -0.000000 0.000000 0.000000
vt -0.185013 -0.143656 0.000000
vt 0.232202 -0.354504 0.000000
vt -0.000000 0.000000 0.000000
vt -0.418704 0.207877 0.000000
vt -0.118722 -0.120501 0.000000
vt -0.000000 0.000000 0.000000
vt -0.155118 -0.157442 0.000000
vt 0.299982 -0.328378 0.000000
vt -0.000000 0.000000 0.000000
vt -0.455913 0.168756 0.000000
vt -0.094081 -0.128787 0.000000
vt -0.000000 0.000000 0.000000
vt -0.122924 -0.168268 0.000000
vt 0.361831 -0.297543 0.000000
vt -0.000000 0.000000 0.000000
vt -0.485115 0.127918 0.000000
vt -0.068116 -0.134881 0.000000
vt -0.000000 0.000000 0.000000
vt -0.088998 -0.176231 0.000000
vt 0.416999 -0.262799 0.000000
vt -0.000000 0.000000 0.000000
vt -0.506107 0.085921 0.000000
vt -0.041230 -0.138875 0.000000
vt -0.000000 0.000000 0.000000
vt -0.053870 -0.181448 0.000000
vt 0.464877 -0.224796 0.000000
vt -0.000000 0.000000 0.000000
vt -0.518760 0.043179 0.000000
vt -0.013803 -0.140848 0.000000
vt -0.000000 0.000000 0.000000
vt -0.018034 -0.184027 0.000000
vt 0.504957 -0.184027 0.000000
vt -0.000000 0.000000 0.000000
vt -0.503388 0.000000 0.000000
vt 0.017370 -0.184091 0.000000
vt -0.000000 0.000000 0.000000
vt 0.021149 -0.224135 0.000000
vt 0.520759 -0.184091 0.000000
vt -0.000000 0.000000 0.000000
vt -0.499588 -0.040310 0.000000
vt 0.051947 -0.182008 0.000000
vt -0.000000 0.000000 0.000000
vt 0.063246 -0.221599 0.000000
vt 0.551535 -0.141698 0.000000
vt -0.000000 0.000000 0.000000
vt -0.488120 -0.080927 0.000000
vt 0.086016 -0.177705 0.000000
vt -0.000000 0.000000 0.000000
vt 0.104728 -0.216360 0.000000
vt 0.574137 -0.096778 0.000000
vt -0.000000 0.000000 0.000000
vt -0.468853 -0.121743 0.000000
vt 0.119196 -0.170929 0.000000
vt -0.000000 0.000000 0.000000
vt 0.145124 -0.208111 0.000000
vt 0.588049 -0.049186 0.000000
vt -0.000000 0.000000 0.000000
vt -0.441655 -0.162419 0.000000
vt 0.151033 -0.161364 0.000000
vt -0.000000 0.000000 0.000000
vt 0.183887 -0.196464 0.000000
vt 0.592689 0.001055 0.000000
vt -0.000000 0.000000 0.000000
vt -0.406447 -0.202322 0.000000
vt 0.180993 -0.148689 0.000000
vt -0.000000 0.000000 0.000000
vt 0.220363 -0.181034 0.000000
vt 0.587439 0.053633 0.000000
vt -0.000000 0.000000 0.000000
vt -0.363274 -0.240510 0.000000
vt 0.208448 -0.132662 0.000000
vt -0.000000 0.000000 0.000000
vt 0.253789 -0.161519 0.000000
vt 0.571722 0.107848 0.000000
vt -0.000000 0.000000 0.000000
vt -0.312405 -0.275759 0.000000
vt 0.232694 -0.113188 0.000000
vt -0.000000 0.000000 0.000000
vt 0.283311 -0.137808 0.000000
vt 0.545098 0.162572 0.000000
vt -0.000000 0.000000 0.000000
vt -0.254408 -0.306655 0.000000
vt 0.252984 -0.090395 0.000000
vt -0.000000 0.000000 0.000000
vt 0.308013 -0.110058 0.000000
vt 0.507392 0.216260 0.000000
vt -0.000000 0.000000 0.000000
vt -0.190237 -0.331731 0.000000
vt 0.268585 -0.064680 0.000000
vt -0.000000 0.000000 0.000000
vt 0.327009 -0.078750 0.000000
vt 0.458823 0.267051 0.000000
vt -0.000000 0.000000 0.000000
vt -0.121240 -0.349648 0.000000
vt 0.278861 -0.036715 0.000000
vt -0.000000 0.000000 0.000000
vt 0.339520 -0.044701 0.000000
vt 0.400101 0.312933 0.000000
vt -0.000000 0.000000 0.000000
vt -0.049127 -0.359387 0.000000
vt 0.283353 -0.007412 0.000000
vt -0.000000 0.000000 0.000000
vt 0.344988 -0.009025 0.000000
vt 0.332480 0.351974 0.000000
vt -0.000000 0.000000 0.000000
vt 0.024146 -0.360408 0.000000
vt 0.281849 0.022167 0.000000
vt 0.000000 0.000000 0.000000
vt 0.343158 0.026989 0.000000
vt 0.257703 0.382575 0.000000
vt 0.000000 0.000000 0.000000
vt 0.096549 -0.352735 0.000000
vt 0.274423 0.050927 0.000000
vt 0.000000 0.000000 0.000000
vt 0.334116 0.062004 0.000000
vt 0.177874 0.403662 0.000000
vt 0.000000 0.000000 0.000000
vt 0.166156 -0.336947 0.000000
vt 0.261414 0.077867 0.000000
vt 0.000000 0.000000 0.000000
vt 0.318277 0.094805 0.000000
vt 0.095257 0.414815 0.000000
vt 0.000000 0.000000 0.000000
vt 0.231307 -0.314072 0.000000
vt 0.243380 0.102188 0.000000
vt 0.000000 0.000000 0.000000
vt 0.296320 0.124416 0.000000
vt 0.012073 0.416260 0.000000
vt 0.000000 0.000000 0.000000
vt 0.290698 -0.285419 0.000000
vt 0.221018 0.123353 0.000000
vt 0.000000 0.000000 0.000000
vt 0.269095 0.150186 0.000000
vt -0.069679 0.408773 0.000000
vt 0.000000 0.000000 0.000000
vt 0.343412 -0.252395 0.000000
vt 0.195076 0.141105 0.000000
vt 0.000000 0.000000 0.000000
vt 0.237509 0.171799 0.000000
vt -0.148336 0.393500 0.000000
vt 0.000000 0.000000 0.000000
vt 0.388882 -0.216329 0.000000
vt 0.166285 0.155434 0.000000
vt 0.000000 0.000000 0.000000
vt 0.202456 0.189244 0.000000
vt -0.222597 0.371763 0.000000
vt 0.000000 0.000000 0.000000
vt 0.426819 -0.178352 0.000000
vt 0.135313 0.166516 0.000000
vt 0.000000 0.000000 0.000000
vt 0.164748 0.202737 0.000000
vt -0.291505 0.344868 0.000000
vt 0.000000 0.000000 0.000000
vt 0.457121 -0.139314 0.000000
vt 0.102745 0.174645 0.000000
vt 0.000000 0.000000 0.000000
vt 0.125093 0.212635 0.000000
vt -0.354377 0.313959 0.000000
vt 0.000000 0.000000 0.000000
vt 0.479796 -0.099769 0.000000
vt 0.069068 0.180148 0.000000
vt 0.000000 0.000000 0.000000
vt 0.084091 0.219334 0.000000
vt -0.410728 0.279916 0.000000
vt 0.000000 0.000000 0.000000
vt 0.494892 -0.059992 0.000000
vt 0.034700 0.183315 0.000000
vt 0.000000 0.000000 0.000000
vt 0.042248 0.223191 0.000000
vt -0.460192 0.243308 0.000000
vt 0.000000 0.000000 0.000000
vt -0.000000 0.224448 0.000000
vt -0.502442 0.204398 0.000000
vt 0.000000 0.000000 0.000000
vt -0.502442 0.020050 0.000000
vt 0.502440 0.020117 0.000000
vt -0.034700 0.183315 0.000000
vt 0.000000 0.000000 0.000000
vt -0.042248 0.223191 0.000000
vt -0.537139 0.163198 0.000000
vt 0.000000 0.000000 0.000000
vt 0.494820 0.060582 0.000000
vt -0.069068 0.180148 0.000000
vt 0.000000 0.000000 0.000000
vt -0.084091 0.219334 0.000000
vt -0.563887 0.119565 0.000000
vt 0.000000 0.000000 0.000000
vt 0.479470 0.101325 0.000000
vt -0.102745 0.174645 0.000000
vt 0.000000 0.000000 0.000000
vt -0.125093 0.212635 0.000000
vt -0.582214 0.073320 0.000000
vt 0.000000 0.000000 0.000000
vt 0.456253 0.142131 0.000000
vt -0.135313 0.166516 0.000000
vt 0.000000 0.000000 0.000000
vt -0.164748 0.202737 0.000000
vt -0.591566 0.024385 0.000000
vt 0.000000 0.000000 0.000000
vt 0.425053 0.182519 0.000000
vt -0.166285 0.155434 0.000000
vt 0.000000 0.000000 0.000000
vt -0.202456 0.189244 0.000000
vt -0.591338 -0.027085 0.000000
vt 0.000000 0.000000 0.000000
vt 0.385845 0.221701 0.000000
vt -0.195076 0.141105 0.000000
vt 0.000000 0.000000 0.000000
vt -0.237509 0.171799 0.000000
vt -0.580921 -0.080596 0.000000
vt 0.000000 0.000000 0.000000
vt 0.338774 0.258587 0.000000
vt -0.221018 0.123353 0.000000
vt 0.000000 0.000000 0.000000
vt -0.269095 0.150186 0.000000
vt -0.559792 -0.135234 0.000000
vt 0.000000 0.000000 0.000000
vt 0.284247 0.291844 0.000000
vt -0.243380 0.102188 0.000000
vt 0.000000 0.000000 0.000000
vt -0.296320 0.124416 0.000000
vt -0.527627 -0.189656 0.000000
vt 0.000000 0.000000 0.000000
vt 0.223020 0.320010 0.000000
vt -0.261414 0.077867 0.000000
vt 0.000000 0.000000 0.000000
vt -0.318277 0.094805 0.000000
vt -0.484433 -0.242142 0.000000
vt 0.000000 0.000000 0.000000
vt 0.156242 0.341657 0.000000
vt -0.274423 0.050927 0.000000
vt 0.000000 0.000000 0.000000
vt -0.334116 0.062004 0.000000
vt -0.430665 -0.290731 0.000000
vt 0.000000 0.000000 0.000000
vt 0.085455 0.355586 0.000000
vt -0.281849 0.022167 0.000000
vt 0.000000 0.000000 0.000000
vt -0.343158 0.026989 0.000000
vt -0.367304 -0.333419 0.000000
vt 0.000000 0.000000 0.000000
vt 0.012508 0.360999 0.000000
vt -0.283353 -0.007412 0.000000
vt -0.000000 0.000000 0.000000
vt -0.344988 -0.009025 0.000000
vt -0.295861 -0.368411 0.000000
vt -0.000000 0.000000 0.000000
vt -0.060581 0.357634 0.000000
vt -0.278861 -0.036715 0.000000
vt -0.000000 0.000000 0.000000
vt -0.339520 -0.044701 0.000000
vt -0.218280 -0.394349 0.000000
vt -0.000000 0.000000 0.000000
vt -0.131814 0.345801 0.000000
vt -0.268585 -0.064680 0.000000
vt -0.000000 0.000000 0.000000
vt -0.327009 -0.078750 0.000000
vt -0.136772 -0.410481 0.000000
vt -0.000000 0.000000 0.000000
vt -0.199379 0.326318 0.000000
vt -0.252984 -0.090395 0.000000
vt -0.000000 0.000000 0.000000
vt -0.308013 -0.110058 0.000000
vt -0.053604 -0.416713 0.000000
vt -0.000000 0.000000 0.000000
vt -0.261788 0.300380 0.000000
vt -0.232693 -0.113188 0.000000
vt -0.000000 0.000000 0.000000
vt -0.283311 -0.137808 0.000000
vt 0.029094 -0.413568 0.000000
vt -0.000000 0.000000 0.000000
vt -0.317933 0.269367 0.000000
vt -0.208448 -0.132662 0.000000
vt -0.000000 0.000000 0.000000
vt -0.253789 -0.161519 0.000000
vt 0.109485 -0.402029 0.000000
vt -0.000000 0.000000 0.000000
vt -0.367076 0.234666 0.000000
vt -0.180993 -0.148689 0.000000
vt -0.000000 0.000000 0.000000
vt -0.220363 -0.181034 0.000000
vt 0.186084 -0.383356 0.000000
vt -0.000000 0.000000 0.000000
vt -0.408802 0.197519 0.000000
vt -0.151033 -0.161364 0.000000
vt -0.000000 0.000000 0.000000
vt -0.183887 -0.196464 0.000000
vt 0.257769 -0.358884 0.000000
vt -0.000000 0.000000 0.000000
vt -0.442925 0.158924 0.000000
vt -0.119196 -0.170929 0.000000
vt -0.000000 0.000000 0.000000
vt -0.145124 -0.208111 0.000000
vt 0.323729 -0.329854 0.000000
vt -0.000000 0.000000 0.000000
vt -0.469409 0.119581 0.000000
vt -0.086016 -0.177705 0.000000
vt -0.000000 0.000000 0.000000
vt -0.104728 -0.216360 0.000000
vt 0.383392 -0.297286 0.000000
vt -0.000000 0.000000 0.000000
vt -0.488289 0.079901 0.000000
vt -0.051947 -0.182008 0.000000
vt -0.000000 0.000000 0.000000
vt -0.063246 -0.221599 0.000000
vt 0.436343 -0.261909 0.000000
vt -0.000000 0.000000 0.000000
vt -0.499610 0.040044 0.000000
vt -0.017370 -0.184091 0.000000
vt -0.000000 0.000000 0.000000
vt -0.021149 -0.224135 0.000000
vt 0.482240 -0.224135 0.000000
vt -0.000000 0.000000 0.000000
vt -0.480579 -0.000000 0.000000
vt 0.020031 -0.224237 0.000000
vt -0.000000 0.000000 0.000000
vt 0.023267 -0.260463 0.000000
vt 0.500610 -0.224237 0.000000
vt -0.000000 0.000000 0.000000
vt -0.477315 -0.036598 0.000000
vt 0.059995 -0.222501 0.000000
vt -0.000000 0.000000 0.000000
vt 0.069688 -0.258446 0.000000
vt 0.537311 -0.185903 0.000000
vt -0.000000 0.000000 0.000000
vt -0.467397 -0.073983 0.000000
vt 0.099648 -0.218746 0.000000
vt -0.000000 0.000000 0.000000
vt 0.115745 -0.254084 0.000000
vt 0.567045 -0.144763 0.000000
vt -0.000000 0.000000 0.000000
vt -0.450549 -0.112378 0.000000
vt 0.138698 -0.212447 0.000000
vt -0.000000 0.000000 0.000000
vt 0.161105 -0.246768 0.000000
vt 0.589247 -0.100070 0.000000
vt -0.000000 0.000000 0.000000
vt -0.426400 -0.151687 0.000000
vt 0.176742 -0.202916 0.000000
vt -0.000000 0.000000 0.000000
vt 0.205295 -0.235697 0.000000
vt 0.603142 -0.051229 0.000000
vt -0.000000 0.000000 0.000000
vt -0.394555 -0.191408 0.000000
vt 0.213209 -0.189407 0.000000
vt -0.000000 0.000000 0.000000
vt 0.247653 -0.220005 0.000000
vt 0.607764 0.002001 0.000000
vt -0.000000 0.000000 0.000000
vt -0.354686 -0.230574 0.000000
vt 0.247329 -0.171247 0.000000
vt -0.000000 0.000000 0.000000
vt 0.287285 -0.198912 0.000000
vt 0.602016 0.059327 0.000000
vt -0.000000 0.000000 0.000000
vt -0.306668 -0.267764 0.000000
vt 0.278130 -0.147985 0.000000
vt -0.000000 0.000000 0.000000
vt 0.323062 -0.171892 0.000000
vt 0.584798 0.119778 0.000000
vt -0.000000 0.000000 0.000000
vt -0.250743 -0.301174 0.000000
vt 0.304459 -0.119539 0.000000
vt -0.000000 0.000000 0.000000
vt 0.353645 -0.138850 0.000000
vt 0.555202 0.181635 0.000000
vt -0.000000 0.000000 0.000000
vt -0.187678 -0.328806 0.000000
vt 0.325092 -0.086322 0.000000
vt -0.000000 0.000000 0.000000
vt 0.377610 -0.100268 0.000000
vt 0.512770 0.242483 0.000000
vt -0.000000 0.000000 0.000000
vt -0.118871 -0.348735 0.000000
vt 0.338881 -0.049307 0.000000
vt -0.000000 0.000000 0.000000
vt 0.393628 -0.057273 0.000000
vt 0.457753 0.299428 0.000000
vt -0.000000 0.000000 0.000000
vt -0.046326 -0.359446 0.000000
vt 0.344962 -0.009982 0.000000
vt -0.000000 0.000000 0.000000
vt 0.400690 -0.011594 0.000000
vt 0.391287 0.349464 0.000000
vt -0.000000 0.000000 0.000000
vt 0.027521 -0.360131 0.000000
vt 0.342923 0.029824 0.000000
vt 0.000000 0.000000 0.000000
vt 0.398322 0.034643 0.000000
vt 0.315402 0.389955 0.000000
vt 0.000000 0.000000 0.000000
vt 0.100100 -0.350860 0.000000
vt 0.332905 0.068207 0.000000
vt 0.000000 0.000000 0.000000
vt 0.386686 0.079226 0.000000
vt 0.232805 0.419067 0.000000
vt 0.000000 0.000000 0.000000
vt 0.169052 -0.332555 0.000000
vt 0.315564 0.103479 0.000000
vt 0.000000 0.000000 0.000000
vt 0.366543 0.120196 0.000000
vt 0.146512 0.436034 0.000000
vt 0.000000 0.000000 0.000000
vt 0.232499 -0.306776 0.000000
vt 0.291929 0.134397 0.000000
vt 0.000000 0.000000 0.000000
vt 0.339091 0.156109 0.000000
vt 0.059430 0.441174 0.000000
vt 0.000000 0.000000 0.000000
vt 0.289170 -0.275413 0.000000
vt 0.263213 0.160269 0.000000
vt 0.000000 0.000000 0.000000
vt 0.305735 0.186161 0.000000
vt -0.025956 0.435683 0.000000
vt 0.000000 0.000000 0.000000
vt 0.338382 -0.240371 0.000000
vt 0.230618 0.180943 0.000000
vt 0.000000 0.000000 0.000000
vt 0.267875 0.210175 0.000000
vt -0.107764 0.421314 0.000000
vt 0.000000 0.000000 0.000000
vt 0.379926 -0.203323 0.000000
vt 0.195216 0.196704 0.000000
vt 0.000000 0.000000 0.000000
vt 0.226753 0.228482 0.000000
vt -0.184710 0.400027 0.000000
vt 0.000000 0.000000 0.000000
vt 0.413906 -0.165563 0.000000
vt 0.157877 0.208132 0.000000
vt 0.000000 0.000000 0.000000
vt 0.183382 0.241756 0.000000
vt -0.256029 0.373695 0.000000
vt 0.000000 0.000000 0.000000
vt 0.440593 -0.127939 0.000000
vt 0.119270 0.215955 0.000000
vt 0.000000 0.000000 0.000000
vt 0.138538 0.250842 0.000000
vt -0.321323 0.343894 0.000000
vt 0.000000 0.000000 0.000000
vt 0.460299 -0.090860 0.000000
vt 0.079876 0.220904 0.000000
vt 0.000000 0.000000 0.000000
vt 0.092781 0.256591 0.000000
vt -0.380423 0.311764 0.000000
vt 0.000000 0.000000 0.000000
vt 0.473299 -0.054346 0.000000
vt 0.040038 0.223598 0.000000
vt 0.000000 0.000000 0.000000
vt 0.046506 0.259720 0.000000
vt -0.433261 0.277943 0.000000
vt 0.000000 0.000000 0.000000
vt -0.000000 0.260707 0.000000
vt -0.479771 0.242577 0.000000
vt 0.000000 0.000000 0.000000
vt -0.479771 0.018130 0.000000
vt 0.479767 0.018224 0.000000
vt -0.040038 0.223598 0.000000
vt 0.000000 0.000000 0.000000
vt -0.046506 0.259720 0.000000
vt -0.519805 0.205374 0.000000
vt 0.000000 0.000000 0.000000
vt 0.473203 0.055172 0.000000
vt -0.079876 0.220904 0.000000
vt 0.000000 0.000000 0.000000
vt -0.092781 0.256591 0.000000
vt -0.553080 0.165731 0.000000
vt 0.000000 0.000000 0.000000
vt 0.459861 0.093052 0.000000
vt -0.119270 0.215955 0.000000
vt 0.000000 0.000000 0.000000
vt -0.138538 0.250842 0.000000
vt -0.579131 0.122903 0.000000
vt 0.000000 0.000000 0.000000
vt 0.439411 0.131939 0.000000
vt -0.157877 0.208132 0.000000
vt 0.000000 0.000000 0.000000
vt -0.183382 0.241756 0.000000
vt -0.597289 0.076193 0.000000
vt 0.000000 0.000000 0.000000
vt 0.411463 0.171545 0.000000
vt -0.195216 0.196704 0.000000
vt 0.000000 0.000000 0.000000
vt -0.226753 0.228482 0.000000
vt -0.606679 0.025159 0.000000
vt 0.000000 0.000000 0.000000
vt 0.375638 0.211140 0.000000
vt -0.230618 0.180943 0.000000
vt 0.000000 0.000000 0.000000
vt -0.267875 0.210175 0.000000
vt -0.606257 -0.030196 0.000000
vt 0.000000 0.000000 0.000000
vt 0.331692 0.249522 0.000000
vt -0.263213 0.160269 0.000000
vt 0.000000 0.000000 0.000000
vt -0.305735 0.186161 0.000000
vt -0.594905 -0.089253 0.000000
vt 0.000000 0.000000 0.000000
vt 0.279661 0.285064 0.000000
vt -0.291929 0.134397 0.000000
vt 0.000000 0.000000 0.000000
vt -0.339091 0.156109 0.000000
vt -0.571590 -0.150667 0.000000
vt 0.000000 0.000000 0.000000
vt 0.220031 0.315838 0.000000
vt -0.315564 0.103479 0.000000
vt 0.000000 0.000000 0.000000
vt -0.366543 0.120196 0.000000
vt -0.535594 -0.212359 0.000000
vt 0.000000 0.000000 0.000000
vt 0.153881 0.339841 0.000000
vt -0.332905 0.068207 0.000000
vt 0.000000 0.000000 0.000000
vt -0.386686 0.079226 0.000000
vt -0.486786 -0.271634 0.000000
vt 0.000000 0.000000 0.000000
vt 0.082920 0.355313 0.000000
vt -0.342923 0.029824 0.000000
vt 0.000000 0.000000 0.000000
vt -0.398322 0.034643 0.000000
vt -0.425844 -0.325488 0.000000
vt 0.000000 0.000000 0.000000
vt 0.009403 0.361058 0.000000
vt -0.344962 -0.009982 0.000000
vt -0.000000 0.000000 0.000000
vt -0.400690 -0.011594 0.000000
vt -0.354365 -0.371040 0.000000
vt -0.000000 0.000000 0.000000
vt -0.064125 0.356701 0.000000
vt -0.338881 -0.049307 0.000000
vt -0.000000 0.000000 0.000000
vt -0.393628 -0.057273 0.000000
vt -0.274756 -0.406008 0.000000
vt -0.000000 0.000000 0.000000
vt -0.135160 0.342751 0.000000
vt -0.325092 -0.086322 0.000000
vt -0.000000 0.000000 0.000000
vt -0.377610 -0.100268 0.000000
vt -0.189932 -0.429073 0.000000
vt -0.000000 0.000000 0.000000
vt -0.201557 0.320485 0.000000
vt -0.304459 -0.119539 0.000000
vt -0.000000 0.000000 0.000000
vt -0.353645 -0.138850 0.000000
vt -0.102902 -0.440024 0.000000
vt -0.000000 0.000000 0.000000
vt -0.261736 0.291671 0.000000
vt -0.278130 -0.147985 0.000000
vt -0.000000 0.000000 0.000000
vt -0.323062 -0.171892 0.000000
vt -0.016393 -0.439656 0.000000
vt -0.000000 0.000000 0.000000
vt -0.314731 0.258239 0.000000
vt -0.247329 -0.171247 0.000000
vt -0.000000 0.000000 0.000000
vt -0.287285 -0.198912 0.000000
vt 0.067401 -0.429486 0.000000
vt -0.000000 0.000000 0.000000
vt -0.360111 0.222006 0.000000
vt -0.213209 -0.189407 0.000000
vt -0.000000 0.000000 0.000000
vt -0.247653 -0.220005 0.000000
vt 0.146902 -0.411413 0.000000
vt -0.000000 0.000000 0.000000
vt -0.397847 0.184468 0.000000
vt -0.176742 -0.202916 0.000000
vt -0.000000 0.000000 0.000000
vt -0.205295 -0.235697 0.000000
vt 0.221105 -0.387384 0.000000
vt -0.000000 0.000000 0.000000
vt -0.428142 0.146698 0.000000
vt -0.138698 -0.212447 0.000000
vt -0.000000 0.000000 0.000000
vt -0.161105 -0.246768 0.000000
vt 0.289444 -0.359146 0.000000
vt -0.000000 0.000000 0.000000
vt -0.451300 0.109322 0.000000
vt -0.099648 -0.218746 0.000000
vt -0.000000 0.000000 0.000000
vt -0.115745 -0.254085 0.000000
vt 0.351652 -0.328068 0.000000
vt -0.000000 0.000000 0.000000
vt -0.467623 0.072543 0.000000
vt -0.059995 -0.222501 0.000000
vt -0.000000 0.000000 0.000000
vt -0.069688 -0.258446 0.000000
vt 0.407627 -0.295044 0.000000
vt -0.000000 0.000000 0.000000
vt -0.477344 0.036226 0.000000
vt -0.020031 -0.224237 0.000000
vt -0.000000 0.000000 0.000000
vt -0.023267 -0.260463 0.000000
vt 0.457313 -0.260463 0.000000
vt -0.000000 0.000000 0.000000
vt -0.455766 0.000000 0.000000
vt 0.021515 -0.260613 0.000000
vt -0.000000 0.000000 0.000000
vt 0.024139 -0.292401 0.000000
vt 0.477281 -0.260613 0.000000
vt -0.000000 0.000000 0.000000
vt -0.453108 -0.032260 0.000000
vt 0.064568 -0.259773 0.000000
vt -0.000000 0.000000 0.000000
vt 0.072443 -0.291457 0.000000
vt 0.517677 -0.227512 0.000000
vt -0.000000 0.000000 0.000000
vt -0.444966 -0.065783 0.000000
vt 0.107659 -0.257615 0.000000
vt -0.000000 0.000000 0.000000
vt 0.120791 -0.289036 0.000000
vt 0.552625 -0.191832 0.000000
vt -0.000000 0.000000 0.000000
vt -0.430929 -0.101139 0.000000
vt 0.150719 -0.253245 0.000000
vt -0.000000 0.000000 0.000000
vt 0.169102 -0.284133 0.000000
vt 0.581648 -0.152106 0.000000
vt -0.000000 0.000000 0.000000
vt -0.410406 -0.138536 0.000000
vt 0.193515 -0.245460 0.000000
vt -0.000000 0.000000 0.000000
vt 0.217118 -0.275399 0.000000
vt 0.603921 -0.106924 0.000000
vt -0.000000 0.000000 0.000000
vt -0.382657 -0.177692 0.000000
vt 0.235575 -0.232891 0.000000
vt -0.000000 0.000000 0.000000
vt 0.264309 -0.261297 0.000000
vt 0.618232 -0.055199 0.000000
vt -0.000000 0.000000 0.000000
vt -0.346889 -0.217730 0.000000
vt 0.276089 -0.214181 0.000000
vt -0.000000 0.000000 0.000000
vt 0.309766 -0.240305 0.000000
vt 0.622979 0.003549 0.000000
vt -0.000000 0.000000 0.000000
vt -0.302423 -0.257114 0.000000
vt 0.313836 -0.188210 0.000000
vt -0.000000 0.000000 0.000000
vt 0.352115 -0.211165 0.000000
vt 0.616259 0.068904 0.000000
vt -0.000000 0.000000 0.000000
vt -0.248955 -0.293655 0.000000
vt 0.347149 -0.154375 0.000000
vt -0.000000 0.000000 0.000000
vt 0.389490 -0.173205 0.000000
vt 0.596104 0.139279 0.000000
vt -0.000000 0.000000 0.000000
vt -0.186868 -0.324678 0.000000
vt 0.374028 -0.112898 0.000000
vt -0.000000 0.000000 0.000000
vt 0.419649 -0.126668 0.000000
vt 0.560895 0.211780 0.000000
vt -0.000000 0.000000 0.000000
vt -0.117527 -0.347398 0.000000
vt 0.392416 -0.065057 0.000000
vt -0.000000 0.000000 0.000000
vt 0.440280 -0.072992 0.000000
vt 0.509943 0.282341 0.000000
vt -0.000000 0.000000 0.000000
vt -0.043373 -0.359490 0.000000
vt 0.400640 -0.013222 0.000000
vt -0.000000 0.000000 0.000000
vt 0.449507 -0.014835 0.000000
vt 0.444013 0.346267 0.000000
vt -0.000000 0.000000 0.000000
vt 0.032332 -0.359694 0.000000
vt 0.397875 0.039455 0.000000
vt 0.000000 0.000000 0.000000
vt 0.446404 0.044266 0.000000
vt 0.365543 0.399148 0.000000
vt 0.000000 0.000000 0.000000
vt 0.106089 -0.348174 0.000000
vt 0.384403 0.089649 0.000000
vt 0.000000 0.000000 0.000000
vt 0.431289 0.100583 0.000000
vt 0.278314 0.437822 0.000000
vt 0.000000 0.000000 0.000000
vt 0.174833 -0.326443 0.000000
vt 0.361525 0.134538 0.000000
vt 0.000000 0.000000 0.000000
vt 0.405620 0.150948 0.000000
vt 0.186692 0.460982 0.000000
vt 0.000000 0.000000 0.000000
vt 0.236418 -0.296912 0.000000
vt 0.331166 0.172285 0.000000
vt 0.000000 0.000000 0.000000
vt 0.371558 0.193299 0.000000
vt 0.094747 0.469197 0.000000
vt 0.000000 0.000000 0.000000
vt 0.289744 -0.262283 0.000000
vt 0.295403 0.202156 0.000000
vt 0.000000 0.000000 0.000000
vt 0.331434 0.226813 0.000000
vt 0.005660 0.464439 0.000000
vt 0.000000 0.000000 0.000000
vt 0.334587 -0.225049 0.000000
vt 0.256091 0.224382 0.000000
vt 0.000000 0.000000 0.000000
vt 0.287327 0.251750 0.000000
vt -0.078496 0.449431 0.000000
vt 0.000000 0.000000 0.000000
vt 0.371300 -0.187190 0.000000
vt 0.214679 0.239862 0.000000
vt 0.000000 0.000000 0.000000
vt 0.240863 0.269117 0.000000
vt -0.156621 0.427052 0.000000
vt 0.000000 0.000000 0.000000
vt 0.400522 -0.150064 0.000000
vt 0.172172 0.249863 0.000000
vt 0.000000 0.000000 0.000000
vt 0.193173 0.280339 0.000000
vt -0.228350 0.399927 0.000000
vt 0.000000 0.000000 0.000000
vt 0.422958 -0.114406 0.000000
vt 0.129203 0.255776 0.000000
vt 0.000000 0.000000 0.000000
vt 0.144962 0.286973 0.000000
vt -0.293755 0.370182 0.000000
vt 0.000000 0.000000 0.000000
vt 0.439240 -0.080400 0.000000
vt 0.086111 0.258906 0.000000
vt 0.000000 0.000000 0.000000
vt 0.096614 0.290484 0.000000
vt -0.353129 0.339306 0.000000
vt 0.000000 0.000000 0.000000
vt 0.449856 -0.047770 0.000000
vt 0.043037 0.260317 0.000000
vt 0.000000 0.000000 0.000000
vt 0.048286 0.292068 0.000000
vt -0.406820 0.308087 0.000000
vt 0.000000 0.000000 0.000000
vt -0.000000 0.292506 0.000000
vt -0.455110 0.276606 0.000000
vt 0.000000 0.000000 0.000000
vt -0.455110 0.015899 0.000000
vt 0.455105 0.016018 0.000000
vt -0.043037 0.260317 0.000000
vt 0.000000 0.000000 0.000000
vt -0.048286 0.292068 0.000000
vt -0.498142 0.244299 0.000000
vt 0.000000 0.000000 0.000000
vt 0.449743 0.048821 0.000000
vt -0.086111 0.258906 0.000000
vt 0.000000 0.000000 0.000000
vt -0.096614 0.290484 0.000000
vt -0.535854 0.210084 0.000000
vt 0.000000 0.000000 0.000000
vt 0.438717 0.083208 0.000000
vt -0.129203 0.255776 0.000000
vt 0.000000 0.000000 0.000000
vt -0.144962 0.286973 0.000000
vt -0.567920 0.172567 0.000000
vt 0.000000 0.000000 0.000000
vt 0.421523 0.119587 0.000000
vt -0.172172 0.249863 0.000000
vt 0.000000 0.000000 0.000000
vt -0.193173 0.280339 0.000000
vt -0.593695 0.130275 0.000000
vt 0.000000 0.000000 0.000000
vt 0.397485 0.157934 0.000000
vt -0.214679 0.239862 0.000000
vt 0.000000 0.000000 0.000000
vt -0.240863 0.269117 0.000000
vt -0.612164 0.081927 0.000000
vt 0.000000 0.000000 0.000000
vt 0.365823 0.197681 0.000000
vt -0.256092 0.224382 0.000000
vt 0.000000 0.000000 0.000000
vt -0.287327 0.251750 0.000000
vt -0.621914 0.026701 0.000000
vt 0.000000 0.000000 0.000000
vt 0.325775 0.237626 0.000000
vt -0.295403 0.202156 0.000000
vt 0.000000 0.000000 0.000000
vt -0.331434 0.226813 0.000000
vt -0.621178 -0.035471 0.000000
vt 0.000000 0.000000 0.000000
vt 0.276811 0.275898 0.000000
vt -0.331166 0.172285 0.000000
vt 0.000000 0.000000 0.000000
vt -0.371558 0.193299 0.000000
vt -0.607976 -0.103613 0.000000
vt 0.000000 0.000000 0.000000
vt 0.218928 0.310034 0.000000
vt -0.361525 0.134538 0.000000
vt 0.000000 0.000000 0.000000
vt -0.405620 0.150948 0.000000
vt -0.580453 -0.175495 0.000000
vt 0.000000 0.000000 0.000000
vt 0.152975 0.337239 0.000000
vt -0.384403 0.089648 0.000000
vt 0.000000 0.000000 0.000000
vt -0.431289 0.100583 0.000000
vt -0.537379 -0.247591 0.000000
vt 0.000000 0.000000 0.000000
vt 0.080862 0.354882 0.000000
vt -0.397875 0.039454 0.000000
vt 0.000000 0.000000 0.000000
vt -0.446404 0.044266 0.000000
vt -0.478736 -0.315428 0.000000
vt 0.000000 0.000000 0.000000
vt 0.005493 0.361103 0.000000
vt -0.400640 -0.013222 0.000000
vt -0.000000 0.000000 0.000000
vt -0.449507 -0.014835 0.000000
vt -0.406133 -0.374325 0.000000
vt -0.000000 0.000000 0.000000
vt -0.069663 0.355333 0.000000
vt -0.392416 -0.065057 0.000000
vt -0.000000 0.000000 0.000000
vt -0.440280 -0.072992 0.000000
vt -0.322753 -0.420389 0.000000
vt -0.000000 0.000000 0.000000
vt -0.141247 0.338448 0.000000
vt -0.374028 -0.112898 0.000000
vt -0.000000 0.000000 0.000000
vt -0.419649 -0.126668 0.000000
vt -0.232782 -0.451346 0.000000
vt -0.000000 0.000000 0.000000
vt -0.206613 0.312484 0.000000
vt -0.347149 -0.154375 0.000000
vt -0.000000 0.000000 0.000000
vt -0.389490 -0.173205 0.000000
vt -0.140535 -0.466859 0.000000
vt -0.000000 0.000000 0.000000
vt -0.264145 0.280070 0.000000
vt -0.313836 -0.188210 0.000000
vt -0.000000 0.000000 0.000000
vt -0.352115 -0.211165 0.000000
vt -0.049691 -0.468279 0.000000
vt -0.000000 0.000000 0.000000
vt -0.313213 0.243854 0.000000
vt -0.276089 -0.214181 0.000000
vt -0.000000 0.000000 0.000000
vt -0.309766 -0.240305 0.000000
vt 0.037123 -0.458035 0.000000
vt -0.000000 0.000000 0.000000
vt -0.353924 0.206098 0.000000
vt -0.235575 -0.232891 0.000000
vt -0.000000 0.000000 0.000000
vt -0.264308 -0.261297 0.000000
vt 0.118349 -0.438989 0.000000
vt -0.000000 0.000000 0.000000
vt -0.386803 0.168475 0.000000
vt -0.193515 -0.245460 0.000000
vt -0.000000 0.000000 0.000000
vt -0.217118 -0.275399 0.000000
vt 0.193288 -0.413935 0.000000
vt -0.000000 0.000000 0.000000
vt -0.412546 0.132028 0.000000
vt -0.150719 -0.253245 0.000000
vt -0.000000 0.000000 0.000000
vt -0.169102 -0.284133 0.000000
vt 0.261827 -0.385273 0.000000
vt -0.000000 0.000000 0.000000
vt -0.431834 0.097205 0.000000
vt -0.107659 -0.257615 0.000000
vt -0.000000 0.000000 0.000000
vt -0.120791 -0.289036 0.000000
vt 0.324175 -0.354819 0.000000
vt -0.000000 0.000000 0.000000
vt -0.445233 0.063945 0.000000
vt -0.064568 -0.259773 0.000000
vt -0.000000 0.000000 0.000000
vt -0.072443 -0.291457 0.000000
vt 0.380665 -0.323718 0.000000
vt -0.000000 0.000000 0.000000
vt -0.453142 0.031787 0.000000
vt -0.021515 -0.260613 0.000000
vt -0.000000 0.000000 0.000000
vt -0.024139 -0.292401 0.000000
vt 0.431627 -0.292401 0.000000
vt -0.000000 0.000000 0.000000
vt -0.430443 -0.000000 0.000000
vt 0.021537 -0.292604 0.000000
vt -0.000000 0.000000 0.000000
vt 0.023510 -0.319407 0.000000
vt 0.451980 -0.292604 0.000000
vt -0.000000 0.000000 0.000000
vt -0.428436 -0.027351 0.000000
vt 0.064786 -0.293255 0.000000
vt -0.000000 0.000000 0.000000
vt 0.070720 -0.320117 0.000000
vt 0.493221 -0.265904 0.000000
vt -0.000000 0.000000 0.000000
vt -0.422221 -0.056354 0.000000
vt 0.108539 -0.293857 0.000000
vt -0.000000 0.000000 0.000000
vt 0.118481 -0.320774 0.000000
vt 0.530759 -0.237503 0.000000
vt -0.000000 0.000000 0.000000
vt -0.411315 -0.087907 0.000000
vt 0.153052 -0.293091 0.000000
vt -0.000000 0.000000 0.000000
vt 0.167072 -0.319939 0.000000
vt 0.564367 -0.205184 0.000000
vt -0.000000 0.000000 0.000000
vt -0.394957 -0.122561 0.000000
vt 0.198434 -0.289152 0.000000
vt -0.000000 0.000000 0.000000
vt 0.216611 -0.315639 0.000000
vt 0.593391 -0.166591 0.000000
vt -0.000000 0.000000 0.000000
vt -0.372097 -0.160381 0.000000
vt 0.244528 -0.279895 0.000000
vt -0.000000 0.000000 0.000000
vt 0.266927 -0.305534 0.000000
vt 0.616626 -0.119513 0.000000
vt -0.000000 0.000000 0.000000
vt -0.341429 -0.200795 0.000000
vt 0.290736 -0.263009 0.000000
vt -0.000000 0.000000 0.000000
vt 0.317368 -0.287100 0.000000
vt 0.632165 -0.062214 0.000000
vt -0.000000 0.000000 0.000000
vt -0.301523 -0.242395 0.000000
vt 0.335790 -0.236263 0.000000
vt -0.000000 0.000000 0.000000
vt 0.366549 -0.257905 0.000000
vt 0.637313 0.006132 0.000000
vt -0.000000 0.000000 0.000000
vt -0.251148 -0.282761 0.000000
vt 0.377525 -0.197933 0.000000
vt -0.000000 0.000000 0.000000
vt 0.412108 -0.216063 0.000000
vt 0.628673 0.084828 0.000000
vt -0.000000 0.000000 0.000000
vt -0.189844 -0.318427 0.000000
vt 0.412811 -0.147434 0.000000
vt -0.000000 0.000000 0.000000
vt 0.450625 -0.160939 0.000000
vt 0.602656 0.170993 0.000000
vt -0.000000 0.000000 0.000000
vt -0.118657 -0.345272 0.000000
vt 0.437906 -0.086096 0.000000
vt -0.000000 0.000000 0.000000
vt 0.478018 -0.093983 0.000000
vt 0.556563 0.259176 0.000000
vt -0.000000 0.000000 0.000000
vt -0.040640 -0.359497 0.000000
vt 0.449407 -0.017607 0.000000
vt -0.000000 0.000000 0.000000
vt 0.490573 -0.019219 0.000000
vt 0.490046 0.341891 0.000000
vt -0.000000 0.000000 0.000000
vt 0.039423 -0.358952 0.000000
vt 0.445519 0.052426 0.000000
vt 0.000000 0.000000 0.000000
vt 0.486329 0.057228 0.000000
vt 0.406096 0.411378 0.000000
vt 0.000000 0.000000 0.000000
vt 0.116243 -0.344016 0.000000
vt 0.426868 0.117945 0.000000
vt 0.000000 0.000000 0.000000
vt 0.465969 0.128749 0.000000
vt 0.310626 0.461962 0.000000
vt 0.000000 0.000000 0.000000
vt 0.185547 -0.317387 0.000000
vt 0.396202 0.174174 0.000000
vt 0.000000 0.000000 0.000000
vt 0.432495 0.190129 0.000000
vt 0.210655 0.491561 0.000000
vt 0.000000 0.000000 0.000000
vt 0.244975 -0.282951 0.000000
vt 0.357247 0.218619 0.000000
vt 0.000000 0.000000 0.000000
vt 0.389972 0.238644 0.000000
vt 0.112273 0.501570 0.000000
vt 0.000000 0.000000 0.000000
vt 0.293999 -0.244564 0.000000
vt 0.313520 0.250994 0.000000
vt 0.000000 0.000000 0.000000
vt 0.342238 0.273986 0.000000
vt 0.019520 0.495558 0.000000
vt 0.000000 0.000000 0.000000
vt 0.333309 -0.205295 0.000000
vt 0.267678 0.272550 0.000000
vt 0.000000 0.000000 0.000000
vt 0.292197 0.297517 0.000000
vt -0.065632 0.477846 0.000000
vt 0.000000 0.000000 0.000000
vt 0.364134 -0.167230 0.000000
vt 0.221417 0.285331 0.000000
vt 0.000000 0.000000 0.000000
vt 0.241699 0.311468 0.000000
vt -0.142717 0.452562 0.000000
vt 0.000000 0.000000 0.000000
vt 0.387788 -0.131545 0.000000
vt 0.175636 0.291646 0.000000
vt 0.000000 0.000000 0.000000
vt 0.191724 0.318361 0.000000
vt -0.212152 0.423191 0.000000
vt 0.000000 0.000000 0.000000
vt 0.405424 -0.098675 0.000000
vt 0.130689 0.293748 0.000000
vt 0.000000 0.000000 0.000000
vt 0.142660 0.320656 0.000000
vt -0.274735 0.392424 0.000000
vt 0.000000 0.000000 0.000000
vt 0.417947 -0.068480 0.000000
vt 0.086581 0.293631 0.000000
vt 0.000000 0.000000 0.000000
vt 0.094512 0.320528 0.000000
vt -0.331367 0.362111 0.000000
vt 0.000000 0.000000 0.000000
vt 0.425996 -0.040362 0.000000
vt 0.043118 0.292876 0.000000
vt 0.000000 0.000000 0.000000
vt 0.047068 0.319704 0.000000
vt -0.382878 0.333238 0.000000
vt 0.000000 0.000000 0.000000
vt -0.000000 0.319299 0.000000
vt -0.429950 0.305903 0.000000
vt 0.000000 0.000000 0.000000
vt -0.429950 0.013397 0.000000
vt 0.429945 0.013535 0.000000
vt -0.043118 0.292876 0.000000
vt 0.000000 0.000000 0.000000
vt -0.047068 0.319704 0.000000
vt -0.473063 0.279341 0.000000
vt 0.000000 0.000000 0.000000
vt 0.425878 0.041583 0.000000
vt -0.086581 0.293631 0.000000
vt 0.000000 0.000000 0.000000
vt -0.094512 0.320528 0.000000
vt -0.512459 0.252048 0.000000
vt 0.000000 0.000000 0.000000
vt 0.417395 0.071768 0.000000
vt -0.130689 0.293748 0.000000
vt 0.000000 0.000000 0.000000
vt -0.142660 0.320656 0.000000
vt -0.548084 0.221980 0.000000
vt 0.000000 0.000000 0.000000
vt 0.403876 0.104830 0.000000
vt -0.175636 0.291646 0.000000
vt 0.000000 0.000000 0.000000
vt -0.191725 0.318361 0.000000
vt -0.579513 0.186817 0.000000
vt 0.000000 0.000000 0.000000
vt 0.384417 0.141094 0.000000
vt -0.221417 0.285331 0.000000
vt 0.000000 0.000000 0.000000
vt -0.241699 0.311468 0.000000
vt -0.605833 0.144237 0.000000
vt 0.000000 0.000000 0.000000
vt 0.357828 0.180329 0.000000
vt -0.267678 0.272551 0.000000
vt 0.000000 0.000000 0.000000
vt -0.292197 0.297517 0.000000
vt -0.625506 0.092221 0.000000
vt 0.000000 0.000000 0.000000
vt 0.322718 0.221572 0.000000
vt -0.313520 0.250994 0.000000
vt 0.000000 0.000000 0.000000
vt -0.342239 0.273985 0.000000
vt -0.636238 0.029422 0.000000
vt 0.000000 0.000000 0.000000
vt 0.277699 0.262926 0.000000
vt -0.357247 0.218619 0.000000
vt 0.000000 0.000000 0.000000
vt -0.389972 0.238644 0.000000
vt -0.634947 -0.044307 0.000000
vt 0.000000 0.000000 0.000000
vt 0.221840 0.301432 0.000000
vt -0.396202 0.174174 0.000000
vt 0.000000 0.000000 0.000000
vt -0.432495 0.190129 0.000000
vt -0.618042 -0.127258 0.000000
vt 0.000000 0.000000 0.000000
vt 0.155344 0.333212 0.000000
vt -0.426868 0.117945 0.000000
vt 0.000000 0.000000 0.000000
vt -0.465969 0.128749 0.000000
vt -0.582212 -0.215267 0.000000
vt 0.000000 0.000000 0.000000
vt 0.080233 0.354150 0.000000
vt -0.445519 0.052426 0.000000
vt 0.000000 0.000000 0.000000
vt -0.486329 0.057228 0.000000
vt -0.525752 -0.301724 0.000000
vt 0.000000 0.000000 0.000000
vt 0.000526 0.361110 0.000000
vt -0.449407 -0.017607 0.000000
vt -0.000000 0.000000 0.000000
vt -0.490573 -0.019219 0.000000
vt -0.449933 -0.378717 0.000000
vt -0.000000 0.000000 0.000000
vt -0.078544 0.353158 0.000000
vt -0.437906 -0.086096 0.000000
vt -0.000000 0.000000 0.000000
vt -0.478018 -0.093983 0.000000
vt -0.359361 -0.439254 0.000000
vt -0.000000 0.000000 0.000000
vt -0.152030 0.331932 0.000000
vt -0.412811 -0.147434 0.000000
vt -0.000000 0.000000 0.000000
vt -0.450625 -0.160940 0.000000
vt -0.260781 -0.479366 0.000000
vt -0.000000 0.000000 0.000000
vt -0.216566 0.300891 0.000000
vt -0.377525 -0.197933 0.000000
vt -0.000000 0.000000 0.000000
vt -0.412108 -0.216063 0.000000
vt -0.160960 -0.498824 0.000000
vt -0.000000 0.000000 0.000000
vt -0.270764 0.264037 0.000000
vt -0.335791 -0.236263 0.000000
vt -0.000000 0.000000 0.000000
vt -0.366549 -0.257905 0.000000
vt -0.065026 -0.500300 0.000000
vt -0.000000 0.000000 0.000000
vt -0.314798 0.224886 0.000000
vt -0.290736 -0.263009 0.000000
vt -0.000000 0.000000 0.000000
vt -0.317368 -0.287100 0.000000
vt 0.024061 -0.487895 0.000000
vt -0.000000 0.000000 0.000000
vt -0.349698 0.186020 0.000000
vt -0.244528 -0.279895 0.000000
vt -0.000000 0.000000 0.000000
vt -0.266927 -0.305534 0.000000
vt 0.105170 -0.465915 0.000000
vt -0.000000 0.000000 0.000000
vt -0.376780 0.149048 0.000000
vt -0.198434 -0.289152 0.000000
vt -0.000000 0.000000 0.000000
vt -0.216610 -0.315639 0.000000
vt 0.178347 -0.438200 0.000000
vt -0.000000 0.000000 0.000000
vt -0.397295 0.114755 0.000000
vt -0.153052 -0.293091 0.000000
vt -0.000000 0.000000 0.000000
vt -0.167072 -0.319939 0.000000
vt 0.244243 -0.407846 0.000000
vt -0.000000 0.000000 0.000000
vt -0.412278 0.083271 0.000000
vt -0.108538 -0.293857 0.000000
vt -0.000000 0.000000 0.000000
vt -0.118481 -0.320774 0.000000
vt 0.303740 -0.377128 0.000000
vt -0.000000 0.000000 0.000000
vt -0.422501 0.054213 0.000000
vt -0.064786 -0.293255 0.000000
vt -0.000000 0.000000 0.000000
vt -0.070720 -0.320117 0.000000
vt 0.357716 -0.347468 0.000000
vt -0.000000 0.000000 0.000000
vt -0.428470 0.026803 0.000000
vt -0.021537 -0.292604 0.000000
vt -0.000000 0.000000 0.000000
vt -0.023510 -0.319407 0.000000
vt 0.406934 -0.319407 0.000000
vt -0.000000 0.000000 0.000000
vt -0.406399 0.000000 0.000000
vt 0.019823 -0.319657 0.000000
vt -0.000000 0.000000 0.000000
vt 0.021147 -0.341011 0.000000
vt 0.426222 -0.319657 0.000000
vt -0.000000 0.000000 0.000000
vt -0.405044 -0.021925 0.000000
vt 0.059791 -0.322338 0.000000
vt -0.000000 0.000000 0.000000
vt 0.063786 -0.343871 0.000000
vt 0.464835 -0.300413 0.000000
vt -0.000000 0.000000 0.000000
vt -0.400800 -0.045704 0.000000
vt 0.100722 -0.326785 0.000000
vt -0.000000 0.000000 0.000000
vt 0.107451 -0.348616 0.000000
vt 0.501522 -0.281081 0.000000
vt -0.000000 0.000000 0.000000
vt -0.393194 -0.072466 0.000000
vt 0.143248 -0.331291 0.000000
vt -0.000000 0.000000 0.000000
vt 0.152818 -0.353423 0.000000
vt 0.536443 -0.258825 0.000000
vt -0.000000 0.000000 0.000000
vt -0.381430 -0.103092 0.000000
vt 0.187955 -0.333498 0.000000
vt -0.000000 0.000000 0.000000
vt 0.200511 -0.355778 0.000000
vt 0.569384 -0.230408 0.000000
vt -0.000000 0.000000 0.000000
vt -0.364291 -0.138120 0.000000
vt 0.235283 -0.330519 0.000000
vt -0.000000 0.000000 0.000000
vt 0.251001 -0.352599 0.000000
vt 0.599574 -0.192398 0.000000
vt -0.000000 0.000000 0.000000
vt -0.340039 -0.177598 0.000000
vt 0.285318 -0.318971 0.000000
vt -0.000000 0.000000 0.000000
vt 0.304378 -0.340280 0.000000
vt 0.625357 -0.141374 0.000000
vt -0.000000 0.000000 0.000000
vt -0.306357 -0.220764 0.000000
vt 0.337369 -0.295051 0.000000
vt -0.000000 0.000000 0.000000
vt 0.359907 -0.314762 0.000000
vt 0.643726 -0.074287 0.000000
vt -0.000000 0.000000 0.000000
vt -0.260535 -0.265524 0.000000
vt 0.389312 -0.254857 0.000000
vt -0.000000 0.000000 0.000000
vt 0.415319 -0.271883 0.000000
vt 0.649847 0.010666 0.000000
vt -0.000000 0.000000 0.000000
vt 0.356083 -0.089677 0.000000
vt 0.043325 0.476537 0.000000
vt 0.000000 -0.000000 0.000000
vt 0.046219 0.508372 0.000000
vt -0.312759 0.566214 0.000000
vt 0.000000 -0.000000 0.000000
vt 0.359079 -0.057208 0.000000
vt 0.023713 0.486592 0.000000
vt 0.000000 -0.000000 0.000000
vt 0.025297 0.519099 0.000000
vt -0.335366 0.543800 0.000000
vt 0.000000 -0.000000 0.000000
vt 0.360671 -0.024588 0.000000
vt 0.004712 0.490926 0.000000
vt 0.000000 -0.000000 0.000000
vt 0.005028 0.523722 0.000000
vt -0.355958 0.515514 0.000000
vt 0.000000 -0.000000 0.000000
vt 0.360985 0.008221 0.000000
vt -0.014168 0.489480 0.000000
vt 0.000000 0.000000 0.000000
vt -0.015114 0.522179 0.000000
vt -0.375153 0.481259 0.000000
vt 0.000000 0.000000 0.000000
vt 0.360003 0.041238 0.000000
vt -0.033410 0.482273 0.000000
vt 0.000000 0.000000 0.000000
vt -0.035642 0.514492 0.000000
vt -0.393413 0.441035 0.000000
vt 0.000000 0.000000 0.000000
vt 0.204632 -0.302525 0.000000
vt 0.413980 0.227643 0.000000
vt 0.000000 0.000000 0.000000
vt 0.441636 0.242850 0.000000
vt 0.209349 0.530168 0.000000
vt 0.000000 0.000000 0.000000
vt 0.260845 -0.261665 0.000000
vt 0.363567 0.277215 0.000000
vt 0.000000 0.000000 0.000000
vt 0.387854 0.295735 0.000000
vt 0.102721 0.538880 0.000000
vt 0.000000 0.000000 0.000000
vt 0.303754 -0.219441 0.000000
vt 0.311181 0.308807 0.000000
vt 0.000000 0.000000 0.000000
vt 0.331969 0.329436 0.000000
vt 0.007427 0.528248 0.000000
vt 0.000000 0.000000 0.000000
vt 0.335818 -0.179107 0.000000
vt 0.259980 0.326046 0.000000
vt 0.000000 0.000000 0.000000
vt 0.277348 0.347826 0.000000
vt -0.075838 0.505153 0.000000
vt 0.000000 0.000000 0.000000
vt 0.359513 -0.142275 0.000000
vt 0.211275 0.332857 0.000000
vt 0.000000 0.000000 0.000000
vt 0.225389 0.355094 0.000000
vt -0.148239 0.475132 0.000000
vt 0.000000 0.000000 0.000000
vt 0.376854 -0.109489 0.000000
vt 0.165296 0.332850 0.000000
vt 0.000000 0.000000 0.000000
vt 0.176338 0.355087 0.000000
vt -0.211559 0.442339 0.000000
vt 0.000000 0.000000 0.000000
vt 0.389325 -0.080639 0.000000
vt 0.121747 0.329165 0.000000
vt 0.000000 0.000000 0.000000
vt 0.129881 0.351154 0.000000
vt -0.267577 0.409805 0.000000
vt 0.000000 0.000000 0.000000
vt 0.397955 -0.055181 0.000000
vt 0.080096 0.324431 0.000000
vt 0.000000 0.000000 0.000000
vt 0.085447 0.346104 0.000000
vt -0.317859 0.379611 0.000000
vt 0.000000 0.000000 0.000000
vt 0.403410 -0.032232 0.000000
vt 0.039727 0.320699 0.000000
vt 0.000000 0.000000 0.000000
vt 0.042380 0.342122 0.000000
vt -0.363683 0.352931 0.000000
vt 0.000000 0.000000 0.000000
vt -0.000000 0.340630 0.000000
vt -0.406067 0.329965 0.000000
vt 0.000000 0.000000 0.000000
vt -0.406067 0.010665 0.000000
vt 0.406063 0.010808 0.000000
vt -0.039727 0.320699 0.000000
vt 0.000000 0.000000 0.000000
vt -0.042380 0.342122 0.000000
vt -0.445790 0.309890 0.000000
vt 0.000000 0.000000 0.000000
vt 0.403306 0.033507 0.000000
vt -0.080096 0.324431 0.000000
vt 0.000000 0.000000 0.000000
vt -0.085447 0.346104 0.000000
vt -0.483402 0.290923 0.000000
vt 0.000000 0.000000 0.000000
vt 0.397458 0.058650 0.000000
vt -0.121748 0.329165 0.000000
vt 0.000000 0.000000 0.000000
vt -0.129881 0.351155 0.000000
vt -0.519206 0.270515 0.000000
vt 0.000000 0.000000 0.000000
vt 0.387897 0.087252 0.000000
vt -0.165296 0.332851 0.000000
vt 0.000000 0.000000 0.000000
vt -0.176338 0.355087 0.000000
vt -0.553192 0.245598 0.000000
vt 0.000000 0.000000 0.000000
vt 0.373628 0.120039 0.000000
vt -0.211275 0.332857 0.000000
vt 0.000000 0.000000 0.000000
vt -0.225389 0.355094 0.000000
vt -0.584902 0.212818 0.000000
vt 0.000000 0.000000 0.000000
vt 0.353186 0.157327 0.000000
vt -0.259980 0.326045 0.000000
vt 0.000000 0.000000 0.000000
vt -0.277348 0.347827 0.000000
vt -0.613166 0.168719 0.000000
vt 0.000000 0.000000 0.000000
vt 0.324542 0.198811 0.000000
vt -0.311181 0.308807 0.000000
vt 0.000000 0.000000 0.000000
vt -0.331969 0.329437 0.000000
vt -0.635723 0.109996 0.000000
vt 0.000000 0.000000 0.000000
vt 0.285133 0.243146 0.000000
vt -0.363567 0.277215 0.000000
vt 0.000000 0.000000 0.000000
vt -0.387855 0.295734 0.000000
vt -0.648700 0.034069 0.000000
vt 0.000000 0.000000 0.000000
vt 0.232287 0.287318 0.000000
vt -0.413980 0.227643 0.000000
vt 0.000000 0.000000 0.000000
vt -0.441636 0.242850 0.000000
vt -0.646267 -0.059675 0.000000
vt 0.000000 0.000000 0.000000
vt -0.357771 0.073457 0.000000
vt -0.033410 -0.482273 0.000000
vt 0.000000 0.000000 0.000000
vt -0.035642 -0.514492 0.000000
vt 0.324360 -0.555730 0.000000
vt 0.000000 0.000000 0.000000
vt -0.360039 0.040920 0.000000
vt -0.014167 -0.489480 0.000000
vt 0.000000 0.000000 0.000000
vt -0.015114 -0.522179 0.000000
vt 0.345871 -0.530400 0.000000
vt 0.000000 0.000000 0.000000
vt -0.360986 0.008208 0.000000
vt 0.004713 -0.490926 0.000000
vt 0.000000 0.000000 0.000000
vt 0.005028 -0.523722 0.000000
vt 0.365698 -0.499135 0.000000
vt 0.000000 0.000000 0.000000
vt -0.360663 -0.024701 0.000000
vt 0.023713 -0.486592 0.000000
vt 0.000000 0.000000 0.000000
vt 0.025297 -0.519099 0.000000
vt 0.384376 -0.461891 0.000000
vt 0.000000 0.000000 0.000000
vt -0.358977 -0.057842 0.000000
vt 0.043325 -0.476537 0.000000
vt 0.000000 0.000000 0.000000
vt 0.046219 -0.508372 0.000000
vt 0.402302 -0.418695 0.000000
vt 0.000000 0.000000 0.000000
vt -0.234527 0.282549 0.000000
vt -0.389312 -0.254857 0.000000
vt -0.000000 0.000000 0.000000
vt -0.415319 -0.271883 0.000000
vt -0.154784 -0.537406 0.000000
vt -0.000000 0.000000 0.000000
vt -0.283819 0.240474 0.000000
vt -0.337369 -0.295051 0.000000
vt -0.000000 0.000000 0.000000
vt -0.359908 -0.314761 0.000000
vt -0.053551 -0.535526 0.000000
vt -0.000000 0.000000 0.000000
vt -0.320979 0.198907 0.000000
vt -0.285317 -0.318971 0.000000
vt -0.000000 0.000000 0.000000
vt -0.304378 -0.340280 0.000000
vt 0.035661 -0.517878 0.000000
vt -0.000000 0.000000 0.000000
vt -0.348574 0.160200 0.000000
vt -0.235284 -0.330519 0.000000
vt -0.000000 0.000000 0.000000
vt -0.251000 -0.352599 0.000000
vt 0.113291 -0.490719 0.000000
vt -0.000000 0.000000 0.000000
vt -0.368873 0.125370 0.000000
vt -0.187954 -0.333499 0.000000
vt -0.000000 0.000000 0.000000
vt -0.200512 -0.355778 0.000000
vt 0.180918 -0.458869 0.000000
vt -0.000000 0.000000 0.000000
vt -0.383625 0.094598 0.000000
vt -0.143248 -0.331291 0.000000
vt -0.000000 0.000000 0.000000
vt -0.152818 -0.353423 0.000000
vt 0.240376 -0.425889 0.000000
vt -0.000000 0.000000 0.000000
vt -0.394071 0.067535 0.000000
vt -0.100722 -0.326785 0.000000
vt -0.000000 0.000000 0.000000
vt -0.107451 -0.348616 0.000000
vt 0.293349 -0.394320 0.000000
vt -0.000000 0.000000 0.000000
vt -0.401049 0.043458 0.000000
vt -0.059791 -0.322338 0.000000
vt -0.000000 0.000000 0.000000
vt -0.063786 -0.343871 0.000000
vt 0.341258 -0.365796 0.000000
vt -0.000000 0.000000 0.000000
vt -0.405074 0.021354 0.000000
vt -0.019823 -0.319657 0.000000
vt -0.000000 0.000000 0.000000
vt -0.021147 -0.341011 0.000000
vt 0.385251 -0.341011 0.000000
vt -0.000000 0.000000 0.000000
vt -0.385656 -0.000000 0.000000
vt 0.016196 -0.341282 0.000000
vt -0.000000 0.000000 0.000000
vt 0.016933 -0.356814 0.000000
vt 0.401852 -0.341282 0.000000
vt -0.000000 0.000000 0.000000
vt -0.384898 -0.016046 0.000000
vt 0.048984 -0.346290 0.000000
vt -0.000000 0.000000 0.000000
vt 0.051214 -0.362049 0.000000
vt 0.433883 -0.330243 0.000000
vt -0.000000 0.000000 0.000000
vt -0.382494 -0.033847 0.000000
vt 0.082989 -0.355234 0.000000
vt -0.000000 0.000000 0.000000
vt 0.086766 -0.371402 0.000000
vt 0.465483 -0.321388 0.000000
vt -0.000000 0.000000 0.000000
vt -0.378088 -0.054564 0.000000
vt 0.119113 -0.366160 0.000000
vt -0.000000 0.000000 0.000000
vt 0.124533 -0.382824 0.000000
vt 0.497201 -0.311596 0.000000
vt -0.000000 0.000000 0.000000
vt -0.371040 -0.079272 0.000000
vt 0.158386 -0.376426 0.000000
vt -0.000000 0.000000 0.000000
vt 0.165595 -0.393557 0.000000
vt 0.529426 -0.297154 0.000000
vt -0.000000 0.000000 0.000000
vt -0.360266 -0.108975 0.000000
vt 0.201998 -0.382784 0.000000
vt -0.000000 0.000000 0.000000
vt 0.211192 -0.400206 0.000000
vt 0.562264 -0.273810 0.000000
vt -0.000000 0.000000 0.000000
vt -0.343977 -0.144595 0.000000
vt 0.251237 -0.381204 0.000000
vt -0.000000 0.000000 0.000000
vt 0.262671 -0.398552 0.000000
vt 0.595215 -0.236609 0.000000
vt -0.000000 0.000000 0.000000
vt -0.319261 -0.186770 0.000000
vt 0.307167 -0.366410 0.000000
vt -0.000000 0.000000 0.000000
vt 0.321146 -0.383086 0.000000
vt 0.626428 -0.179641 0.000000
vt -0.000000 0.000000 0.000000
vt 0.355866 -0.089140 0.000000
vt 0.050155 0.493857 0.000000
vt 0.000000 -0.000000 0.000000
vt 0.052438 0.516333 0.000000
vt -0.305711 0.582997 0.000000
vt 0.000000 -0.000000 0.000000
vt 0.358400 -0.065299 0.000000
vt 0.033730 0.509353 0.000000
vt 0.000000 -0.000000 0.000000
vt 0.035265 0.532534 0.000000
vt -0.324670 0.574652 0.000000
vt 0.000000 -0.000000 0.000000
vt 0.359996 -0.041600 0.000000
vt 0.018405 0.519389 0.000000
vt 0.000000 -0.000000 0.000000
vt 0.019243 0.543027 0.000000
vt -0.341591 0.560989 0.000000
vt 0.000000 -0.000000 0.000000
vt 0.360838 -0.017870 0.000000
vt 0.003653 0.523734 0.000000
vt 0.000000 -0.000000 0.000000
vt 0.003819 0.547569 0.000000
vt -0.357185 0.541604 0.000000
vt 0.000000 -0.000000 0.000000
vt 0.361004 0.005976 0.000000
vt -0.010987 0.522282 0.000000
vt 0.000000 0.000000 0.000000
vt -0.011487 0.546052 0.000000
vt -0.371991 0.516307 0.000000
vt 0.000000 0.000000 0.000000
vt 0.360482 0.030004 0.000000
vt -0.025965 0.515071 0.000000
vt 0.000000 0.000000 0.000000
vt -0.027147 0.538511 0.000000
vt -0.386448 0.485066 0.000000
vt 0.000000 0.000000 0.000000
vt 0.359169 0.054327 0.000000
vt -0.041768 0.502269 0.000000
vt 0.000000 0.000000 0.000000
vt -0.043669 0.525127 0.000000
vt -0.400937 0.447942 0.000000
vt 0.000000 0.000000 0.000000
vt 0.356832 0.079174 0.000000
vt -0.058979 0.484160 0.000000
vt 0.000000 0.000000 0.000000
vt -0.061663 0.506195 0.000000
vt -0.415811 0.404986 0.000000
vt 0.000000 0.000000 0.000000
vt 0.320246 -0.181953 0.000000
vt 0.278328 0.375853 0.000000
vt 0.000000 0.000000 0.000000
vt 0.290994 0.392959 0.000000
vt -0.041919 0.557806 0.000000
vt 0.000000 0.000000 0.000000
vt 0.342683 -0.143437 0.000000
vt 0.225836 0.383280 0.000000
vt 0.000000 0.000000 0.000000
vt 0.236113 0.400723 0.000000
vt -0.116848 0.526716 0.000000
vt 0.000000 0.000000 0.000000
vt 0.358037 -0.110746 0.000000
vt 0.179570 0.380324 0.000000
vt 0.000000 0.000000 0.000000
vt 0.187742 0.397633 0.000000
vt -0.178468 0.491070 0.000000
vt 0.000000 0.000000 0.000000
vt 0.368656 -0.083264 0.000000
vt 0.138283 0.371563 0.000000
vt 0.000000 0.000000 0.000000
vt 0.144578 0.388473 0.000000
vt -0.230371 0.454828 0.000000
vt 0.000000 0.000000 0.000000
vt 0.375989 -0.060183 0.000000
vt 0.100725 0.360601 0.000000
vt 0.000000 0.000000 0.000000
vt 0.105309 0.377012 0.000000
vt -0.275264 0.420784 0.000000
vt 0.000000 0.000000 0.000000
vt 0.380925 -0.040598 0.000000
vt 0.065781 0.350374 0.000000
vt 0.000000 0.000000 0.000000
vt 0.068774 0.366320 0.000000
vt -0.315144 0.390972 0.000000
vt 0.000000 0.000000 0.000000
vt 0.383991 -0.023499 0.000000
vt 0.032490 0.343203 0.000000
vt 0.000000 0.000000 0.000000
vt 0.033969 0.358822 0.000000
vt -0.351500 0.366702 0.000000
vt 0.000000 0.000000 0.000000
vt -0.000000 0.356132 0.000000
vt -0.385472 0.348381 0.000000
vt 0.000000 0.000000 0.000000
vt -0.385472 0.007751 0.000000
vt 0.385469 0.007880 0.000000
vt -0.032490 0.343203 0.000000
vt 0.000000 0.000000 0.000000
vt -0.033969 0.358822 0.000000
vt -0.417960 0.335323 0.000000
vt 0.000000 0.000000 0.000000
vt 0.383918 0.024652 0.000000
vt -0.065781 0.350374 0.000000
vt 0.000000 0.000000 0.000000
vt -0.068774 0.366319 0.000000
vt -0.449699 0.325722 0.000000
vt 0.000000 0.000000 0.000000
vt 0.380573 0.043772 0.000000
vt -0.100725 0.360601 0.000000
vt 0.000000 0.000000 0.000000
vt -0.105309 0.377012 0.000000
vt -0.481299 0.316829 0.000000
vt 0.000000 0.000000 0.000000
vt 0.374949 0.066355 0.000000
vt -0.138284 0.371563 0.000000
vt 0.000000 0.000000 0.000000
vt -0.144578 0.388473 0.000000
vt -0.513233 0.305209 0.000000
vt 0.000000 0.000000 0.000000
vt 0.366209 0.093438 0.000000
vt -0.179570 0.380324 0.000000
vt 0.000000 0.000000 0.000000
vt -0.187742 0.397632 0.000000
vt -0.545779 0.286886 0.000000
vt 0.000000 0.000000 0.000000
vt 0.352961 0.125993 0.000000
vt -0.225835 0.383280 0.000000
vt 0.000000 0.000000 0.000000
vt -0.236113 0.400723 0.000000
vt -0.578796 0.257287 0.000000
vt 0.000000 0.000000 0.000000
vt 0.332913 0.164847 0.000000
vt -0.278327 0.375854 0.000000
vt 0.000000 0.000000 0.000000
vt -0.290994 0.392959 0.000000
vt -0.611240 0.211006 0.000000
vt 0.000000 0.000000 0.000000
vt -0.354148 0.101209 0.000000
vt -0.058979 -0.484160 0.000000
vt 0.000000 0.000000 0.000000
vt -0.061663 -0.506195 0.000000
vt 0.295170 -0.585369 0.000000
vt 0.000000 0.000000 0.000000
vt -0.357268 0.077186 0.000000
vt -0.041768 -0.502269 0.000000
vt 0.000000 0.000000 0.000000
vt -0.043669 -0.525127 0.000000
vt 0.315500 -0.579455 0.000000
vt 0.000000 0.000000 0.000000
vt -0.359301 0.053445 0.000000
vt -0.025965 -0.515071 0.000000
vt 0.000000 0.000000 0.000000
vt -0.027147 -0.538511 0.000000
vt 0.333336 -0.568516 0.000000
vt 0.000000 0.000000 0.000000
vt -0.360504 0.029745 0.000000
vt -0.010987 -0.522282 0.000000
vt 0.000000 0.000000 0.000000
vt -0.011487 -0.546052 0.000000
vt 0.349517 -0.552028 0.000000
vt 0.000000 0.000000 0.000000
vt -0.361004 0.005966 0.000000
vt 0.003653 -0.523734 0.000000
vt 0.000000 0.000000 0.000000
vt 0.003819 -0.547569 0.000000
vt 0.364658 -0.529699 0.000000
vt 0.000000 0.000000 0.000000
vt -0.360834 -0.017962 0.000000
vt 0.018405 -0.519389 0.000000
vt 0.000000 0.000000 0.000000
vt 0.019243 -0.543027 0.000000
vt 0.379239 -0.501427 0.000000
vt 0.000000 0.000000 0.000000
vt -0.359935 -0.042119 0.000000
vt 0.033730 -0.509353 0.000000
vt 0.000000 0.000000 0.000000
vt 0.035265 -0.532534 0.000000
vt 0.393665 -0.467234 0.000000
vt 0.000000 0.000000 0.000000
vt -0.358149 -0.066664 0.000000
vt 0.050155 -0.493857 0.000000
vt 0.000000 0.000000 0.000000
vt 0.052438 -0.516333 0.000000
vt 0.408304 -0.427193 0.000000
vt 0.000000 0.000000 0.000000
vt -0.305282 0.203445 0.000000
vt -0.307167 -0.366411 0.000000
vt -0.000000 0.000000 0.000000
vt -0.321147 -0.383086 0.000000
vt -0.001886 -0.569856 0.000000
vt -0.000000 0.000000 0.000000
vt -0.332543 0.161943 0.000000
vt -0.251238 -0.381204 0.000000
vt -0.000000 0.000000 0.000000
vt -0.262671 -0.398553 0.000000
vt 0.081306 -0.543147 0.000000
vt -0.000000 0.000000 0.000000
vt -0.351073 0.126395 0.000000
vt -0.201998 -0.382785 0.000000
vt -0.000000 0.000000 0.000000
vt -0.211192 -0.400205 0.000000
vt 0.149074 -0.509180 0.000000
vt -0.000000 0.000000 0.000000
vt -0.363832 0.096403 0.000000
vt -0.158387 -0.376426 0.000000
vt -0.000000 0.000000 0.000000
vt -0.165594 -0.393557 0.000000
vt 0.205445 -0.472829 0.000000
vt -0.000000 0.000000 0.000000
vt -0.372667 0.071228 0.000000
vt -0.119113 -0.366160 0.000000
vt -0.000000 0.000000 0.000000
vt -0.124533 -0.382824 0.000000
vt 0.253555 -0.437388 0.000000
vt -0.000000 0.000000 0.000000
vt -0.378717 0.050014 0.000000
vt -0.082989 -0.355234 0.000000
vt -0.000000 0.000000 0.000000
vt -0.086766 -0.371402 0.000000
vt 0.295728 -0.405248 0.000000
vt -0.000000 0.000000 0.000000
vt -0.382669 0.031806 0.000000
vt -0.048984 -0.346290 0.000000
vt -0.000000 0.000000 0.000000
vt -0.051214 -0.362049 0.000000
vt 0.333685 -0.378096 0.000000
vt -0.000000 0.000000 0.000000
vt -0.384919 0.015532 0.000000
vt -0.016196 -0.341282 0.000000
vt -0.000000 0.000000 0.000000
vt -0.016933 -0.356814 0.000000
vt 0.368724 -0.356814 0.000000
vt -0.000000 0.000000 0.000000
vt -0.370289 0.000000 0.000000
vt 0.010703 -0.357055 0.000000
vt -0.000000 0.000000 0.000000
vt 0.010986 -0.366488 0.000000
vt 0.380993 -0.357055 0.000000
vt -0.000000 0.000000 0.000000
vt -0.369997 -0.009797 0.000000
vt 0.032449 -0.364211 0.000000
vt -0.000000 0.000000 0.000000
vt 0.033306 -0.373833 0.000000
vt 0.402446 -0.354414 0.000000
vt -0.000000 0.000000 0.000000
vt -0.369061 -0.020873 0.000000
vt 0.055248 -0.377379 0.000000
vt -0.000000 0.000000 0.000000
vt 0.056708 -0.387349 0.000000
vt 0.424309 -0.356507 0.000000
vt -0.000000 0.000000 0.000000
vt -0.367310 -0.034130 0.000000
vt 0.079947 -0.394552 0.000000
vt -0.000000 0.000000 0.000000
vt 0.082059 -0.404976 0.000000
vt 0.447257 -0.360422 0.000000
vt -0.000000 0.000000 0.000000
vt -0.364422 -0.050511 0.000000
vt 0.107640 -0.413185 0.000000
vt -0.000000 0.000000 0.000000
vt 0.110484 -0.424102 0.000000
vt 0.472062 -0.362674 0.000000
vt -0.000000 0.000000 0.000000
vt -0.359796 -0.071123 0.000000
vt 0.139848 -0.430359 0.000000
vt -0.000000 0.000000 0.000000
vt 0.143543 -0.441728 0.000000
vt 0.499645 -0.359236 0.000000
vt -0.000000 0.000000 0.000000
vt -0.352302 -0.097451 0.000000
vt 0.178797 -0.442574 0.000000
vt -0.000000 0.000000 0.000000
vt 0.183521 -0.454267 0.000000
vt 0.531099 -0.345123 0.000000
vt -0.000000 0.000000 0.000000
vt 0.357659 -0.069305 0.000000
vt 0.043920 0.497957 0.000000
vt 0.000000 -0.000000 0.000000
vt 0.045081 0.511113 0.000000
vt -0.313739 0.567262 0.000000
vt 0.000000 -0.000000 0.000000
vt 0.359108 -0.054276 0.000000
vt 0.032042 0.517999 0.000000
vt 0.000000 -0.000000 0.000000
vt 0.032888 0.531683 0.000000
vt -0.327066 0.572274 0.000000
vt 0.000000 -0.000000 0.000000
vt 0.360055 -0.039687 0.000000
vt 0.021467 0.533268 0.000000
vt 0.000000 -0.000000 0.000000
vt 0.022034 0.547357 0.000000
vt -0.338588 0.572955 0.000000
vt 0.000000 -0.000000 0.000000
vt 0.360646 -0.025258 0.000000
vt 0.011688 0.543242 0.000000
vt 0.000000 -0.000000 0.000000
vt 0.011997 0.557594 0.000000
vt -0.348958 0.568500 0.000000
vt 0.000000 -0.000000 0.000000
vt 0.360957 -0.010846 0.000000
vt 0.002318 0.547578 0.000000
vt 0.000000 -0.000000 0.000000
vt 0.002379 0.562044 0.000000
vt -0.358639 0.558423 0.000000
vt 0.000000 -0.000000 0.000000
vt 0.361018 0.003627 0.000000
vt -0.006973 0.546128 0.000000
vt 0.000000 0.000000 0.000000
vt -0.007158 0.560556 0.000000
vt -0.367991 0.542501 0.000000
vt 0.000000 0.000000 0.000000
vt 0.360825 0.018225 0.000000
vt -0.016504 0.538942 0.000000
vt 0.000000 0.000000 0.000000
vt -0.016940 0.553181 0.000000
vt -0.377329 0.520717 0.000000
vt 0.000000 0.000000 0.000000
vt 0.360336 0.033044 0.000000
vt -0.026627 0.526267 0.000000
vt 0.000000 0.000000 0.000000
vt -0.027330 0.540171 0.000000
vt -0.386963 0.493222 0.000000
vt 0.000000 0.000000 0.000000
vt 0.359457 0.048276 0.000000
vt -0.037779 0.508536 0.000000
vt 0.000000 0.000000 0.000000
vt -0.038777 0.521970 0.000000
vt -0.397236 0.460260 0.000000
vt 0.000000 0.000000 0.000000
vt 0.358006 0.064287 0.000000
vt -0.050564 0.486351 0.000000
vt 0.000000 0.000000 0.000000
vt -0.051900 0.499200 0.000000
vt -0.408570 0.422064 0.000000
vt 0.000000 0.000000 0.000000
vt 0.352330 -0.095012 0.000000
vt 0.158303 0.437343 0.000000
vt 0.000000 0.000000 0.000000
vt 0.162486 0.448898 0.000000
vt -0.194026 0.532355 0.000000
vt 0.000000 0.000000 0.000000
vt 0.359129 -0.071361 0.000000
vt 0.123062 0.422154 0.000000
vt 0.000000 0.000000 0.000000
vt 0.126313 0.433307 0.000000
vt -0.236067 0.493515 0.000000
vt 0.000000 0.000000 0.000000
vt 0.363571 -0.052538 0.000000
vt 0.093338 0.403859 0.000000
vt 0.000000 0.000000 0.000000
vt 0.095804 0.414530 0.000000
vt -0.270233 0.456397 0.000000
vt 0.000000 0.000000 0.000000
vt 0.366525 -0.037360 0.000000
vt 0.067300 0.385615 0.000000
vt 0.000000 0.000000 0.000000
vt 0.069078 0.395803 0.000000
vt -0.299225 0.422975 0.000000
vt 0.000000 0.000000 0.000000
vt 0.368464 -0.024898 0.000000
vt 0.043668 0.370153 0.000000
vt 0.000000 0.000000 0.000000
vt 0.044822 0.379932 0.000000
vt -0.324795 0.395051 0.000000
vt 0.000000 0.000000 0.000000
vt 0.369650 -0.014301 0.000000
vt 0.021491 0.359785 0.000000
vt 0.000000 0.000000 0.000000
vt 0.022059 0.369291 0.000000
vt -0.348159 0.374086 0.000000
vt 0.000000 0.000000 0.000000
vt -0.000000 0.365541 0.000000
vt -0.370219 0.360837 0.000000
vt 0.000000 0.000000 0.000000
vt -0.370219 0.004704 0.000000
vt 0.370218 0.004795 0.000000
vt -0.021491 0.359785 0.000000
vt 0.000000 0.000000 0.000000
vt -0.022059 0.369291 0.000000
vt -0.391709 0.354990 0.000000
vt 0.000000 0.000000 0.000000
vt 0.369617 0.015119 0.000000
vt -0.043668 0.370153 0.000000
vt 0.000000 0.000000 0.000000
vt -0.044822 0.379932 0.000000
vt -0.413285 0.355034 0.000000
vt 0.000000 0.000000 0.000000
vt 0.368303 0.027172 0.000000
vt -0.067300 0.385615 0.000000
vt 0.000000 0.000000 0.000000
vt -0.069078 0.395803 0.000000
vt -0.435603 0.358443 0.000000
vt 0.000000 0.000000 0.000000
vt 0.366037 0.041868 0.000000
vt -0.093338 0.403859 0.000000
vt 0.000000 0.000000 0.000000
vt -0.095804 0.414530 0.000000
vt -0.459375 0.361992 0.000000
vt 0.000000 0.000000 0.000000
vt 0.362380 0.060208 0.000000
vt -0.123062 0.422154 0.000000
vt 0.000000 0.000000 0.000000
vt -0.126313 0.433307 0.000000
vt -0.485442 0.361946 0.000000
vt 0.000000 0.000000 0.000000
vt 0.356512 0.083457 0.000000
vt -0.158303 0.437343 0.000000
vt 0.000000 0.000000 0.000000
vt -0.162486 0.448898 0.000000
vt -0.514815 0.353886 0.000000
vt 0.000000 0.000000 0.000000
vt -0.356670 0.077136 0.000000
vt -0.050564 -0.486351 0.000000
vt 0.000000 0.000000 0.000000
vt -0.051900 -0.499200 0.000000
vt 0.306106 -0.563487 0.000000
vt 0.000000 0.000000 0.000000
vt -0.358459 0.061710 0.000000
vt -0.037779 -0.508536 0.000000
vt 0.000000 0.000000 0.000000
vt -0.038777 -0.521970 0.000000
vt 0.320680 -0.570246 0.000000
vt 0.000000 0.000000 0.000000
vt -0.359633 0.046948 0.000000
vt -0.026627 -0.526267 0.000000
vt 0.000000 0.000000 0.000000
vt -0.027330 -0.540171 0.000000
vt 0.333006 -0.573215 0.000000
vt 0.000000 0.000000 0.000000
vt -0.360389 0.032463 0.000000
vt -0.016504 -0.538942 0.000000
vt 0.000000 0.000000 0.000000
vt -0.016940 -0.553181 0.000000
vt 0.343885 -0.571406 0.000000
vt 0.000000 0.000000 0.000000
vt -0.360834 0.018056 0.000000
vt -0.006973 -0.546128 0.000000
vt 0.000000 0.000000 0.000000
vt -0.007157 -0.560556 0.000000
vt 0.353860 -0.564184 0.000000
vt 0.000000 0.000000 0.000000
vt -0.361018 0.003621 0.000000
vt 0.002318 -0.547578 0.000000
vt 0.000000 0.000000 0.000000
vt 0.002379 -0.562044 0.000000
vt 0.363336 -0.551198 0.000000
vt 0.000000 0.000000 0.000000
vt -0.360955 -0.010906 0.000000
vt 0.011688 -0.543242 0.000000
vt 0.000000 0.000000 0.000000
vt 0.011997 -0.557594 0.000000
vt 0.372643 -0.532336 0.000000
vt 0.000000 0.000000 0.000000
vt -0.360622 -0.025598 0.000000
vt 0.021467 -0.533268 0.000000
vt 0.000000 0.000000 0.000000
vt 0.022034 -0.547357 0.000000
vt 0.382089 -0.507670 0.000000
vt 0.000000 0.000000 0.000000
vt -0.359954 -0.040591 0.000000
vt 0.032042 -0.517999 0.000000
vt 0.000000 0.000000 0.000000
vt 0.032888 -0.531683 0.000000
vt 0.391996 -0.477408 0.000000
vt 0.000000 0.000000 0.000000
vt -0.358819 -0.056149 0.000000
vt 0.043920 -0.497957 0.000000
vt 0.000000 0.000000 0.000000
vt 0.045080 -0.511113 0.000000
vt 0.402739 -0.441808 0.000000
vt 0.000000 0.000000 0.000000
vt -0.347579 0.109143 0.000000
vt -0.178797 -0.442574 0.000000
vt -0.000000 0.000000 0.000000
vt -0.183521 -0.454266 0.000000
vt 0.168781 -0.551718 0.000000
vt -0.000000 0.000000 0.000000
vt -0.356102 0.082493 0.000000
vt -0.139849 -0.430359 0.000000
vt -0.000000 0.000000 0.000000
vt -0.143542 -0.441729 0.000000
vt 0.216254 -0.512851 0.000000
vt -0.000000 0.000000 0.000000
vt -0.361578 0.061428 0.000000
vt -0.107640 -0.413185 0.000000
vt -0.000000 0.000000 0.000000
vt -0.110484 -0.424102 0.000000
vt 0.253938 -0.474613 0.000000
vt -0.000000 0.000000 0.000000
vt -0.365198 0.044554 0.000000
vt -0.079947 -0.394552 0.000000
vt -0.000000 0.000000 0.000000
vt -0.082060 -0.404976 0.000000
vt 0.285250 -0.439107 0.000000
vt -0.000000 0.000000 0.000000
vt -0.367601 0.030843 0.000000
vt -0.055248 -0.377379 0.000000
vt -0.000000 0.000000 0.000000
vt -0.056708 -0.387349 0.000000
vt 0.312353 -0.408222 0.000000
vt -0.000000 0.000000 0.000000
vt -0.369140 0.019419 0.000000
vt -0.032449 -0.364211 0.000000
vt -0.000000 0.000000 0.000000
vt -0.033306 -0.373833 0.000000
vt 0.336691 -0.383630 0.000000
vt -0.000000 0.000000 0.000000
vt -0.370007 0.009433 0.000000
vt -0.010703 -0.357055 0.000000
vt -0.000000 0.000000 0.000000
vt -0.010986 -0.366488 0.000000
vt 0.359303 -0.366488 0.000000
vt -0.000000 0.000000 0.000000
vt 0.004939 -0.048017 0.000000
vt 0.554599 0.000000 0.000000
vt -0.000000 0.000000 0.000000
vt 0.014731 -0.047164 0.000000
vt 0.549659 0.048021 0.000000
vt -0.000000 0.000000 0.000000
vt 0.024260 -0.045472 0.000000
vt 0.534926 0.095199 0.000000
vt -0.000000 0.000000 0.000000
vt 0.033359 -0.042971 0.000000
vt 0.510657 0.140700 0.000000
vt -0.000000 0.000000 0.000000
vt 0.041865 -0.039703 0.000000
vt 0.477281 0.183717 0.000000
vt -0.000000 0.000000 0.000000
vt 0.049626 -0.035726 0.000000
vt 0.435384 0.223483 0.000000
vt -0.000000 0.000000 0.000000
vt 0.056503 -0.031109 0.000000
vt 0.385708 0.259283 0.000000
vt -0.000000 0.000000 0.000000
vt 0.062374 -0.025935 0.000000
vt 0.329134 0.290472 0.000000
vt -0.000000 0.000000 0.000000
vt 0.067131 -0.020293 0.000000
vt 0.266670 0.316483 0.000000
vt -0.000000 0.000000 0.000000
vt 0.070690 -0.014286 0.000000
vt 0.199429 0.336841 0.000000
vt -0.000000 0.000000 0.000000
vt 0.072986 -0.008021 0.000000
vt 0.128615 0.351173 0.000000
vt -0.000000 0.000000 0.000000
vt 0.073978 -0.001612 0.000000
vt 0.055496 0.359215 0.000000
vt -0.000000 0.000000 0.000000
vt 0.073647 0.004827 0.000000
vt -0.018616 0.360819 0.000000
vt 0.000000 0.000000 0.000000
vt 0.071999 0.011179 0.000000
vt -0.092392 0.355959 0.000000
vt 0.000000 0.000000 0.000000
vt 0.069065 0.017329 0.000000
vt -0.164508 0.344724 0.000000
vt 0.000000 0.000000 0.000000
vt 0.059571 0.028586 0.000000
vt -0.298652 0.304078 0.000000
vt 0.000000 0.000000 0.000000
vt 0.053183 0.033493 0.000000
vt -0.358283 0.275414 0.000000
vt 0.000000 0.000000 0.000000
vt 0.045848 0.037799 0.000000
vt -0.411507 0.241852 0.000000
vt 0.000000 0.000000 0.000000
vt 0.037696 0.041429 0.000000
vt -0.457379 0.203998 0.000000
vt 0.000000 0.000000 0.000000
vt 0.028874 0.044320 0.000000
vt -0.495087 0.162531 0.000000
vt 0.000000 0.000000 0.000000
vt 0.019539 0.046421 0.000000
vt -0.523965 0.118189 0.000000
vt 0.000000 0.000000 0.000000
vt 0.009857 0.047697 0.000000
vt -0.543505 0.071760 0.000000
vt 0.000000 0.000000 0.000000
vt -0.000000 0.048124 0.000000
vt -0.553362 0.024062 0.000000
vt 0.000000 0.000000 0.000000
vt -0.009857 0.047697 0.000000
vt -0.553362 -0.024063 0.000000
vt 0.000000 0.000000 0.000000
vt -0.019539 0.046421 0.000000
vt -0.543504 -0.071768 0.000000
vt 0.000000 0.000000 0.000000
vt -0.028874 0.044320 0.000000
vt -0.523961 -0.118210 0.000000
vt 0.000000 0.000000 0.000000
vt -0.037696 0.041429 0.000000
vt -0.495074 -0.162568 0.000000
vt 0.000000 0.000000 0.000000
vt -0.045848 0.037799 0.000000
vt -0.457354 -0.204052 0.000000
vt 0.000000 0.000000 0.000000
vt -0.053183 0.033493 0.000000
vt -0.411466 -0.241921 0.000000
vt 0.000000 0.000000 0.000000
vt -0.059571 0.028586 0.000000
vt -0.358223 -0.275492 0.000000
vt 0.000000 0.000000 0.000000
vt -0.069065 0.017329 0.000000
vt -0.233573 -0.327395 0.000000
vt 0.000000 0.000000 0.000000
vt -0.071999 0.011179 0.000000
vt -0.164391 -0.344780 0.000000
vt 0.000000 0.000000 0.000000
vt -0.073647 0.004827 0.000000
vt -0.092262 -0.355992 0.000000
vt 0.000000 0.000000 0.000000
vt -0.073978 -0.001612 0.000000
vt -0.018481 -0.360826 0.000000
vt -0.000000 0.000000 0.000000
vt -0.072986 -0.008021 0.000000
vt 0.055629 -0.359194 0.000000
vt -0.000000 0.000000 0.000000
vt -0.070690 -0.014286 0.000000
vt 0.128739 -0.351127 0.000000
vt -0.000000 0.000000 0.000000
vt -0.067131 -0.020293 0.000000
vt 0.199539 -0.336777 0.000000
vt -0.000000 0.000000 0.000000
vt -0.062374 -0.025935 0.000000
vt 0.266761 -0.316407 0.000000
vt -0.000000 0.000000 0.000000
vt -0.056503 -0.031109 0.000000
vt 0.329204 -0.290393 0.000000
vt -0.000000 0.000000 0.000000
vt -0.049626 -0.035726 0.000000
vt 0.385758 -0.259209 0.000000
vt -0.000000 0.000000 0.000000
vt -0.041865 -0.039703 0.000000
vt 0.435416 -0.223420 0.000000
vt -0.000000 0.000000 0.000000
vt -0.033359 -0.042971 0.000000
vt 0.477298 -0.183671 0.000000
vt -0.000000 0.000000 0.000000
vt -0.024260 -0.045472 0.000000
vt 0.510665 -0.140671 0.000000
vt -0.000000 0.000000 0.000000
vt -0.014731 -0.047164 0.000000
vt 0.534928 -0.095185 0.000000
vt -0.000000 0.000000 0.000000
vt -0.004939 -0.048017 0.000000
vt 0.549659 -0.048017 0.000000
vt -0.000000 0.000000 0.000000
vt -0.360131 -0.145396 0.000000
vt 0.004808 -0.557702 0.000000
vt 0.000000 0.000000 0.000000
vt 0.003942 -0.560536 0.000000
vt 0.363680 -0.413417 0.000000
vt 0.000000 0.000000 0.000000
vt -0.359057 -0.148772 0.000000
vt 0.008841 -0.547729 0.000000
vt 0.000000 0.000000 0.000000
vt 0.006733 -0.549146 0.000000
vt 0.365728 -0.400946 0.000000
vt 0.000000 0.000000 0.000000
vt -0.357842 -0.150962 0.000000
vt 0.013220 -0.532536 0.000000
vt 0.000000 0.000000 0.000000
vt 0.009797 -0.532657 0.000000
vt 0.367953 -0.384573 0.000000
vt 0.000000 0.000000 0.000000
vt -0.356403 -0.152253 0.000000
vt 0.018176 -0.512775 0.000000
vt 0.000000 0.000000 0.000000
vt 0.013305 -0.511803 0.000000
vt 0.370469 -0.364745 0.000000
vt 0.000000 0.000000 0.000000
vt -0.354613 -0.153107 0.000000
vt 0.024050 -0.489346 0.000000
vt 0.000000 0.000000 0.000000
vt -0.050432 -0.485291 0.000000
vt 0.322278 -0.390614 0.000000
vt -0.000000 0.000000 0.000000
vt -0.375711 -0.081961 0.000000
vt -0.060393 -0.460523 0.000000
vt -0.000000 0.000000 0.000000
vt -0.038628 -0.460247 0.000000
vt 0.331700 -0.364293 0.000000
vt -0.000000 0.000000 0.000000
vt -0.373019 -0.084892 0.000000
vt -0.045951 -0.435841 0.000000
vt -0.000000 0.000000 0.000000
vt -0.029196 -0.434551 0.000000
vt 0.339115 -0.339322 0.000000
vt -0.000000 0.000000 0.000000
vt -0.370583 -0.085964 0.000000
vt -0.033878 -0.411815 0.000000
vt -0.000000 0.000000 0.000000
vt -0.021236 -0.410340 0.000000
vt 0.345294 -0.316736 0.000000
vt -0.000000 0.000000 0.000000
vt -0.368311 -0.086336 0.000000
vt -0.023301 -0.390784 0.000000
vt -0.000000 0.000000 0.000000
vt -0.014201 -0.389911 0.000000
vt 0.350697 -0.297878 0.000000
vt -0.000000 0.000000 0.000000
vt -0.366124 -0.087027 0.000000
vt -0.013647 -0.375066 0.000000
vt -0.000000 0.000000 0.000000
vt -0.007724 -0.375517 0.000000
vt 0.355622 -0.284147 0.000000
vt -0.000000 0.000000 0.000000
vt -0.363953 -0.088922 0.000000
vt -0.004496 -0.366625 0.000000
vt -0.000000 0.000000 0.000000
vt -0.001531 -0.368973 0.000000
vt 0.360286 -0.276627 0.000000
vt -0.000000 0.000000 0.000000
vt -0.361725 -0.092706 0.000000
vt 0.004496 -0.366625 0.000000
vt -0.000000 0.000000 0.000000
vt 0.004607 -0.371181 0.000000
vt 0.364867 -0.275721 0.000000
vt -0.000000 0.000000 0.000000
vt -0.359363 -0.098782 0.000000
vt 0.013647 -0.375066 0.000000
vt -0.000000 0.000000 0.000000
vt 0.010911 -0.381830 0.000000
vt 0.369527 -0.280925 0.000000
vt -0.000000 0.000000 0.000000
vt -0.356767 -0.107260 0.000000
vt 0.023301 -0.390784 0.000000
vt -0.000000 0.000000 0.000000
vt 0.017629 -0.399507 0.000000
vt 0.374444 -0.290911 0.000000
vt -0.000000 0.000000 0.000000
vt -0.353800 -0.118051 0.000000
vt 0.033877 -0.411815 0.000000
vt -0.000000 0.000000 0.000000
vt 0.025072 -0.422119 0.000000
vt 0.379833 -0.303838 0.000000
vt -0.000000 0.000000 0.000000
vt -0.350255 -0.131025 0.000000
vt 0.045951 -0.435841 0.000000
vt -0.000000 0.000000 0.000000
vt 0.033683 -0.447351 0.000000
vt 0.385990 -0.317653 0.000000
vt -0.000000 0.000000 0.000000
vt -0.345791 -0.146184 0.000000
vt 0.060394 -0.460523 0.000000
vt -0.000000 0.000000 0.000000
vt 0.044155 -0.472977 0.000000
vt 0.393363 -0.330243 0.000000
vt -0.000000 0.000000 0.000000
vt 0.366527 0.089316 0.000000
vt 0.024050 0.489346 0.000000
vt 0.000000 -0.000000 0.000000
vt 0.015303 0.500043 0.000000
vt -0.348994 0.394357 0.000000
vt 0.000000 -0.000000 0.000000
vt 0.365408 0.101778 0.000000
vt 0.018177 0.512775 0.000000
vt 0.000000 -0.000000 0.000000
vt 0.011482 0.522720 0.000000
vt -0.351988 0.406931 0.000000
vt 0.000000 -0.000000 0.000000
vt 0.364391 0.112857 0.000000
vt 0.013221 0.532535 0.000000
vt 0.000000 -0.000000 0.000000
vt 0.008222 0.541500 0.000000
vt -0.354512 0.416860 0.000000
vt 0.000000 -0.000000 0.000000
vt 0.363437 0.122575 0.000000
vt 0.008841 0.547729 0.000000
vt 0.000000 -0.000000 0.000000
vt 0.005312 0.555514 0.000000
vt -0.356741 0.423356 0.000000
vt 0.000000 -0.000000 0.000000
vt 0.362513 0.130892 0.000000
vt 0.004808 0.557702 0.000000
vt 0.000000 -0.000000 0.000000
vt 0.002608 0.564160 0.000000
vt -0.358792 0.425897 0.000000
vt 0.000000 -0.000000 0.000000
vt 0.361588 0.137772 0.000000
vt 0.000953 0.562048 0.000000
vt 0.000000 -0.000000 0.000000
vt -0.000000 0.567082 0.000000
vt -0.360752 0.424177 0.000000
vt 0.000000 0.000000 0.000000
vt 0.360631 0.143208 0.000000
vt -0.002868 0.560595 0.000000
vt 0.000000 0.000000 0.000000
vt -0.002608 0.564160 0.000000
vt -0.362694 0.418087 0.000000
vt 0.000000 0.000000 0.000000
vt 0.359608 0.147245 0.000000
vt -0.006793 0.553399 0.000000
vt 0.000000 0.000000 0.000000
vt -0.005312 0.555514 0.000000
vt -0.364688 0.407692 0.000000
vt 0.000000 0.000000 0.000000
vt 0.358472 0.150001 0.000000
vt -0.010975 0.540751 0.000000
vt 0.000000 0.000000 0.000000
vt -0.008222 0.541500 0.000000
vt -0.366812 0.393223 0.000000
vt 0.000000 0.000000 0.000000
vt 0.357157 0.151696 0.000000
vt -0.015609 0.523176 0.000000
vt 0.000000 0.000000 0.000000
vt -0.011482 0.522720 0.000000
vt -0.369165 0.375058 0.000000
vt 0.000000 0.000000 0.000000
vt 0.355563 0.152696 0.000000
vt -0.020970 0.501452 0.000000
vt 0.000000 0.000000 0.000000
vt -0.015303 0.500043 0.000000
vt -0.371887 0.353707 0.000000
vt 0.000000 0.000000 0.000000
vt 0.377186 0.079356 0.000000
vt 0.068923 0.472399 0.000000
vt 0.000000 0.000000 0.000000
vt 0.044155 0.472977 0.000000
vt -0.327307 0.377331 0.000000
vt 0.000000 0.000000 0.000000
vt 0.374326 0.083741 0.000000
vt 0.052803 0.448243 0.000000
vt 0.000000 0.000000 0.000000
vt 0.033683 0.447351 0.000000
vt -0.335600 0.351583 0.000000
vt 0.000000 0.000000 0.000000
vt 0.371775 0.085584 0.000000
vt 0.039681 0.423602 0.000000
vt 0.000000 0.000000 0.000000
vt 0.025071 0.422119 0.000000
vt -0.342326 0.327651 0.000000
vt 0.000000 0.000000 0.000000
vt 0.369431 0.086172 0.000000
vt 0.028443 0.400778 0.000000
vt 0.000000 0.000000 0.000000
vt 0.017629 0.399507 0.000000
vt -0.348072 0.306751 0.000000
vt 0.000000 0.000000 0.000000
vt 0.367211 0.086583 0.000000
vt 0.018388 0.382125 0.000000
vt 0.000000 0.000000 0.000000
vt 0.010912 0.381830 0.000000
vt -0.353204 0.290292 0.000000
vt 0.000000 0.000000 0.000000
vt 0.365041 0.087775 0.000000
vt 0.009031 0.369839 0.000000
vt 0.000000 0.000000 0.000000
vt 0.004607 0.371181 0.000000
vt -0.357975 0.279565 0.000000
vt 0.000000 0.000000 0.000000
vt 0.362851 0.090545 0.000000
vt -0.000000 0.365541 0.000000
vt 0.000000 0.000000 0.000000
vt -0.001531 0.368973 0.000000
vt -0.362577 0.275357 0.000000
vt 0.000000 0.000000 0.000000
vt 0.360567 0.095444 0.000000
vt -0.009031 0.369839 0.000000
vt 0.000000 0.000000 0.000000
vt -0.007724 0.375517 0.000000
vt -0.367177 0.277626 0.000000
vt 0.000000 0.000000 0.000000
vt 0.358102 0.102723 0.000000
vt -0.018388 0.382124 0.000000
vt 0.000000 0.000000 0.000000
vt -0.014201 0.389911 0.000000
vt -0.371942 0.285427 0.000000
vt 0.000000 0.000000 0.000000
vt 0.355341 0.112376 0.000000
vt -0.028443 0.400777 0.000000
vt 0.000000 0.000000 0.000000
vt -0.021236 0.410340 0.000000
vt -0.377064 0.297134 0.000000
vt 0.000000 0.000000 0.000000
vt 0.352117 0.124270 0.000000
vt -0.039681 0.423602 0.000000
vt 0.000000 0.000000 0.000000
vt -0.029196 0.434551 0.000000
vt -0.382792 0.310766 0.000000
vt 0.000000 0.000000 0.000000
vt 0.348167 0.138320 0.000000
vt -0.052804 0.448243 0.000000
vt 0.000000 0.000000 0.000000
vt -0.038627 0.460247 0.000000
vt -0.389487 0.324237 0.000000
vt 0.000000 0.000000 0.000000
vt 0.343042 0.154672 0.000000
vt -0.068922 0.472399 0.000000
vt 0.000000 0.000000 0.000000
vt -0.050432 0.485291 0.000000
vt -0.397724 0.335381 0.000000
vt 0.000000 0.000000 0.000000
vt -0.365952 -0.095726 0.000000
vt -0.020970 -0.501452 0.000000
vt 0.000000 0.000000 0.000000
vt -0.013305 -0.511803 0.000000
vt 0.350565 -0.400912 0.000000
vt 0.000000 0.000000 0.000000
vt -0.364890 -0.107487 0.000000
vt -0.015609 -0.523176 0.000000
vt 0.000000 0.000000 0.000000
vt -0.009797 -0.532657 0.000000
vt 0.353296 -0.412281 0.000000
vt 0.000000 0.000000 0.000000
vt -0.363908 -0.117888 0.000000
vt -0.010975 -0.540751 0.000000
vt 0.000000 0.000000 0.000000
vt -0.006733 -0.549146 0.000000
vt 0.355655 -0.420576 0.000000
vt 0.000000 0.000000 0.000000
vt -0.362973 -0.126910 0.000000
vt -0.006793 -0.553399 0.000000
vt 0.000000 0.000000 0.000000
vt -0.003942 -0.560536 0.000000
vt 0.357783 -0.425145 0.000000
vt 0.000000 0.000000 0.000000
vt -0.362052 -0.134512 0.000000
vt -0.002868 -0.560595 0.000000
vt 0.000000 0.000000 0.000000
vt -0.001298 -0.566350 0.000000
vt 0.359778 -0.425581 0.000000
vt 0.000000 0.000000 0.000000
vt -0.361116 -0.140669 0.000000
vt 0.000953 -0.562048 0.000000
vt 0.000000 0.000000 0.000000
vt 0.001298 -0.566350 0.000000
vt 0.361721 -0.421678 0.000000
vt 0.000000 0.000000 0.000000
vt -0.057053 0.178076 0.000000
vt -0.075479 0.025244 0.000000
vt 0.000000 0.000000 0.000000
vt -0.078598 0.012457 0.000000
vt -0.012304 -0.153446 0.000000
vt 0.000000 0.000000 0.000000
vt -0.104190 0.016475 0.000000
vt -0.032933 -0.190293 0.000000
vt 0.000000 0.000000 0.000000
vt -0.068345 0.207748 0.000000
vt -0.100550 0.033108 0.000000
vt 0.000000 0.000000 0.000000
vt -0.014211 -0.108979 0.000000
vt 0.268796 -0.059055 0.000000
vt 0.000000 0.000000 0.000000
vt -0.283282 -0.048340 0.000000
vt -0.027072 -0.110451 0.000000
vt 0.000000 0.000000 0.000000
vt -0.002465 -0.113713 0.000000
vt 0.313559 -0.018542 0.000000
vt 0.000000 0.000000 0.000000
vt -0.313565 0.018469 0.000000
vt -0.321388 -0.101469 0.000000
vt 0.000000 0.000000 0.000000
vt -0.316140 -0.094784 0.000000
vt -0.007992 -0.119926 0.000000
vt 0.000000 0.000000 0.000000
vt 0.000261 0.121538 0.000000
vt -0.319118 0.004292 0.000000
vt 0.000000 0.000000 0.000000
vt 0.319378 0.117246 0.000000
vt 0.000139 0.114564 0.000000
vt 0.000000 0.000000 0.000000
vt -0.002132 0.121385 0.000000
vt -0.319239 -0.002690 0.000000
vt 0.000000 0.000000 0.000000
vt 0.317085 0.124132 0.000000
vt -0.000520 0.114481 0.000000
vt 0.000000 0.000000 0.000000
vt -0.004601 0.120894 0.000000
vt -0.317602 -0.009734 0.000000
vt 0.000000 0.000000 0.000000
vt 0.002347 -0.113769 0.000000
vt 0.309039 0.023715 0.000000
vt 0.000000 0.000000 0.000000
vt 0.196696 0.187250 0.000000
vt -0.027941 0.104483 0.000000
vt 0.000000 0.000000 0.000000
vt -0.045826 0.099071 0.000000
vt -0.222929 -0.087264 0.000000
vt 0.000000 0.000000 0.000000
vt 0.167487 0.195025 0.000000
vt -0.037040 0.100687 0.000000
vt 0.000000 0.000000 0.000000
vt -0.055565 0.092425 0.000000
vt -0.201792 -0.100054 0.000000
vt 0.000000 0.000000 0.000000
vt 0.133270 0.201668 0.000000
vt -0.048181 0.095032 0.000000
vt 0.000000 0.000000 0.000000
vt -0.066916 0.083209 0.000000
vt -0.177031 -0.113822 0.000000
vt 0.000000 0.000000 0.000000
vt -0.103787 -0.016697 0.000000
vt 0.012675 -0.148083 0.000000
vt 0.000000 0.000000 0.000000
vt -0.172096 -0.015275 0.000000
vt -0.262366 -0.197415 0.000000
vt 0.000000 0.000000 0.000000
vt -0.131205 -0.184761 0.000000
vt 0.083143 0.021182 0.000000
vt 0.000000 0.000000 0.000000
vt -0.223260 -0.196245 0.000000
vt -0.075037 -0.188926 0.000000
vt 0.000000 0.000000 0.000000
vt -0.096073 -0.211567 0.000000
vt 0.148197 0.007842 0.000000
vt 0.000000 0.000000 0.000000
vt 0.386370 0.167037 0.000000
vt 0.247290 0.229388 0.000000
vt 0.000000 0.000000 0.000000
vt 0.125340 0.240490 0.000000
vt -0.139950 0.060375 0.000000
vt 0.000000 0.000000 0.000000
vt -0.333133 -0.131717 0.000000
vt -0.159306 -0.145288 0.000000
vt 0.000000 0.000000 0.000000
vt -0.173779 0.014177 0.000000
vt -0.310704 -0.180913 0.000000
vt 0.000000 0.000000 0.000000
vt -0.271888 -0.184080 0.000000
vt -0.123511 -0.203847 0.000000
vt 0.000000 0.000000 0.000000
vt -0.148227 0.020863 0.000000
vt -0.299096 -0.199519 0.000000
vt 0.000000 0.000000 0.000000
vt -0.256181 -0.205376 0.000000
vt -0.130618 -0.232957 0.000000
vt 0.000000 0.000000 0.000000
vt 0.455453 0.147689 0.000000
vt 0.358387 0.241243 0.000000
vt 0.000000 0.000000 0.000000
vt 0.174588 0.240704 0.000000
vt -0.098347 0.092206 0.000000
vt 0.000000 0.000000 0.000000
vt -0.125224 0.029079 0.000000
vt -0.282530 -0.222358 0.000000
vt 0.000000 0.000000 0.000000
vt -0.041789 0.278729 0.000000
vt -0.076175 0.213421 0.000000
vt 0.000000 0.000000 0.000000
vt -0.078840 0.228907 0.000000
vt -0.034837 -0.065068 0.000000
vt 0.000000 0.000000 0.000000
vt -0.047430 0.293442 0.000000
vt -0.127613 0.194179 0.000000
vt 0.000000 0.000000 0.000000
vt -0.133620 0.225584 0.000000
vt -0.081085 -0.098528 0.000000
vt 0.000000 0.000000 0.000000
vt -0.056918 0.323371 0.000000
vt -0.148244 0.256883 0.000000
vt 0.000000 0.000000 0.000000
vt -0.122860 0.111026 0.000000
vt -0.091668 -0.066016 0.000000
vt 0.000000 0.000000 0.000000
vt -0.058783 0.179106 0.000000
vt -0.072191 0.037526 0.000000
vt 0.000000 0.000000 0.000000
vt -0.075531 0.025087 0.000000
vt -0.020942 -0.164426 0.000000
vt 0.000000 0.000000 0.000000
vt -0.100623 0.032885 0.000000
vt -0.035079 -0.189908 0.000000
vt 0.000000 0.000000 0.000000
vt -0.226122 0.052931 0.000000
vt -0.089930 -0.061037 0.000000
vt 0.000000 0.000000 0.000000
vt -0.266818 -0.010236 0.000000
vt -0.060499 -0.095455 0.000000
vt 0.000000 0.000000 0.000000
vt -0.025784 -0.110759 0.000000
vt 0.269166 -0.057341 0.000000
vt 0.000000 0.000000 0.000000
vt -0.269468 0.055908 0.000000
vt -0.306953 -0.056903 0.000000
vt 0.000000 0.000000 0.000000
vt -0.295220 -0.051904 0.000000
vt -0.038630 -0.112425 0.000000
vt 0.000000 0.000000 0.000000
vt -0.001523 -0.114191 0.000000
vt 0.317232 -0.011362 0.000000
vt 0.000000 0.000000 0.000000
vt 0.313581 -0.018182 0.000000
vt 0.318813 0.102649 0.000000
vt 0.000000 0.000000 0.000000
vt -0.005159 -0.120834 0.000000
vt 0.317232 -0.011343 0.000000
vt 0.000000 0.000000 0.000000
vt 0.313583 -0.018155 0.000000
vt 0.322446 0.109329 0.000000
vt 0.000000 0.000000 0.000000
vt -0.321499 -0.101118 0.000000
vt -0.013343 -0.126176 0.000000
vt 0.000000 0.000000 0.000000
vt 0.000382 0.128513 0.000000
vt -0.319117 0.004292 0.000000
vt 0.000000 0.000000 0.000000
vt 0.319498 0.124221 0.000000
vt 0.000261 0.121538 0.000000
vt 0.000000 0.000000 0.000000
vt -0.003764 0.128292 0.000000
vt -0.319238 -0.002689 0.000000
vt 0.000000 0.000000 0.000000
vt 0.315453 0.131031 0.000000
vt -0.002151 0.121384 0.000000
vt 0.000000 0.000000 0.000000
vt -0.007975 0.127583 0.000000
vt -0.317602 -0.009720 0.000000
vt 0.000000 0.000000 0.000000
vt 0.309537 0.137506 0.000000
vt -0.004677 0.120891 0.000000
vt 0.000000 0.000000 0.000000
vt -0.012358 0.126358 0.000000
vt -0.314203 -0.016819 0.000000
vt 0.000000 0.000000 0.000000
vt 0.007975 -0.111459 0.000000
vt 0.283206 0.046030 0.000000
vt 0.000000 0.000000 0.000000
vt 0.293350 0.039322 0.000000
vt 0.276663 0.154959 0.000000
vt 0.000000 0.000000 0.000000
vt 0.017404 -0.115531 0.000000
vt 0.283332 0.045250 0.000000
vt 0.000000 0.000000 0.000000
vt 0.293423 0.038770 0.000000
vt 0.267192 0.158670 0.000000
vt 0.000000 0.000000 0.000000
vt 0.026885 -0.119755 0.000000
vt 0.283434 0.044601 0.000000
vt 0.000000 0.000000 0.000000
vt 0.293485 0.038307 0.000000
vt 0.257674 0.162587 0.000000
vt 0.000000 0.000000 0.000000
vt 0.011155 -0.110332 0.000000
vt 0.271288 0.054148 0.000000
vt 0.000000 0.000000 0.000000
vt 0.282981 0.047389 0.000000
vt 0.262347 0.160924 0.000000
vt 0.000000 0.000000 0.000000
vt 0.021623 -0.113351 0.000000
vt 0.271535 0.052892 0.000000
vt 0.000000 0.000000 0.000000
vt 0.283133 0.046478 0.000000
vt 0.251840 0.163309 0.000000
vt 0.000000 0.000000 0.000000
vt 0.032184 -0.116588 0.000000
vt 0.271736 0.051850 0.000000
vt 0.000000 0.000000 0.000000
vt 0.283257 0.045711 0.000000
vt 0.241245 0.166004 0.000000
vt 0.000000 0.000000 0.000000
vt -0.188156 -0.094300 0.000000
vt -0.118940 -0.181531 0.000000
vt 0.000000 0.000000 0.000000
vt 0.158641 0.187018 0.000000
vt -0.048226 0.097926 0.000000
vt 0.000000 0.000000 0.000000
vt -0.067043 0.088912 0.000000
vt -0.204458 -0.094490 0.000000
vt 0.000000 0.000000 0.000000
vt 0.127003 0.190760 0.000000
vt -0.058202 0.090787 0.000000
vt 0.000000 0.000000 0.000000
vt -0.077060 0.078416 0.000000
vt -0.181303 -0.106888 0.000000
vt 0.000000 0.000000 0.000000
vt 0.091007 0.192151 0.000000
vt -0.069542 0.081027 0.000000
vt 0.000000 0.000000 0.000000
vt 0.097097 0.049146 0.000000
vt -0.037037 0.191710 0.000000
vt 0.000000 0.000000 0.000000
vt -0.337443 -0.196542 0.000000
vt -0.247554 -0.268704 0.000000
vt 0.000000 0.000000 0.000000
vt -0.088181 0.074240 0.000000
vt -0.184733 -0.100841 0.000000
vt 0.000000 0.000000 0.000000
vt -0.165094 -0.104251 0.000000
vt -0.085923 -0.180536 0.000000
vt 0.000000 0.000000 0.000000
vt -0.304524 -0.191132 0.000000
vt -0.184112 -0.239596 0.000000
vt 0.000000 0.000000 0.000000
vt -0.119595 0.050448 0.000000
vt -0.334620 -0.201310 0.000000
vt 0.000000 0.000000 0.000000
vt -0.288680 -0.214313 0.000000
vt -0.189936 -0.271188 0.000000
vt 0.000000 0.000000 0.000000
vt -0.097405 0.059139 0.000000
vt -0.159418 -0.112739 0.000000
vt 0.000000 0.000000 0.000000
vt -0.138973 -0.114033 0.000000
vt -0.049447 -0.175906 0.000000
vt 0.000000 0.000000 0.000000
vt -0.045853 0.202539 0.000000
vt -0.068625 0.050293 0.000000
vt 0.000000 0.000000 0.000000
vt -0.072313 0.037290 0.000000
vt -0.015845 -0.153123 0.000000
vt 0.000000 0.000000 0.000000
vt -0.096903 0.049223 0.000000
vt -0.037169 -0.189511 0.000000
vt 0.000000 0.000000 0.000000
vt -0.240657 0.051442 0.000000
vt -0.099140 -0.055841 0.000000
vt 0.000000 0.000000 0.000000
vt -0.058507 -0.096689 0.000000
vt 0.222204 -0.083803 0.000000
vt 0.000000 0.000000 0.000000
vt -0.280743 -0.012174 0.000000
vt -0.072946 -0.093727 0.000000
vt 0.000000 0.000000 0.000000
vt 0.225722 -0.073804 0.000000
vt 0.290764 0.028043 0.000000
vt 0.000000 0.000000 0.000000
vt -0.065042 -0.101846 0.000000
vt 0.386404 -0.249454 0.000000
vt 0.000000 0.000000 0.000000
vt -0.071253 -0.095021 0.000000
vt 0.447012 -0.160536 0.000000
vt 0.000000 0.000000 0.000000
vt -0.010349 -0.110343 0.000000
vt 0.281248 -0.049898 0.000000
vt 0.000000 0.000000 0.000000
vt 0.269826 -0.054153 0.000000
vt 0.291890 0.059012 0.000000
vt 0.000000 0.000000 0.000000
vt -0.021092 -0.113350 0.000000
vt 0.281440 -0.048794 0.000000
vt 0.000000 0.000000 0.000000
vt 0.270034 -0.053106 0.000000
vt 0.302818 0.063205 0.000000
vt 0.000000 0.000000 0.000000
vt -0.031909 -0.116554 0.000000
vt 0.281599 -0.047872 0.000000
vt 0.000000 0.000000 0.000000
vt 0.270205 -0.052229 0.000000
vt 0.313784 0.067408 0.000000
vt 0.000000 0.000000 0.000000
vt -0.007460 -0.111453 0.000000
vt 0.291912 -0.041444 0.000000
vt 0.000000 0.000000 0.000000
vt 0.281815 -0.046588 0.000000
vt 0.299650 0.068814 0.000000
vt 0.000000 0.000000 0.000000
vt -0.017130 -0.115509 0.000000
vt 0.292007 -0.040775 0.000000
vt 0.000000 0.000000 0.000000
vt 0.281921 -0.045935 0.000000
vt 0.309405 0.073620 0.000000
vt 0.000000 0.000000 0.000000
vt -0.026843 -0.119700 0.000000
vt 0.292084 -0.040215 0.000000
vt 0.000000 0.000000 0.000000
vt 0.282010 -0.045389 0.000000
vt 0.319185 0.078444 0.000000
vt 0.000000 0.000000 0.000000
vt -0.068839 0.049999 0.000000
vt -0.050034 -0.327711 0.000000
vt 0.000000 0.000000 0.000000
vt -0.015392 -0.141379 0.000000
vt 0.053230 -0.191343 0.000000
vt 0.000000 0.000000 0.000000
vt 0.033435 -0.355489 0.000000
vt 0.068846 -0.049655 0.000000
vt 0.000000 0.000000 0.000000
vt 0.217947 -0.217457 0.000000
vt 0.314348 -0.210247 0.000000
vt 0.000000 0.000000 0.000000
vt 0.003090 -0.401030 0.000000
vt 0.061376 -0.074686 0.000000
vt 0.000000 0.000000 0.000000
vt -0.097860 -0.058055 0.000000
vt 0.312910 -0.226430 0.000000
vt 0.000000 0.000000 0.000000
vt -0.328762 0.202728 0.000000
vt -0.448756 0.153756 0.000000
vt 0.000000 0.000000 0.000000
vt -0.419656 0.144815 0.000000
vt -0.120763 -0.047044 0.000000
vt 0.000000 0.000000 0.000000
vt -0.104694 0.016173 0.000000
vt -0.040212 -0.204473 0.000000
vt 0.000000 0.000000 0.000000
vt 0.158061 -0.110963 0.000000
vt 0.227874 -0.030265 0.000000
vt 0.000000 0.000000 0.000000
vt -0.067237 -0.082857 0.000000
vt 0.174483 -0.113940 0.000000
vt 0.000000 0.000000 0.000000
vt 0.162559 -0.104261 0.000000
vt 0.242044 -0.028445 0.000000
vt 0.000000 0.000000 0.000000
vt -0.077419 -0.077924 0.000000
vt 0.178720 -0.107169 0.000000
vt 0.000000 0.000000 0.000000
vt 0.166167 -0.098410 0.000000
vt 0.256401 -0.026857 0.000000
vt 0.000000 0.000000 0.000000
vt -0.088566 -0.073608 0.000000
vt 0.364287 -0.202484 0.000000
vt 0.000000 0.000000 0.000000
vt 0.342895 -0.177782 0.000000
vt 0.457033 -0.113162 0.000000
vt 0.000000 0.000000 0.000000
vt -0.113028 -0.066543 0.000000
vt 0.374413 -0.183086 0.000000
vt 0.000000 0.000000 0.000000
vt 0.349966 -0.163422 0.000000
vt 0.490263 -0.104034 0.000000
vt 0.000000 0.000000 0.000000
vt -0.518925 0.060061 0.000000
vt -0.098995 -0.091529 0.000000
vt 0.000000 0.000000 0.000000
vt -0.377855 0.194572 0.000000
vt -0.147392 0.027881 0.000000
vt 0.000000 0.000000 0.000000
vt -0.224762 0.174303 0.000000
vt 0.129555 -0.170271 0.000000
vt 0.000000 0.000000 0.000000
vt -0.142023 0.070069 0.000000
vt 0.279642 -0.407519 0.000000
vt 0.000000 0.000000 0.000000
vt -0.413752 0.169950 0.000000
vt -0.150943 0.009572 0.000000
vt 0.000000 0.000000 0.000000
vt -0.230405 0.204213 0.000000
vt -0.358063 0.228963 0.000000
vt 0.000000 0.000000 0.000000
vt -0.344102 0.208166 0.000000
vt -0.127926 0.023322 0.000000
vt 0.000000 0.000000 0.000000
vt 0.040766 0.281492 0.000000
vt -0.040330 0.153146 0.000000
vt 0.000000 0.000000 0.000000
vt -0.042204 0.186891 0.000000
vt -0.079247 -0.129495 0.000000
vt 0.000000 0.000000 0.000000
vt -0.271133 0.190749 0.000000
vt -0.402035 0.196065 0.000000
vt 0.000000 0.000000 0.000000
vt -0.383440 0.181181 0.000000
vt -0.130911 0.005061 0.000000
vt 0.000000 0.000000 0.000000
vt 0.051227 0.303586 0.000000
vt -0.001476 0.402166 0.000000
vt 0.000000 0.000000 0.000000
vt -0.307193 0.222841 0.000000
vt -0.110409 0.017475 0.000000
vt 0.000000 0.000000 0.000000
vt 0.031380 0.282692 0.000000
vt -0.045886 0.186022 0.000000
vt 0.000000 0.000000 0.000000
vt -0.048840 0.219940 0.000000
vt -0.076316 -0.097421 0.000000
vt 0.000000 0.000000 0.000000
vt -0.255557 0.211160 0.000000
vt -0.368043 0.210707 0.000000
vt 0.000000 0.000000 0.000000
vt -0.350565 0.194779 0.000000
vt -0.112486 -0.000432 0.000000
vt 0.000000 0.000000 0.000000
vt 0.043164 0.304837 0.000000
vt -0.018069 0.379077 0.000000
vt 0.000000 0.000000 0.000000
vt -0.021619 0.356403 0.000000
vt -0.060703 0.074674 0.000000
vt 0.000000 0.000000 0.000000
vt 0.022893 0.283504 0.000000
vt -0.053418 0.218873 0.000000
vt 0.000000 0.000000 0.000000
vt 0.011447 0.141753 0.000000
vt -0.076311 -0.064632 0.000000
vt 0.000000 0.000000 0.000000
vt 0.084003 0.207941 0.000000
vt 0.014831 0.318203 0.000000
vt 0.000000 0.000000 0.000000
vt 0.007670 0.142007 0.000000
vt -0.070164 0.109633 0.000000
vt 0.000000 0.000000 0.000000
vt 0.022968 0.164156 0.000000
vt -0.049316 0.201724 0.000000
vt 0.000000 0.000000 0.000000
vt -0.051579 0.190354 0.000000
vt -0.072164 0.037797 0.000000
vt 0.000000 0.000000 0.000000
vt 0.014044 0.153297 0.000000
vt -0.061517 0.178186 0.000000
vt 0.000000 0.000000 0.000000
vt -0.064014 0.166796 0.000000
vt -0.075509 0.025047 0.000000
vt 0.000000 0.000000 0.000000
vt 0.007670 0.142007 0.000000
vt -0.077834 -0.032374 0.000000
vt 0.000000 0.000000 0.000000
vt -0.075621 0.142936 0.000000
vt -0.083135 -0.175523 0.000000
vt 0.000000 0.000000 0.000000
vt 0.018951 0.164667 0.000000
vt -0.059631 0.177229 0.000000
vt 0.000000 0.000000 0.000000
vt -0.034158 0.165084 0.000000
vt -0.078576 0.012594 0.000000
vt 0.000000 0.000000 0.000000
vt 0.040579 0.153557 0.000000
vt -0.078596 0.012466 0.000000
vt 0.000000 0.000000 0.000000
vt -0.190961 -0.000000 0.000000
vt -0.116322 -0.143452 0.000000
vt 0.000000 0.000000 0.000000
vt -0.237775 0.080411 0.000000
vt -0.263766 -0.024509 0.000000
vt 0.000000 0.000000 0.000000
vt 0.027997 0.104403 0.000000
vt -0.221405 0.091060 0.000000
vt 0.000000 0.000000 0.000000
vt -0.224790 0.175925 0.000000
vt -0.249396 -0.013444 0.000000
vt 0.000000 0.000000 0.000000
vt -0.255069 0.066641 0.000000
vt -0.286519 -0.040983 0.000000
vt 0.000000 0.000000 0.000000
vt 0.033096 0.107129 0.000000
vt -0.240860 0.070635 0.000000
vt 0.000000 0.000000 0.000000
vt -0.254391 0.069187 0.000000
vt -0.273743 -0.038064 0.000000
vt 0.000000 0.000000 0.000000
vt 0.019377 0.107246 0.000000
vt -0.235874 0.160759 0.000000
vt 0.000000 0.000000 0.000000
vt 0.016159 0.108707 0.000000
vt -0.256061 0.049493 0.000000
vt 0.000000 0.000000 0.000000
vt 0.271961 0.060391 0.000000
vt 0.006059 0.190865 0.000000
vt 0.000000 0.000000 0.000000
vt 0.010368 0.110341 0.000000
vt -0.270587 0.120458 0.000000
vt 0.000000 0.000000 0.000000
vt 0.280966 -0.009807 0.000000
vt -0.001410 0.185427 0.000000
vt 0.000000 0.000000 0.000000
vt 0.007580 0.111445 0.000000
vt -0.285050 0.191310 0.000000
vt 0.000000 0.000000 0.000000
vt 0.022564 0.122240 0.000000
vt -0.292262 0.038910 0.000000
vt 0.000000 0.000000 0.000000
vt -0.300900 0.033118 0.000000
vt -0.314600 -0.084179 0.000000
vt 0.000000 0.000000 0.000000
vt 0.014182 0.117239 0.000000
vt -0.292211 0.039287 0.000000
vt 0.000000 0.000000 0.000000
vt -0.300858 0.033492 0.000000
vt -0.306157 -0.078871 0.000000
vt 0.000000 0.000000 0.000000
vt 0.005386 0.112359 0.000000
vt -0.293500 0.076604 0.000000
vt 0.000000 0.000000 0.000000
vt -0.303319 0.150164 0.000000
vt -0.298950 -0.035217 0.000000
vt 0.000000 0.000000 0.000000
vt 0.017889 0.124428 0.000000
vt -0.301025 0.031966 0.000000
vt 0.000000 0.000000 0.000000
vt -0.308102 0.025709 0.000000
vt -0.318743 -0.093049 0.000000
vt 0.000000 0.000000 0.000000
vt 0.010946 0.118731 0.000000
vt -0.301003 0.032161 0.000000
vt 0.000000 0.000000 0.000000
vt -0.308086 0.025894 0.000000
vt -0.311771 -0.087211 0.000000
vt 0.000000 0.000000 0.000000
vt 0.003694 0.113105 0.000000
vt -0.304630 0.147486 0.000000
vt 0.000000 0.000000 0.000000
vt 0.002587 0.113710 0.000000
vt -0.308419 0.033518 0.000000
vt 0.000000 0.000000 0.000000
vt 0.311118 0.079757 0.000000
vt -0.003856 0.185392 0.000000
vt 0.000000 0.000000 0.000000
vt 0.001491 0.114191 0.000000
vt -0.315408 0.104331 0.000000
vt 0.000000 0.000000 0.000000
vt 0.315553 0.098039 0.000000
vt 0.004006 0.185389 0.000000
vt 0.000000 0.000000 0.000000
vt -0.002326 0.113769 0.000000
vt -0.311449 0.087698 0.000000
vt 0.000000 0.000000 0.000000
vt -0.302131 -0.030688 0.000000
vt -0.291686 -0.149501 0.000000
vt 0.000000 0.000000 0.000000
vt -0.010132 0.118841 0.000000
vt -0.309005 -0.024160 0.000000
vt 0.000000 0.000000 0.000000
vt -0.302108 -0.030918 0.000000
vt -0.298373 -0.144041 0.000000
vt 0.000000 0.000000 0.000000
vt -0.003394 0.113134 0.000000
vt -0.309064 -0.026756 0.000000
vt 0.000000 0.000000 0.000000
vt -0.299885 0.042631 0.000000
vt -0.304347 -0.142748 0.000000
vt 0.000000 0.000000 0.000000
vt -0.293588 -0.037504 0.000000
vt -0.271666 -0.159893 0.000000
vt 0.000000 0.000000 0.000000
vt -0.021469 0.122469 0.000000
vt -0.302067 -0.031309 0.000000
vt 0.000000 0.000000 0.000000
vt -0.293540 -0.037877 0.000000
vt -0.279811 -0.155206 0.000000
vt 0.000000 0.000000 0.000000
vt -0.013235 0.117386 0.000000
vt -0.302035 -0.031615 0.000000
vt 0.000000 0.000000 0.000000
vt -0.293481 -0.038326 0.000000
vt -0.287919 -0.150695 0.000000
vt 0.000000 0.000000 0.000000
vt -0.005152 0.112389 0.000000
vt -0.299802 0.043209 0.000000
vt 0.000000 0.000000 0.000000
vt -0.007238 0.111509 0.000000
vt -0.293936 -0.072157 0.000000
vt 0.000000 0.000000 0.000000
vt 0.283914 0.187941 0.000000
vt 0.001505 0.185427 0.000000
vt 0.000000 0.000000 0.000000
vt -0.010052 0.110438 0.000000
vt -0.282408 -0.002587 0.000000
vt 0.000000 0.000000 0.000000
vt -0.048458 0.115585 0.000000
vt -0.271444 -0.053358 0.000000
vt 0.000000 0.000000 0.000000
vt -0.258500 -0.059340 0.000000
vt -0.220530 -0.172136 0.000000
vt 0.000000 0.000000 0.000000
vt -0.036809 0.113179 0.000000
vt -0.271206 -0.054552 0.000000
vt 0.000000 0.000000 0.000000
vt -0.258133 -0.060923 0.000000
vt -0.231562 -0.171624 0.000000
vt 0.000000 0.000000 0.000000
vt -0.025266 0.111006 0.000000
vt -0.270917 -0.055971 0.000000
vt 0.000000 0.000000 0.000000
vt -0.257674 -0.062835 0.000000
vt -0.242344 -0.171741 0.000000
vt 0.000000 0.000000 0.000000
vt -0.014185 0.109061 0.000000
vt -0.269257 -0.120220 0.000000
vt 0.000000 0.000000 0.000000
vt -0.257922 -0.045025 0.000000
vt -0.250427 -0.234345 0.000000
vt 0.000000 0.000000 0.000000
vt 0.183611 -0.163448 0.000000
vt 0.189469 -0.000000 0.000000
vt 0.000000 0.000000 0.000000
vt 0.103811 0.016546 0.000000
vt 0.009417 0.163281 0.000000
vt 0.000000 0.000000 0.000000
vt 0.049975 0.016408 0.000000
vt -0.010355 0.148263 0.000000
vt 0.000000 0.000000 0.000000
vt -0.006941 0.140751 0.000000
vt -0.058886 0.132506 0.000000
vt 0.000000 0.000000 0.000000
vt 0.051945 0.008245 0.000000
vt -0.090781 0.148998 0.000000
vt 0.000000 0.000000 0.000000
vt 0.047921 0.141939 0.000000
vt -0.141548 0.141939 0.000000
vt 0.000000 0.000000 0.000000
vt 0.058650 -0.124175 0.000000
vt 0.049952 0.016478 0.000000
vt 0.000000 0.000000 0.000000
vt 0.045377 0.110809 0.000000
vt -0.006199 0.140785 0.000000
vt 0.000000 0.000000 0.000000
vt 0.051576 -0.029976 0.000000
vt -0.006199 0.140786 0.000000
vt 0.000000 0.000000 0.000000
vt -0.006023 0.312935 0.000000
vt -0.055474 0.171523 0.000000
vt 0.000000 0.000000 0.000000
vt 0.081225 -0.178330 0.000000
vt 0.185147 -0.161706 0.000000
vt 0.000000 0.000000 0.000000
vt 0.125300 -0.146038 0.000000
vt 0.103904 0.016733 0.000000
vt 0.000000 0.000000 0.000000
vt 0.018090 -0.163172 0.000000
vt 0.117894 -0.130102 0.000000
vt 0.000000 0.000000 0.000000
vt 0.114493 -0.114537 0.000000
vt 0.099710 0.033352 0.000000
vt 0.000000 0.000000 0.000000
vt 0.012124 -0.148131 0.000000
vt 0.059977 -0.123539 0.000000
vt 0.000000 0.000000 0.000000
vt 0.058339 -0.115832 0.000000
vt 0.047800 0.024696 0.000000
vt 0.000000 0.000000 0.000000
vt 0.006199 -0.140786 0.000000
vt 0.045377 0.110809 0.000000
vt 0.000000 0.000000 0.000000
vt 0.050860 -0.060139 0.000000
vt 0.033722 0.252384 0.000000
vt 0.000000 0.000000 0.000000
vt 0.172886 -0.192798 0.000000
vt 0.189468 0.000000 0.000000
vt 0.000000 0.000000 0.000000
vt -0.018433 -0.192630 0.000000
vt 0.085810 -0.176169 0.000000
vt 0.000000 0.000000 0.000000
vt 0.133927 -0.160731 0.000000
vt 0.104226 0.016567 0.000000
vt 0.000000 0.000000 0.000000
vt 0.026894 -0.177746 0.000000
vt 0.126949 -0.144607 0.000000
vt 0.000000 0.000000 0.000000
vt 0.123724 -0.129043 0.000000
vt 0.099969 0.033399 0.000000
vt 0.000000 0.000000 0.000000
vt 0.020083 -0.162937 0.000000
vt 0.115614 -0.113406 0.000000
vt 0.000000 0.000000 0.000000
vt 0.112266 -0.097708 0.000000
vt 0.095315 0.049947 0.000000
vt 0.000000 0.000000 0.000000
vt 0.013967 -0.147967 0.000000
vt 0.059547 -0.115215 0.000000
vt 0.000000 0.000000 0.000000
vt 0.070407 -0.247850 0.000000
vt 0.045480 0.032890 0.000000
vt 0.000000 0.000000 0.000000
vt 0.019933 -0.281139 0.000000
vt 0.051190 -0.059858 0.000000
vt 0.000000 0.000000 0.000000
vt 0.052172 -0.090038 0.000000
vt 0.026501 0.221900 0.000000
vt 0.000000 0.000000 0.000000
vt 0.112863 0.154441 0.000000
vt -0.348563 -0.268578 0.000000
vt 0.000000 0.000000 0.000000
vt 0.126850 0.149216 0.000000
vt -0.096189 -0.023090 0.000000
vt 0.000000 0.000000 0.000000
vt 0.221058 0.174840 0.000000
vt 0.124682 0.145066 0.000000
vt 0.000000 0.000000 0.000000
vt 0.221059 0.174840 0.000000
vt -0.096376 -0.029773 0.000000
vt 0.000000 0.000000 0.000000
vt 0.334635 0.175074 0.000000
vt 0.262808 0.169990 0.000000
vt 0.000000 0.000000 0.000000
vt 0.190982 0.164906 0.000000
vt -0.071827 -0.005084 0.000000
vt 0.000000 0.000000 0.000000
vt 0.245771 0.167196 0.000000
vt 0.136118 0.140813 0.000000
vt 0.000000 0.000000 0.000000
vt 0.189589 0.146074 0.000000
vt -0.109821 -0.025673 0.000000
vt 0.000000 0.000000 0.000000
vt 0.306608 0.158542 0.000000
vt 0.241042 0.146064 0.000000
vt 0.000000 0.000000 0.000000
vt 0.131146 0.145730 0.000000
vt -0.065610 -0.012242 0.000000
vt 0.000000 0.000000 0.000000
vt 0.138657 0.126628 0.000000
vt -0.198378 -0.020199 0.000000
vt 0.000000 0.000000 0.000000
vt 0.340183 0.139380 0.000000
vt 0.254004 0.154402 0.000000
vt 0.000000 0.000000 0.000000
vt 0.109516 0.152693 0.000000
vt -0.086196 0.014929 0.000000
vt 0.000000 0.000000 0.000000
vt 0.241198 0.075639 0.000000
vt 0.203588 0.179733 0.000000
vt 0.000000 0.000000 0.000000
vt 0.186381 0.182194 0.000000
vt -0.039657 0.103332 0.000000
vt 0.000000 0.000000 0.000000
vt 0.224531 0.083054 0.000000
vt 0.166476 0.180079 0.000000
vt 0.000000 0.000000 0.000000
vt 0.148630 0.180478 0.000000
vt -0.060078 0.095786 0.000000
vt 0.000000 0.000000 0.000000
vt 0.206592 0.089728 0.000000
vt 0.127394 0.175702 0.000000
vt 0.000000 0.000000 0.000000
vt 0.300000 0.263204 0.000000
vt -0.081006 0.084273 0.000000
vt 0.000000 0.000000 0.000000
vt 0.379560 0.181981 0.000000
vt 0.266954 0.249439 0.000000
vt 0.000000 0.000000 0.000000
vt 0.234251 0.242688 0.000000
vt -0.113751 0.065509 0.000000
vt 0.000000 0.000000 0.000000
vt 0.345336 0.182318 0.000000
vt 0.200706 0.225877 0.000000
vt 0.000000 0.000000 0.000000
vt 0.253489 0.196377 0.000000
vt -0.145021 0.042241 0.000000
vt 0.000000 0.000000 0.000000
vt 0.401245 0.146869 0.000000
vt 0.318662 0.166496 0.000000
vt 0.000000 0.000000 0.000000
vt 0.083060 0.157336 0.000000
vt -0.082640 0.019385 0.000000
vt 0.000000 0.000000 0.000000
vt 0.242130 0.072599 0.000000
vt 0.192091 0.176163 0.000000
vt 0.000000 0.000000 0.000000
vt 0.175346 0.178308 0.000000
vt -0.051799 0.102695 0.000000
vt 0.000000 0.000000 0.000000
vt 0.225819 0.079486 0.000000
vt 0.155091 0.174957 0.000000
vt 0.000000 0.000000 0.000000
vt 0.347898 0.256136 0.000000
vt -0.072449 0.094171 0.000000
vt 0.000000 0.000000 0.000000
vt 0.419465 0.164238 0.000000
vt 0.314458 0.245750 0.000000
vt 0.000000 0.000000 0.000000
vt 0.266348 0.160013 0.000000
vt -0.105857 0.080405 0.000000
vt 0.000000 0.000000 0.000000
vt 0.372867 0.076446 0.000000
vt 0.390050 0.158253 0.000000
vt 0.000000 0.000000 0.000000
vt 0.153041 0.316697 0.000000
vt 0.017680 0.081701 0.000000
vt 0.000000 0.000000 0.000000
vt 0.242884 0.070036 0.000000
vt 0.180136 0.173467 0.000000
vt 0.000000 0.000000 0.000000
vt 0.449620 0.149650 0.000000
vt -0.063084 0.103227 0.000000
vt 0.000000 0.000000 0.000000
vt 0.512941 0.043732 0.000000
vt 0.458386 0.138315 0.000000
vt 0.000000 0.000000 0.000000
vt 0.134293 0.326695 0.000000
vt -0.052798 0.095576 0.000000
vt 0.000000 0.000000 0.000000
vt -0.143951 -0.120576 0.000000
vt -0.093892 -0.155964 0.000000
vt 0.000000 0.000000 0.000000
vt -0.049833 0.035706 0.000000
vt -0.334826 -0.127351 0.000000
vt 0.000000 0.000000 0.000000
vt -0.198267 -0.021267 0.000000
vt -0.275459 -0.178693 0.000000
vt 0.000000 0.000000 0.000000
vt 0.067253 0.161921 0.000000
vt -0.172186 -0.014221 0.000000
vt 0.000000 0.000000 0.000000
vt -0.095929 -0.024145 0.000000
vt -0.232447 -0.185272 0.000000
vt 0.000000 0.000000 0.000000
vt 0.122983 0.171680 0.000000
vt -0.083361 -0.020304 0.000000
vt 0.000000 0.000000 0.000000
vt -0.018318 0.439653 0.000000
vt -0.037841 0.279292 0.000000
vt 0.000000 0.000000 0.000000
vt 0.019522 0.160362 0.000000
vt -0.037842 0.279292 0.000000
vt 0.000000 0.000000 0.000000
vt -0.035115 0.311017 0.000000
vt -0.055747 0.119697 0.000000
vt 0.000000 0.000000 0.000000
vt -0.053001 0.089553 0.000000
vt -0.024577 -0.190854 0.000000
vt 0.000000 0.000000 0.000000
vt -0.033093 0.279894 0.000000
vt -0.073399 0.230709 0.000000
vt 0.000000 0.000000 0.000000
vt -0.076274 0.246108 0.000000
vt -0.040547 -0.048987 0.000000
vt 0.000000 0.000000 0.000000
vt -0.038344 0.294766 0.000000
vt -0.128938 0.228293 0.000000
vt 0.000000 0.000000 0.000000
vt -0.113103 0.096739 0.000000
vt -0.090986 -0.065936 0.000000
vt 0.000000 0.000000 0.000000
vt -0.026115 0.162080 0.000000
vt -0.121887 0.112093 0.000000
vt 0.000000 0.000000 0.000000
vt -0.125017 0.127791 0.000000
vt -0.095966 -0.049614 0.000000
vt 0.000000 0.000000 0.000000
vt -0.032111 0.176877 0.000000
vt -0.132782 0.143824 0.000000
vt 0.000000 0.000000 0.000000
vt -0.135655 0.159276 0.000000
vt -0.100744 -0.032831 0.000000
vt 0.000000 0.000000 0.000000
vt -0.037290 0.191660 0.000000
vt -0.142012 0.175440 0.000000
vt 0.000000 0.000000 0.000000
vt -0.175378 0.190534 0.000000
vt -0.104737 -0.016124 0.000000
vt 0.000000 0.000000 0.000000
vt -0.173706 -0.132378 0.000000
vt 0.046416 -0.095907 0.000000
vt 0.000000 0.000000 0.000000
vt 0.055569 -0.181136 0.000000
vt 0.220234 0.035786 0.000000
vt 0.000000 0.000000 0.000000
vt -0.185795 -0.199123 0.000000
vt 0.034156 -0.101701 0.000000
vt 0.000000 0.000000 0.000000
vt 0.025226 -0.187782 0.000000
vt 0.223668 0.088555 0.000000
vt 0.000000 0.000000 0.000000
vt -0.202275 -0.273543 0.000000
vt 0.026767 -0.104789 0.000000
vt 0.000000 0.000000 0.000000
vt 0.257482 0.047480 0.000000
vt 0.238639 0.154885 0.000000
vt 0.000000 0.000000 0.000000
vt 0.020797 -0.107043 0.000000
vt 0.242221 0.072294 0.000000
vt 0.000000 0.000000 0.000000
vt 0.257064 0.065286 0.000000
vt 0.226245 0.173216 0.000000
vt 0.000000 0.000000 0.000000
vt 0.032483 -0.107441 0.000000
vt 0.243035 0.069510 0.000000
vt 0.000000 0.000000 0.000000
vt 0.257592 0.063171 0.000000
vt 0.214616 0.171999 0.000000
vt 0.000000 0.000000 0.000000
vt 0.044433 -0.108241 0.000000
vt 0.243683 0.067201 0.000000
vt 0.000000 0.000000 0.000000
vt 0.258021 0.061392 0.000000
vt 0.202717 0.171424 0.000000
vt 0.000000 0.000000 0.000000
vt 0.056651 -0.109344 0.000000
vt 0.452810 0.139704 0.000000
vt 0.000000 0.000000 0.000000
vt 0.048978 -0.115365 0.000000
vt 0.403310 0.237292 0.000000
vt 0.000000 0.000000 0.000000
vt -0.357628 -0.349315 0.000000
vt -0.105875 -0.331478 0.000000
vt 0.000000 0.000000 0.000000
vt 0.042995 -0.119946 0.000000
vt 0.251795 0.017229 0.000000
vt 0.000000 0.000000 0.000000
vt -0.210631 -0.134347 0.000000
vt -0.041996 -0.167605 0.000000
vt 0.000000 0.000000 0.000000
vt 0.036770 -0.124000 0.000000
vt 0.168725 -0.032798 0.000000
vt 0.000000 0.000000 0.000000
vt -0.133189 -0.089389 0.000000
vt -0.035254 -0.167345 0.000000
vt 0.000000 0.000000 0.000000
vt -0.271963 -0.159387 0.000000
vt 0.098061 -0.077799 0.000000
vt 0.000000 0.000000 0.000000
vt -0.002740 -0.154510 0.000000
vt 0.017360 0.012695 0.000000
vt 0.000000 0.000000 0.000000
vt -0.005466 0.168421 0.000000
vt -0.274634 0.127638 0.000000
vt 0.000000 0.000000 0.000000
vt 0.269177 0.040723 0.000000
vt 0.000381 0.128513 0.000000
vt 0.000000 0.000000 0.000000
vt 0.003030 0.169533 0.000000
vt -0.268782 0.087835 0.000000
vt 0.000000 0.000000 0.000000
vt 0.271759 0.081872 0.000000
vt -0.003816 0.128290 0.000000
vt 0.000000 0.000000 0.000000
vt 0.011282 0.168583 0.000000
vt -0.275541 0.046621 0.000000
vt 0.000000 0.000000 0.000000
vt 0.286637 0.122398 0.000000
vt -0.008072 0.127576 0.000000
vt 0.000000 0.000000 0.000000
vt 0.002120 0.154520 0.000000
vt -0.294709 0.005229 0.000000
vt 0.000000 0.000000 0.000000
vt 0.296534 0.149877 0.000000
vt -0.012520 0.126342 0.000000
vt 0.000000 0.000000 0.000000
vt 0.017272 0.012814 0.000000
vt -0.309044 -0.023662 0.000000
vt 0.000000 0.000000 0.000000
vt 0.326274 0.036852 0.000000
vt 0.285324 0.154432 0.000000
vt 0.000000 0.000000 0.000000
vt 0.027880 0.166827 0.000000
vt -0.040606 0.117699 0.000000
vt 0.000000 0.000000 0.000000
vt -0.370332 -0.080180 0.000000
vt -0.068197 -0.049528 0.000000
vt 0.000000 0.000000 0.000000
vt -0.302150 -0.030496 0.000000
vt -0.284983 -0.155061 0.000000
vt 0.000000 0.000000 0.000000
vt -0.292138 -0.148615 0.000000
vt 0.016878 -0.124604 0.000000
vt 0.000000 0.000000 0.000000
vt -0.309047 -0.023616 0.000000
vt -0.301617 -0.143655 0.000000
vt 0.000000 0.000000 0.000000
vt -0.306942 -0.136927 0.000000
vt 0.007257 -0.120050 0.000000
vt 0.000000 0.000000 0.000000
vt -0.314211 -0.016645 0.000000
vt -0.312903 -0.130863 0.000000
vt 0.000000 0.000000 0.000000
vt -0.315971 -0.096684 0.000000
vt 0.001188 -0.114220 0.000000
vt 0.000000 0.000000 0.000000
vt -0.317169 0.017355 0.000000
vt 0.000569 -0.114481 0.000000
vt 0.000000 0.000000 0.000000
vt -0.001625 -0.185425 0.000000
vt 0.317750 -0.131805 0.000000
vt 0.000000 0.000000 0.000000
vt -0.319404 -0.053446 0.000000
vt -0.000140 -0.114564 0.000000
vt 0.000000 0.000000 0.000000
vt 0.001463 -0.185427 0.000000
vt 0.319233 -0.061282 0.000000
vt 0.000000 0.000000 0.000000
vt 0.316903 0.009759 0.000000
vt 0.317740 0.124222 0.000000
vt 0.000000 0.000000 0.000000
vt -0.000782 -0.114463 0.000000
vt 0.319117 -0.004307 0.000000
vt 0.000000 0.000000 0.000000
vt 0.317236 -0.011241 0.000000
vt 0.319915 0.110111 0.000000
vt 0.000000 0.000000 0.000000
vt -0.002662 -0.121352 0.000000
vt 0.319116 -0.004305 0.000000
vt 0.000000 0.000000 0.000000
vt 0.317236 -0.011237 0.000000
vt 0.321793 0.117006 0.000000
vt 0.000000 0.000000 0.000000
vt -0.004567 -0.128242 0.000000
vt 0.274570 -0.127775 0.000000
vt 0.000000 0.000000 0.000000
vt -0.008763 -0.127492 0.000000
vt 0.279137 0.000471 0.000000
vt 0.000000 0.000000 0.000000
vt -0.287941 -0.127871 0.000000
vt 0.013872 -0.168004 0.000000
vt 0.000000 0.000000 0.000000
vt -0.013273 -0.126183 0.000000
vt 0.301736 -0.040715 0.000000
vt 0.000000 0.000000 0.000000
vt 0.083972 -0.095828 0.000000
vt 0.053227 0.072348 0.000000
vt 0.000000 0.000000 0.000000
vt -0.024453 0.168023 0.000000
vt -0.029804 0.057583 0.000000
vt 0.000000 0.000000 0.000000
vt -0.315045 -0.085335 0.000000
vt -0.006888 -0.110355 0.000000
vt 0.000000 0.000000 0.000000
vt -0.308139 0.025242 0.000000
vt 0.028887 -0.058048 0.000000
vt 0.000000 0.000000 0.000000
vt -0.017873 -0.124430 0.000000
vt 0.336775 -0.084300 0.000000
vt 0.000000 0.000000 0.000000
vt -0.354651 -0.040106 0.000000
vt -0.053625 -0.072054 0.000000
vt 0.000000 0.000000 0.000000
vt -0.022122 -0.122321 0.000000
vt 0.300933 -0.032806 0.000000
vt 0.000000 0.000000 0.000000
vt -0.323355 -0.088425 0.000000
vt 0.082840 -0.096807 0.000000
vt 0.000000 0.000000 0.000000
vt 0.292254 -0.038961 0.000000
vt 0.406193 -0.008491 0.000000
vt 0.000000 0.000000 0.000000
vt -0.113886 -0.030668 0.000000
vt 0.037323 -0.166733 0.000000
vt 0.000000 0.000000 0.000000
vt -0.037358 -0.123777 0.000000
vt 0.149767 -0.137651 0.000000
vt 0.000000 0.000000 0.000000
vt 0.217498 -0.037688 0.000000
vt 0.056433 0.182432 0.000000
vt 0.000000 0.000000 0.000000
vt 0.182599 -0.202614 0.000000
vt 0.217040 -0.101024 0.000000
vt 0.000000 0.000000 0.000000
vt 0.253024 0.008703 0.000000
vt 0.034459 0.101584 0.000000
vt 0.000000 0.000000 0.000000
vt 0.223686 -0.079764 0.000000
vt 0.263881 0.023234 0.000000
vt 0.000000 0.000000 0.000000
vt 0.277143 0.026970 0.000000
vt 0.038175 0.103764 0.000000
vt 0.000000 0.000000 0.000000
vt 0.241529 -0.068314 0.000000
vt 0.286733 0.039455 0.000000
vt 0.000000 0.000000 0.000000
vt 0.299380 0.043852 0.000000
vt 0.043763 0.108362 0.000000
vt 0.000000 0.000000 0.000000
vt 0.256900 -0.059189 0.000000
vt 0.307217 0.055460 0.000000
vt 0.000000 0.000000 0.000000
vt 0.321881 0.049079 0.000000
vt 0.049505 0.115002 0.000000
vt 0.000000 0.000000 0.000000
vt 0.273069 -0.062991 0.000000
vt 0.043593 0.119632 0.000000
vt 0.000000 0.000000 0.000000
vt -0.044072 0.166271 0.000000
vt -0.231173 0.180469 0.000000
vt 0.000000 0.000000 0.000000
vt 0.392089 -0.240421 0.000000
vt 0.477248 -0.191242 0.000000
vt 0.000000 0.000000 0.000000
vt -0.085085 -0.049307 0.000000
vt 0.131836 -0.315577 0.000000
vt 0.000000 0.000000 0.000000
vt -0.098933 -0.091596 0.000000
vt 0.205822 -0.274940 0.000000
vt 0.000000 0.000000 0.000000
vt 0.182808 -0.100037 0.000000
vt 0.241238 -0.009436 0.000000
vt 0.000000 0.000000 0.000000
vt -0.055831 -0.092226 0.000000
vt 0.199399 -0.100349 0.000000
vt 0.000000 0.000000 0.000000
vt 0.185742 -0.094480 0.000000
vt 0.255248 -0.007537 0.000000
vt 0.000000 0.000000 0.000000
vt -0.067368 -0.088611 0.000000
vt 0.202055 -0.094890 0.000000
vt 0.000000 0.000000 0.000000
vt 0.188080 -0.089732 0.000000
vt 0.269433 -0.005851 0.000000
vt 0.000000 0.000000 0.000000
vt -0.079576 -0.085568 0.000000
vt 0.408379 -0.180407 0.000000
vt 0.000000 0.000000 0.000000
vt 0.382996 -0.164374 0.000000
vt 0.489738 -0.085152 0.000000
vt 0.000000 0.000000 0.000000
vt -0.106430 -0.079641 0.000000
vt 0.296242 -0.196802 0.000000
vt 0.000000 0.000000 0.000000
vt 0.385645 -0.158060 0.000000
vt 0.404119 -0.112067 0.000000
vt 0.000000 0.000000 0.000000
vt -0.018114 -0.046137 0.000000
vt 0.156239 -0.307033 0.000000
vt 0.000000 0.000000 0.000000
vt -0.140313 -0.059351 0.000000
vt 0.161970 -0.268760 0.000000
vt 0.000000 0.000000 0.000000
vt 0.309620 -0.174020 0.000000
vt 0.455055 -0.133969 0.000000
vt 0.000000 0.000000 0.000000
vt 0.309619 -0.174019 0.000000
vt 0.145435 0.040051 0.000000
vt 0.000000 0.000000 0.000000
vt 0.170430 -0.209132 0.000000
vt 0.293717 -0.221264 0.000000
vt 0.000000 0.000000 0.000000
vt 0.211013 -0.167240 0.000000
vt 0.123335 -0.011637 0.000000
vt 0.000000 0.000000 0.000000
vt 0.240780 -0.151407 0.000000
vt 0.168161 -0.031545 0.000000
vt 0.000000 0.000000 0.000000
vt 0.076250 -0.117586 0.000000
vt 0.031459 -0.005962 0.000000
vt 0.000000 0.000000 0.000000
vt 0.071795 -0.041533 0.000000
vt -0.042119 0.112659 0.000000
vt 0.000000 0.000000 0.000000
vt -0.321886 -0.049044 0.000000
vt 0.109076 -0.330275 0.000000
vt 0.000000 0.000000 0.000000
vt -0.421440 0.295309 0.000000
vt -0.479073 0.186624 0.000000
vt 0.000000 0.000000 0.000000
vt -0.299593 -0.042371 0.000000
vt -0.057524 -0.108743 0.000000
vt 0.000000 0.000000 0.000000
vt -0.239922 0.073756 0.000000
vt -0.290637 -0.029324 0.000000
vt 0.000000 0.000000 0.000000
vt -0.277265 -0.025684 0.000000
vt -0.052451 -0.102208 0.000000
vt 0.000000 0.000000 0.000000
vt -0.220590 0.087964 0.000000
vt -0.266793 -0.010883 0.000000
vt 0.000000 0.000000 0.000000
vt -0.253043 -0.008147 0.000000
vt -0.048569 -0.097706 0.000000
vt 0.000000 0.000000 0.000000
vt -0.196064 0.106720 0.000000
vt -0.241206 0.010215 0.000000
vt 0.000000 0.000000 0.000000
vt -0.217375 0.038393 0.000000
vt -0.046714 -0.095754 0.000000
vt 0.000000 0.000000 0.000000
vt 0.072642 0.204557 0.000000
vt -0.104693 0.016179 0.000000
vt 0.000000 0.000000 0.000000
vt -0.190961 -0.000000 0.000000
vt -0.174804 -0.190729 0.000000
vt 0.000000 0.000000 0.000000
vt -0.018129 0.190552 0.000000
vt -0.104186 0.016497 0.000000
vt 0.000000 0.000000 0.000000
vt -0.190961 -0.000000 0.000000
vt -0.079810 -0.177007 0.000000
vt 0.000000 0.000000 0.000000
vt 0.029749 -0.165935 0.000000
vt 0.108372 -0.178721 0.000000
vt 0.000000 0.000000 0.000000
vt -0.078658 0.012574 0.000000
vt -0.025438 -0.175754 0.000000
vt 0.000000 0.000000 0.000000
vt -0.025172 -0.163832 0.000000
vt 0.050486 -0.189079 0.000000
vt 0.000000 0.000000 0.000000
vt -0.075707 0.025101 0.000000
vt -0.027576 -0.175432 0.000000
vt 0.000000 0.000000 0.000000
vt -0.027450 -0.163466 0.000000
vt 0.045030 -0.201253 0.000000
vt 0.000000 0.000000 0.000000
vt -0.072588 0.037577 0.000000
vt -0.029706 -0.175084 0.000000
vt 0.000000 0.000000 0.000000
vt -0.029707 -0.163071 0.000000
vt 0.039413 -0.213332 0.000000
vt 0.000000 0.000000 0.000000
vt -0.069311 0.049997 0.000000
vt -0.063634 -0.349425 0.000000
vt 0.000000 0.000000 0.000000
vt 0.259370 -0.206459 0.000000
vt 0.354170 -0.184752 0.000000
vt 0.000000 0.000000 0.000000
vt -0.094599 -0.022563 0.000000
vt 0.279429 -0.219242 0.000000
vt 0.000000 0.000000 0.000000
vt 0.274630 -0.185677 0.000000
vt 0.386810 -0.170168 0.000000
vt 0.000000 0.000000 0.000000
vt -0.112092 -0.016136 0.000000
vt 0.295289 -0.197361 0.000000
vt 0.000000 0.000000 0.000000
vt 0.285271 -0.168874 0.000000
vt 0.416780 -0.158417 0.000000
vt 0.000000 0.000000 0.000000
vt -0.131504 -0.010526 0.000000
vt 0.201920 -0.178113 0.000000
vt 0.000000 0.000000 0.000000
vt 0.289249 -0.161967 0.000000
vt 0.337284 -0.159675 0.000000
vt 0.000000 0.000000 0.000000
vt -0.048036 -0.002265 0.000000
vt 0.100792 -0.154230 0.000000
vt 0.000000 0.000000 0.000000
vt -0.150942 0.009589 0.000000
vt 0.143208 -0.157272 0.000000
vt 0.000000 0.000000 0.000000
vt -0.296221 0.163156 0.000000
vt -0.031440 0.006057 0.000000
vt 0.000000 0.000000 0.000000
vt -0.147045 0.029656 0.000000
vt 0.246406 -0.184589 0.000000
vt 0.000000 0.000000 0.000000
vt -0.408941 0.182952 0.000000
vt -0.168161 0.031545 0.000000
vt 0.000000 0.000000 0.000000
vt 0.129555 -0.170271 0.000000
vt 0.224762 -0.174303 0.000000
vt 0.000000 0.000000 0.000000
vt -0.095206 0.004032 0.000000
vt 0.224761 -0.174303 0.000000
vt 0.000000 0.000000 0.000000
vt 0.267124 -0.173543 0.000000
vt 0.332697 -0.153282 0.000000
vt 0.000000 0.000000 0.000000
vt -0.065378 -0.020881 0.000000
vt 0.071062 -0.042776 0.000000
vt 0.000000 0.000000 0.000000
vt 0.270240 -0.168652 0.000000
vt 0.136634 -0.020647 0.000000
vt 0.000000 0.000000 0.000000
vn 0.000000 1.000000 0.000000
vn 0.000000 1.000000 0.000000
vn 0.000000 1.000000 0.000000
vn 0.000000 1.000000 0.000000
vn 0.000000 1.000000 0.000000
vn 0.000000 1.000000 0.000000
vn 0.000000 1.000000 0.000000
vn 0.000000 1.000000 0.000000
vn 0.000000 1.000000 0.000000
vn 0.000000 1.000000 0.000000
vn 0.000000 1.000000 0.000000
vn 0.000000 1.000000 0.000000
vn 0.000000 1.000000 0.000000
vn 0.000000 1.000000 0.000000
vn 0.000000 1.000000 0.000000
vn 0.000000 1.000000 0.000000
vn 0.000000 1.000000 0.000000
vn 0.000000 1.000000 0.000000
vn 0.000000 1.000000 0.000000
vn 0.000000 1.000000 0.000000
vn 0.000000 1.000000 0.000000
vn 0.000000 1.000000 0.000000
vn 0.000000 1.000000 0.000000
vn 0.000000 1.000000 0.000000
vn 0.000000 1.000000 0.000000
vn 0.000000 1.000000 0.000000
vn 0.000000 1.000000 0.000000
vn 0.000000 1.000000 0.000000
vn 0.000000 1.000000 0.000000
vn 0.000000 1.000000 0.000000
vn 0.000000 1.000000 0.000000
vn 0.000000 1.000000 0.000000
vn 0.000000 1.000000 0.000000
vn 0.000000 1.000000 0.000000
vn 0.000000 1.000000 0.000000
vn 0.000000 1.000000 0.000000
vn 0.000000 1.000000 0.000000
vn 0.000000 1.000000 0.000000
vn 0.000000 1.000000 0.000000
vn 0.000000 1.000000 0.000000
vn 0.000000 1.000000 0.000000
vn 0.000000 1.000000 0.000000
vn 0.000000 1.000000 0.000000
vn 0.000000 1.000000 0.000000
vn 0.000000 1.000000 0.000000
vn 0.000000 1.000000 0.000000
vn 0.000000 1.000000 0.000000
vn 0.000000 1.000000 0.000000
vn 0.000000 1.000000 0.000000
vn 0.000000 1.000000 0.000000
vn 0.000000 1.000000 0.000000
vn 0.000000 1.000000 0.000000
vn 0.000000 1.000000 0.000000
vn 0.000000 1.000000 0.000000
vn 0.000000 1.000000 0.000000
vn 0.000000 1.000000 0.000000
vn 0.000000 1.000000 0.000000
vn 0.000000 1.000000 0.000000
vn 0.000000 1.000000 0.000000
vn 0.000000 1.000000 0.000000
vn 0.000000 1.000000 0.000000
vn 0.000000 1.000000 0.000000
vn 0.000000 1.000000 0.000000
vn 0.000000 1.000000 0.000000
vn 0.000000 1.000000 0.000000
vn 0.000000 1.000000 0.000000
vn 0.000000 1.000000 0.000000
vn 0.000000 1.000000 0.000000
vn 0.000000 1.000000 0.000000
vn 0.000000 1.000000 0.000000
vn 0.000000 1.000000 0.000000
vn 0.000000 1.000000 0.000000
vn 0.000000 1.000000 0.000000
vn 0.000000 1.000000 0.000000
vn 0.000000 1.000000 0.000000
vn 0.995734 0.000000 -0.092270
vn 0.995734 0.000000 -0.092270
vn 0.995734 0.000000 -0.092270
vn 0.995734 0.000000 -0.092270
vn 0.995734 0.000000 -0.092270
vn 0.995734 0.000000 -0.092270
vn 0.995734 0.000000 -0.092270
vn 0.995734 0.000000 -0.092270
vn 0.995734 0.000000 -0.092270
vn 0.995734 0.000000 -0.092270
vn 0.995734 0.000000 -0.092270
vn 0.995734 0.000000 -0.092270
vn 0.995734 0.000000 -0.092270
vn 0.995734 0.000000 -0.092270
vn 0.361241 0.000000 0.932473
vn 0.361241 0.000000 0.932473
vn 0.361241 0.000000 0.932473
vn 0.361241 0.000000 0.932473
vn 0.361241 0.000000 0.932473
vn 0.361241 0.000000 0.932473
vn 0.361241 0.000000 0.932473
vn 0.361241 0.000000 0.932473
vn 0.361241 0.000000 0.932473
vn 0.361241 0.000000 0.932473
vn 0.361241 0.000000 0.932473
vn 0.361241 0.000000 0.932473
vn 0.361241 0.000000 0.932473
vn 0.361241 0.000000 0.932473
vn 0.361241 0.000000 0.932473
vn 0.361241 0.000000 0.932473
vn 0.183757 0.000000 0.982972
vn 0.183757 0.000000 0.982972
vn 0.183757 0.000000 0.982972
vn 0.183757 0.000000 0.982972
vn 0.183757 0.000000 0.982972
vn 0.183757 0.000000 0.982972
vn 0.183757 0.000000 0.982972
vn 0.183757 0.000000 0.982972
vn 0.183757 0.000000 0.982972
vn 0.183757 0.000000 0.982972
vn 0.183757 0.000000 0.982972
vn 0.183757 0.000000 0.982972
vn 0.183757 0.000000 0.982972
vn 0.183757 0.000000 0.982972
vn 0.183757 0.000000 0.982972
vn 0.183757 0.000000 0.982972
vn 0.526430 0.000000 0.850219
vn 0.526430 0.000000 0.850219
vn 0.526430 0.000000 0.850219
vn 0.526430 0.000000 0.850219
vn 0.526430 0.000000 0.850219
vn 0.526430 0.000000 0.850219
vn 0.526430 0.000000 0.850219
vn 0.526430 0.000000 0.850219
vn 0.526430 0.000000 0.850219
vn 0.526430 0.000000 0.850219
vn 0.526430 0.000000 0.850219
vn 0.526430 0.000000 0.850219
vn 0.526430 0.000000 0.850219
vn 0.526430 0.000000 0.850219
vn 0.526430 0.000000 0.850219
vn 0.526430 0.000000 0.850219
vn 0.673699 0.000000 0.739006
vn 0.673699 0.000000 0.739006
vn 0.673699 0.000000 0.739006
vn 0.673699 0.000000 0.739006
vn 0.673699 0.000000 0.739006
vn 0.673699 0.000000 0.739006
vn 0.673699 0.000000 0.739006
vn 0.673699 0.000000 0.739006
vn 0.673699 0.000000 0.739006
vn 0.673699 0.000000 0.739006
vn 0.673699 0.000000 0.739006
vn 0.673699 0.000000 0.739006
vn 0.673699 0.000000 0.739006
vn 0.673699 0.000000 0.739006
vn 0.673699 0.000000 0.739006
vn 0.673699 0.000000 0.739006
vn 0.798019 0.000000 0.602633
vn 0.798019 0.000000 0.602633
vn 0.798019 0.000000 0.602633
vn 0.798019 0.000000 0.602633
vn 0.798019 0.000000 0.602633
vn 0.798019 0.000000 0.602633
vn 0.798019 0.000000 0.602633
vn 0.798019 0.000000 0.602633
vn 0.798019 0.000000 0.602633
vn 0.798019 0.000000 0.602633
vn 0.798019 0.000000 0.602633
vn 0.798019 0.000000 0.602633
vn 0.798019 0.000000 0.602633
vn 0.798019 0.000000 0.602633
vn 0.798019 0.000000 0.602633
vn 0.798019 0.000000 0.602633
vn 0.895162 0.000000 0.445741
vn 0.895162 0.000000 0.445741
vn 0.895162 0.000000 0.445741
vn 0.895162 0.000000 0.445741
vn 0.895162 0.000000 0.445741
vn 0.895162 0.000000 0.445741
vn 0.895162 0.000000 0.445741
vn 0.895162 0.000000 0.445741
vn 0.895162 0.000000 0.445741
vn 0.895162 0.000000 0.445741
vn 0.895162 0.000000 0.445741
vn 0.895162 0.000000 0.445741
vn 0.895162 0.000000 0.445741
vn 0.895162 0.000000 0.445741
vn 0.895162 0.000000 0.445741
vn 0.895162 0.000000 0.445741
vn 0.995734 0.000000 0.092268
vn 0.995734 0.000000 0.092268
vn 0.995734 0.000000 0.092268
vn 0.995734 0.000000 0.092268
vn 0.995734 0.000000 0.092268
vn 0.995734 0.000000 0.092268
vn 0.995734 0.000000 0.092268
vn 0.995734 0.000000 0.092268
vn 0.995734 0.000000 0.092268
vn 0.995734 0.000000 0.092268
vn 0.995734 0.000000 0.092268
vn 0.995734 0.000000 0.092268
vn 0.995734 0.000000 0.092268
vn 0.995734 0.000000 0.092268
vn 0.995734 0.000000 0.092268
vn 0.961827 0.000000 0.273659
vn 0.961827 0.000000 0.273659
vn 0.961827 0.000000 0.273659
vn 0.961827 0.000000 0.273659
vn 0.961827 0.000000 0.273659
vn 0.961827 0.000000 0.273659
vn 0.961827 0.000000 0.273659
vn 0.961827 0.000000 0.273659
vn 0.961827 0.000000 0.273659
vn 0.961827 0.000000 0.273659
vn 0.961827 0.000000 0.273659
vn 0.961827 0.000000 0.273659
vn 0.961827 0.000000 0.273659
vn 0.961827 0.000000 0.273659
vn 0.961827 0.000000 0.273659
vn 0.961827 0.000000 0.273659
vn -0.995734 0.000000 0.092268
vn -0.995734 0.000000 0.092268
vn -0.995734 0.000000 0.092268
vn -0.995734 0.000000 0.092268
vn -0.995734 0.000000 0.092268
vn -0.995734 0.000000 0.092268
vn -0.995734 0.000000 0.092268
vn -0.995734 0.000000 0.092268
vn -0.995734 0.000000 0.092268
vn -0.995734 0.000000 0.092268
vn -0.995734 0.000000 0.092268
vn -0.995734 0.000000 0.092268
vn -0.995734 0.000000 0.092268
vn -0.995734 0.000000 0.092268
vn -0.673699 0.000000 0.739006
vn -0.673699 0.000000 0.739006
vn -0.673699 0.000000 0.739006
vn -0.673699 0.000000 0.739006
vn -0.673699 0.000000 0.739006
vn -0.673699 0.000000 0.739006
vn -0.673699 0.000000 0.739006
vn -0.673699 0.000000 0.739006
vn -0.673699 0.000000 0.739006
vn -0.673699 0.000000 0.739006
vn -0.673699 0.000000 0.739006
vn -0.673699 0.000000 0.739006
vn -0.673699 0.000000 0.739006
vn -0.673699 0.000000 0.739006
vn -0.673699 0.000000 0.739006
vn -0.673699 0.000000 0.739006
vn -0.798019 0.000000 0.602632
vn -0.798019 0.000000 0.602632
vn -0.798019 0.000000 0.602632
vn -0.798019 0.000000 0.602632
vn -0.798019 0.000000 0.602632
vn -0.798019 0.000000 0.602632
vn -0.798019 0.000000 0.602632
vn -0.798019 0.000000 0.602632
vn -0.798019 0.000000 0.602632
vn -0.798019 0.000000 0.602632
vn -0.798019 0.000000 0.602632
vn -0.798019 0.000000 0.602632
vn -0.798019 0.000000 0.602632
vn -0.798019 0.000000 0.602632
vn -0.798019 0.000000 0.602632
vn -0.798019 0.000000 0.602632
vn -0.526430 0.000000 0.850219
vn -0.526430 0.000000 0.850219
vn -0.526430 0.000000 0.850219
vn -0.526430 0.000000 0.850219
vn -0.526430 0.000000 0.850219
vn -0.526430 0.000000 0.850219
vn -0.526430 0.000000 0.850219
vn -0.526430 0.000000 0.850219
vn -0.526430 0.000000 0.850219
vn -0.526430 0.000000 0.850219
vn -0.526430 0.000000 0.850219
vn -0.526430 0.000000 0.850219
vn -0.526430 0.000000 0.850219
vn -0.526430 0.000000 0.850219
vn -0.526430 0.000000 0.850219
vn -0.526430 0.000000 0.850219
vn -0.895162 0.000000 0.445741
vn -0.895162 0.000000 0.445741
vn -0.895162 0.000000 0.445741
vn -0.895162 0.000000 0.445741
vn -0.895162 0.000000 0.445741
vn -0.895162 0.000000 0.445741
vn -0.895162 0.000000 0.445741
vn -0.895162 0.000000 0.445741
vn -0.895162 0.000000 0.445741
vn -0.895162 0.000000 0.445741
vn -0.895162 0.000000 0.445741
vn -0.895162 0.000000 0.445741
vn -0.895162 0.000000 0.445741
vn -0.895162 0.000000 0.445741
vn -0.895162 0.000000 0.445741
vn -0.895162 0.000000 0.445741
vn -0.361241 0.000000 0.932473
vn -0.361241 0.000000 0.932473
vn -0.361241 0.000000 0.932473
vn -0.361241 0.000000 0.932473
vn -0.361241 0.000000 0.932473
vn -0.361241 0.000000 0.932473
vn -0.361241 0.000000 0.932473
vn -0.361241 0.000000 0.932473
vn -0.361241 0.000000 0.932473
vn -0.361241 0.000000 0.932473
vn -0.361241 0.000000 0.932473
vn -0.361241 0.000000 0.932473
vn -0.361241 0.000000 0.932473
vn -0.361241 0.000000 0.932473
vn -0.361241 0.000000 0.932473
vn -0.361241 0.000000 0.932473
vn -0.961827 0.000000 0.273659
vn -0.961827 0.000000 0.273659
vn -0.961827 0.000000 0.273659
vn -0.961827 0.000000 0.273659
vn -0.961827 0.000000 0.273659
vn -0.961827 0.000000 0.273659
vn -0.961827 0.000000 0.273659
vn -0.961827 0.000000 0.273659
vn -0.961827 0.000000 0.273659
vn -0.961827 0.000000 0.273659
vn -0.961827 0.000000 0.273659
vn -0.961827 0.000000 0.273659
vn -0.961827 0.000000 0.273659
vn -0.961827 0.000000 0.273659
vn -0.961827 0.000000 0.273659
vn -0.961827 0.000000 0.273659
vn -0.183757 0.000000 0.982972
vn -0.183757 0.000000 0.982972
vn -0.183757 0.000000 0.982972
vn -0.183757 0.000000 0.982972
vn -0.183757 0.000000 0.982972
vn -0.183757 0.000000 0.982972
vn -0.183757 0.000000 0.982972
vn -0.183757 0.000000 0.982972
vn -0.183757 0.000000 0.982972
vn -0.183757 0.000000 0.982972
vn -0.183757 0.000000 0.982972
vn -0.183757 0.000000 0.982972
vn -0.183757 0.000000 0.982972
vn -0.183757 0.000000 0.982972
vn -0.183757 0.000000 0.982972
vn -0.183757 0.000000 0.982972
vn 0.000000 0.000000 1.000000
vn 0.000000 0.000000 1.000000
vn 0.000000 0.000000 1.000000
vn 0.000000 0.000000 1.000000
vn 0.000000 0.000000 1.000000
vn 0.000000 0.000000 1.000000
vn 0.000000 0.000000 1.000000
vn 0.000000 0.000000 1.000000
vn 0.000000 0.000000 1.000000
vn 0.000000 0.000000 1.000000
vn 0.000000 0.000000 1.000000
vn 0.000000 0.000000 1.000000
vn 0.000000 0.000000 1.000000
vn 0.000000 0.000000 1.000000
vn 0.000000 0.000000 1.000000
vn 0.000000 0.000000 1.000000
vn 0.000000 0.000000 1.000000
vn 0.000000 0.000000 1.000000
vn 0.000000 0.000000 1.000000
vn 0.000000 0.000000 1.000000
vn 0.000000 0.000000 1.000000
vn 0.000000 0.000000 1.000000
vn 0.000000 0.000000 1.000000
vn 0.000000 0.000000 1.000000
vn 0.000000 0.000000 1.000000
vn 0.000000 0.000000 1.000000
vn 0.000000 0.000000 1.000000
vn 0.000000 0.000000 1.000000
vn 0.000000 0.000000 1.000000
vn 0.000000 0.000000 1.000000
vn 0.000000 0.000000 1.000000
vn 0.000000 0.000000 1.000000
vn 1.000000 0.000000 0.000000
vn 1.000000 0.000000 0.000000
vn 1.000000 0.000000 0.000000
vn 1.000000 0.000000 0.000000
vn 1.000000 0.000000 0.000000
vn 1.000000 0.000000 0.000000
vn 1.000000 0.000000 0.000000
vn 1.000000 0.000000 0.000000
vn -1.000000 0.000000 0.000000
vn -1.000000 0.000000 0.000000
vn -1.000000 0.000000 0.000000
vn -1.000000 0.000000 0.000000
vn -1.000000 0.000000 0.000000
vn -1.000000 0.000000 0.000000
vn -1.000000 0.000000 0.000000
vn -1.000000 0.000000 0.000000
vn 0.526430 0.000000 -0.850219
vn 0.526430 0.000000 -0.850219
vn 0.526430 0.000000 -0.850219
vn 0.526430 0.000000 -0.850219
vn 0.526430 0.000000 -0.850219
vn 0.526430 0.000000 -0.850219
vn 0.526430 0.000000 -0.850219
vn 0.526430 0.000000 -0.850219
vn 0.526430 0.000000 -0.850219
vn 0.526430 0.000000 -0.850219
vn 0.526430 0.000000 -0.850219
vn 0.526430 0.000000 -0.850219
vn 0.526430 0.000000 -0.850219
vn 0.526430 0.000000 -0.850219
vn 0.526430 0.000000 -0.850219
vn 0.526430 0.000000 -0.850219
vn 0.673699 0.000000 -0.739006
vn 0.673699 0.000000 -0.739006
vn 0.673699 0.000000 -0.739006
vn 0.673699 0.000000 -0.739006
vn 0.673699 0.000000 -0.739006
vn 0.673699 0.000000 -0.739006
vn 0.673699 0.000000 -0.739006
vn 0.673699 0.000000 -0.739006
vn 0.673699 0.000000 -0.739006
vn 0.673699 0.000000 -0.739006
vn 0.673699 0.000000 -0.739006
vn 0.673699 0.000000 -0.739006
vn 0.673699 0.000000 -0.739006
vn 0.673699 0.000000 -0.739006
vn 0.673699 0.000000 -0.739006
vn 0.673699 0.000000 -0.739006
vn 0.361229 0.000000 -0.932477
vn 0.361229 0.000000 -0.932477
vn 0.361229 0.000000 -0.932477
vn 0.361229 0.000000 -0.932477
vn 0.361229 0.000000 -0.932477
vn 0.361229 0.000000 -0.932477
vn 0.361229 0.000000 -0.932477
vn 0.361229 0.000000 -0.932477
vn 0.361229 0.000000 -0.932477
vn 0.361229 0.000000 -0.932477
vn 0.361229 0.000000 -0.932477
vn 0.361229 0.000000 -0.932477
vn 0.361229 0.000000 -0.932477
vn 0.361229 0.000000 -0.932477
vn 0.361229 0.000000 -0.932477
vn 0.361229 0.000000 -0.932477
vn 0.798019 0.000000 -0.602633
vn 0.798019 0.000000 -0.602633
vn 0.798019 0.000000 -0.602633
vn 0.798019 0.000000 -0.602633
vn 0.798019 0.000000 -0.602633
vn 0.798019 0.000000 -0.602633
vn 0.798019 0.000000 -0.602633
vn 0.798019 0.000000 -0.602633
vn 0.798019 0.000000 -0.602633
vn 0.798019 0.000000 -0.602633
vn 0.798019 0.000000 -0.602633
vn 0.798019 0.000000 -0.602633
vn 0.798019 0.000000 -0.602633
vn 0.798019 0.000000 -0.602633
vn 0.798019 0.000000 -0.602633
vn 0.798019 0.000000 -0.602633
vn 0.183757 0.000000 -0.982972
vn 0.183757 0.000000 -0.982972
vn 0.183757 0.000000 -0.982972
vn 0.183757 0.000000 -0.982972
vn 0.183757 0.000000 -0.982972
vn 0.183757 0.000000 -0.982972
vn 0.183757 0.000000 -0.982972
vn 0.183757 0.000000 -0.982972
vn 0.183757 0.000000 -0.982972
vn 0.183757 0.000000 -0.982972
vn 0.183757 0.000000 -0.982972
vn 0.183757 0.000000 -0.982972
vn 0.183757 0.000000 -0.982972
vn 0.183757 0.000000 -0.982972
vn 0.183757 0.000000 -0.982972
vn 0.183757 0.000000 -0.982972
vn 0.895165 0.000000 -0.445736
vn 0.895165 0.000000 -0.445736
vn 0.895165 0.000000 -0.445736
vn 0.895165 0.000000 -0.445736
vn 0.895165 0.000000 -0.445736
vn 0.895165 0.000000 -0.445736
vn 0.895165 0.000000 -0.445736
vn 0.895165 0.000000 -0.445736
vn 0.895165 0.000000 -0.445736
vn 0.895165 0.000000 -0.445736
vn 0.895165 0.000000 -0.445736
vn 0.895165 0.000000 -0.445736
vn 0.895165 0.000000 -0.445736
vn 0.895165 0.000000 -0.445736
vn 0.895165 0.000000 -0.445736
vn 0.895165 0.000000 -0.445736
vn 0.961826 0.000000 -0.273663
vn 0.961826 0.000000 -0.273663
vn 0.961826 0.000000 -0.273663
vn 0.961826 0.000000 -0.273663
vn 0.961826 0.000000 -0.273663
vn 0.961826 0.000000 -0.273663
vn 0.961826 0.000000 -0.273663
vn 0.961826 0.000000 -0.273663
vn 0.961826 0.000000 -0.273663
vn 0.961826 0.000000 -0.273663
vn 0.961826 0.000000 -0.273663
vn 0.961826 0.000000 -0.273663
vn 0.961826 0.000000 -0.273663
vn 0.961826 0.000000 -0.273663
vn 0.961826 0.000000 -0.273663
vn 0.961826 0.000000 -0.273663
vn 0.995734 -0.000000 -0.092270
vn 0.995734 -0.000000 -0.092270
vn 0.995734 -0.000000 -0.092270
vn 0.995734 0.000000 0.092270
vn 0.995734 0.000000 0.092270
vn 0.995734 0.000000 0.092270
vn 0.995734 0.000000 -0.092268
vn 0.995734 0.000000 -0.092268
vn 0.995734 0.000000 -0.092268
vn -0.798019 0.000000 -0.602632
vn -0.798019 0.000000 -0.602632
vn -0.798019 0.000000 -0.602632
vn -0.798019 0.000000 -0.602632
vn -0.798019 0.000000 -0.602632
vn -0.798019 0.000000 -0.602632
vn -0.798019 0.000000 -0.602632
vn -0.798019 0.000000 -0.602632
vn -0.798019 0.000000 -0.602632
vn -0.798019 0.000000 -0.602632
vn -0.798019 0.000000 -0.602632
vn -0.798019 0.000000 -0.602632
vn -0.798019 0.000000 -0.602632
vn -0.798019 0.000000 -0.602632
vn -0.798019 0.000000 -0.602632
vn -0.798019 0.000000 -0.602632
vn -0.895165 0.000000 -0.445736
vn -0.895165 0.000000 -0.445736
vn -0.895165 0.000000 -0.445736
vn -0.895165 0.000000 -0.445736
vn -0.895165 0.000000 -0.445736
vn -0.895165 0.000000 -0.445736
vn -0.895165 0.000000 -0.445736
vn -0.895165 0.000000 -0.445736
vn -0.895165 0.000000 -0.445736
vn -0.895165 0.000000 -0.445736
vn -0.895165 0.000000 -0.445736
vn -0.895165 0.000000 -0.445736
vn -0.895165 0.000000 -0.445736
vn -0.895165 0.000000 -0.445736
vn -0.895165 0.000000 -0.445736
vn -0.895165 0.000000 -0.445736
vn -0.673699 0.000000 -0.739006
vn -0.673699 0.000000 -0.739006
vn -0.673699 0.000000 -0.739006
vn -0.673699 0.000000 -0.739006
vn -0.673699 0.000000 -0.739006
vn -0.673699 0.000000 -0.739006
vn -0.673699 0.000000 -0.739006
vn -0.673699 0.000000 -0.739006
vn -0.673699 0.000000 -0.739006
vn -0.673699 0.000000 -0.739006
vn -0.673699 0.000000 -0.739006
vn -0.673699 0.000000 -0.739006
vn -0.673699 0.000000 -0.739006
vn -0.673699 0.000000 -0.739006
vn -0.673699 0.000000 -0.739006
vn -0.673699 0.000000 -0.739006
vn -0.995734 0.000000 -0.092270
vn -0.995734 0.000000 -0.092270
vn -0.995734 0.000000 -0.092270
vn -0.995734 0.000000 -0.092270
vn -0.995734 0.000000 -0.092270
vn -0.995734 0.000000 -0.092270
vn -0.995734 0.000000 -0.092270
vn -0.995734 0.000000 -0.092270
vn -0.995734 0.000000 -0.092270
vn -0.995734 0.000000 -0.092270
vn -0.995734 0.000000 -0.092270
vn -0.995734 0.000000 -0.092270
vn -0.995734 0.000000 -0.092270
vn -0.995734 0.000000 -0.092270
vn -0.995734 0.000000 -0.092270
vn -0.961826 0.000000 -0.273663
vn -0.961826 0.000000 -0.273663
vn -0.961826 0.000000 -0.273663
vn -0.961826 0.000000 -0.273663
vn -0.961826 0.000000 -0.273663
vn -0.961826 0.000000 -0.273663
vn -0.961826 0.000000 -0.273663
vn -0.961826 0.000000 -0.273663
vn -0.961826 0.000000 -0.273663
vn -0.961826 0.000000 -0.273663
vn -0.961826 0.000000 -0.273663
vn -0.961826 0.000000 -0.273663
vn -0.961826 0.000000 -0.273663
vn -0.961826 0.000000 -0.273663
vn -0.961826 0.000000 -0.273663
vn -0.961826 0.000000 -0.273663
vn -0.526430 0.000000 -0.850219
vn -0.526430 0.000000 -0.850219
vn -0.526430 0.000000 -0.850219
vn -0.526430 0.000000 -0.850219
vn -0.526430 0.000000 -0.850219
vn -0.526430 0.000000 -0.850219
vn -0.526430 0.000000 -0.850219
vn -0.526430 0.000000 -0.850219
vn -0.526430 0.000000 -0.850219
vn -0.526430 0.000000 -0.850219
vn -0.526430 0.000000 -0.850219
vn -0.526430 0.000000 -0.850219
vn -0.526430 0.000000 -0.850219
vn -0.526430 0.000000 -0.850219
vn -0.526430 0.000000 -0.850219
vn -0.526430 0.000000 -0.850219
vn -0.995734 0.000000 0.092268
vn -0.995734 0.000000 0.092268
vn -0.995734 0.000000 0.092268
vn -0.995734 -0.000000 -0.092268
vn -0.995734 -0.000000 -0.092268
vn -0.995734 -0.000000 -0.092268
vn -0.995734 0.000000 0.092270
vn -0.995734 0.000000 0.092270
vn -0.995734 0.000000 0.092270
vn -0.361229 0.000000 -0.932477
vn -0.361229 0.000000 -0.932477
vn -0.361229 0.000000 -0.932477
vn -0.361229 0.000000 -0.932477
vn -0.361229 0.000000 -0.932477
vn -0.361229 0.000000 -0.932477
vn -0.361229 0.000000 -0.932477
vn -0.361229 0.000000 -0.932477
vn -0.361229 0.000000 -0.932477
vn -0.361229 0.000000 -0.932477
vn -0.361229 0.000000 -0.932477
vn -0.361229 0.000000 -0.932477
vn -0.361229 0.000000 -0.932477
vn -0.361229 0.000000 -0.932477
vn -0.361229 0.000000 -0.932477
vn -0.361229 0.000000 -0.932477
vn 0.000000 0.000000 -1.000000
vn 0.000000 0.000000 -1.000000
vn 0.000000 0.000000 -1.000000
vn 0.000000 0.000000 -1.000000
vn 0.000000 0.000000 -1.000000
vn 0.000000 0.000000 -1.000000
vn 0.000000 0.000000 -1.000000
vn 0.000000 0.000000 -1.000000
vn 0.000000 0.000000 -1.000000
vn 0.000000 0.000000 -1.000000
vn 0.000000 0.000000 -1.000000
vn 0.000000 0.000000 -1.000000
vn 0.000000 0.000000 -1.000000
vn 0.000000 0.000000 -1.000000
vn 0.000000 0.000000 -1.000000
vn 0.000000 0.000000 -1.000000
vn 0.000000 0.000000 -1.000000
vn 0.000000 0.000000 -1.000000
vn 0.000000 0.000000 -1.000000
vn 0.000000 0.000000 -1.000000
vn 0.000000 0.000000 -1.000000
vn 0.000000 0.000000 -1.000000
vn 0.000000 0.000000 -1.000000
vn 0.000000 0.000000 -1.000000
vn -0.183757 0.000000 -0.982972
vn -0.183757 0.000000 -0.982972
vn -0.183757 0.000000 -0.982972
vn -0.183757 0.000000 -0.982972
vn -0.183757 0.000000 -0.982972
vn -0.183757 0.000000 -0.982972
vn -0.183757 0.000000 -0.982972
vn -0.183757 0.000000 -0.982972
vn -0.183757 0.000000 -0.982972
vn -0.183757 0.000000 -0.982972
vn -0.183757 0.000000 -0.982972
vn -0.183757 0.000000 -0.982972
vn -0.183757 0.000000 -0.982972
vn -0.183757 0.000000 -0.982972
vn -0.183757 0.000000 -0.982972
vn -0.183757 0.000000 -0.982972
vn 0.000000 0.000000 -1.000000
vn 0.000000 0.000000 -1.000000
vn 0.000000 0.000000 -1.000000
vn 0.000000 0.000000 -1.000000
vn 0.000000 0.000000 -1.000000
vn 0.000000 0.000000 -1.000000
vn 0.000000 0.000000 -1.000000
vn 0.000000 0.000000 -1.000000
vn 1.000000 0.000000 0.000000
vn 1.000000 0.000000 0.000000
vn 1.000000 0.000000 0.000000
vn 1.000000 0.000000 0.000000
vn 1.000000 0.000000 0.000000
vn 1.000000 0.000000 0.000000
vn 1.000000 0.000000 0.000000
vn 1.000000 0.000000 0.000000
vn 1.000000 0.000000 0.000000
vn 1.000000 0.000000 0.000000
vn 1.000000 0.000000 0.000000
vn 1.000000 0.000000 0.000000
vn 1.000000 0.000000 0.000000
vn 1.000000 0.000000 0.000000
vn 1.000000 0.000000 0.000000
vn 1.000000 0.000000 0.000000
vn 0.000000 0.000000 1.000000
vn 0.000000 0.000000 1.000000
vn 0.000000 0.000000 1.000000
vn 0.000000 0.000000 1.000000
vn 0.000000 0.000000 1.000000
vn 0.000000 0.000000 1.000000
vn 0.000000 0.000000 1.000000
vn 0.000000 0.000000 1.000000
vn -1.000000 0.000000 0.000000
vn -1.000000 0.000000 0.000000
vn -1.000000 0.000000 0.000000
vn -1.000000 0.000000 0.000000
vn -1.000000 0.000000 0.000000
vn -1.000000 0.000000 0.000000
vn -1.000000 0.000000 0.000000
vn -1.000000 0.000000 0.000000
vn -1.000000 0.000000 0.000000
vn -1.000000 0.000000 0.000000
vn -1.000000 0.000000 0.000000
vn -1.000000 0.000000 0.000000
vn -1.000000 0.000000 0.000000
vn -1.000000 0.000000 0.000000
vn -1.000000 0.000000 0.000000
vn -1.000000 0.000000 0.000000
vn 1.000000 0.000000 0.000000
vn 1.000000 0.000000 0.000000
vn 1.000000 0.000000 0.000000
vn 1.000000 0.000000 0.000000
vn 1.000000 0.000000 0.000000
vn 1.000000 0.000000 0.000000
vn 1.000000 0.000000 0.000000
vn 1.000000 0.000000 0.000000
vn 0.000000 0.000000 1.000000
vn 0.000000 0.000000 1.000000
vn 0.000000 0.000000 1.000000
vn 0.000000 0.000000 1.000000
vn 0.000000 0.000000 1.000000
vn 0.000000 0.000000 1.000000
vn 0.000000 0.000000 1.000000
vn 0.000000 0.000000 1.000000
vn 0.000000 1.000000 0.000000
vn 0.000000 1.000000 0.000000
vn 0.000000 1.000000 0.000000
vn 0.000000 1.000000 0.000000
vn 0.000000 1.000000 0.000000
vn 0.000000 1.000000 0.000000
vn 0.000000 1.000000 0.000000
vn 0.000000 1.000000 0.000000
vn 0.000000 1.000000 0.000000
vn 0.000000 1.000000 0.000000
vn 0.000000 1.000000 0.000000
vn 0.000000 1.000000 0.000000
vn 0.000000 1.000000 0.000000
vn 0.000000 1.000000 0.000000
vn 0.000000 1.000000 0.000000
vn 0.000000 1.000000 0.000000
vn 0.000000 1.000000 0.000000
vn 0.000000 1.000000 0.000000
vn 0.000000 1.000000 0.000000
vn 0.000000 1.000000 0.000000
vn 0.000000 1.000000 0.000000
vn 0.000000 1.000000 0.000000
vn 0.000000 1.000000 0.000000
vn 0.000000 1.000000 0.000000
vn 0.000000 1.000000 0.000000
vn 0.000000 1.000000 0.000000
vn 0.000000 1.000000 0.000000
vn 0.000000 1.000000 0.000000
vn 0.000000 1.000000 0.000000
vn 0.000000 1.000000 0.000000
vn 0.000000 1.000000 0.000000
vn 0.000000 1.000000 0.000000
vn 0.000000 1.000000 0.000000
vn 0.000000 1.000000 0.000000
vn 0.000000 1.000000 0.000000
vn 0.000000 1.000000 0.000000
vn 0.000000 1.000000 0.000000
vn 0.000000 1.000000 0.000000
vn 0.000000 1.000000 0.000000
vn 0.000000 1.000000 0.000000
vn 0.000000 1.000000 0.000000
vn 0.000000 1.000000 0.000000
vn 0.000000 1.000000 0.000000
vn 0.000000 1.000000 0.000000
vn 0.000000 1.000000 0.000000
vn 0.000000 1.000000 0.000000
vn 0.000000 1.000000 0.000000
vn 0.000000 1.000000 0.000000
vn 0.000000 1.000000 0.000000
vn 0.000000 1.000000 0.000000
vn 0.000000 1.000000 0.000000
vn 0.000000 1.000000 0.000000
vn 0.000000 1.000000 0.000000
vn 0.000000 1.000000 0.000000
vn 0.000000 1.000000 0.000000
vn 0.000000 1.000000 0.000000
vn 0.000000 1.000000 0.000000
vn 0.000000 1.000000 0.000000
vn 0.000000 1.000000 0.000000
vn 0.000000 -1.000000 0.000000
vn 0.000000 -1.000000 0.000000
vn 0.000000 -1.000000 0.000000
vn 0.000000 -1.000000 0.000000
vn 0.000000 -1.000000 0.000000
vn 0.000000 -1.000000 0.000000
vn 0.000000 -1.000000 0.000000
vn 0.000000 -1.000000 0.000000
vn 0.000000 -1.000000 0.000000
vn 0.000000 -1.000000 0.000000
vn 0.000000 -1.000000 0.000000
vn 0.000000 -1.000000 0.000000
vn 0.000000 -1.000000 0.000000
vn 0.000000 -1.000000 0.000000
vn 0.000000 -1.000000 0.000000
vn 0.000000 -1.000000 0.000000
vn 0.000000 -1.000000 0.000000
vn 0.000000 -1.000000 0.000000
vn 0.000000 -1.000000 0.000000
vn 0.000000 -1.000000 0.000000
vn 0.000000 -1.000000 0.000000
vn 0.000000 -1.000000 0.000000
vn 0.000000 -1.000000 0.000000
vn 0.000000 -1.000000 0.000000
vn 0.000000 0.000000 -1.000000
vn 0.000000 0.000000 -1.000000
vn 0.000000 0.000000 -1.000000
vn 0.000000 0.000000 -1.000000
vn 0.000000 0.000000 -1.000000
vn 0.000000 0.000000 -1.000000
vn 0.000000 0.000000 -1.000000
vn 0.000000 0.000000 -1.000000
vn 0.000000 0.000000 -1.000000
vn 0.000000 0.000000 -1.000000
vn 0.000000 0.000000 -1.000000
vn 0.000000 0.000000 -1.000000
vn 0.000000 0.000000 -1.000000
vn 0.000000 0.000000 -1.000000
vn 0.000000 0.000000 -1.000000
vn 0.000000 0.000000 -1.000000
vn -1.000000 0.000000 0.000000
vn -1.000000 0.000000 0.000000
vn -1.000000 0.000000 0.000000
vn -1.000000 0.000000 0.000000
vn -1.000000 0.000000 0.000000
vn -1.000000 0.000000 0.000000
vn -1.000000 0.000000 0.000000
vn -1.000000 0.000000 0.000000
vn -0.073531 -0.000000 -0.997293
vn -0.073531 -0.000000 -0.997293
vn -0.073531 -0.000000 -0.997293
vn -0.073531 -0.000000 -0.997293
vn -0.087154 -0.000000 -0.996195
vn -0.087154 -0.000000 -0.996195
vn -0.087154 -0.000000 -0.996195
vn -0.087154 -0.000000 -0.996195
vn -0.226303 -0.000000 -0.974057
vn -0.226303 -0.000000 -0.974057
vn -0.226303 -0.000000 -0.974057
vn -0.226303 -0.000000 -0.974057
vn -0.258821 -0.000000 -0.965925
vn -0.258821 -0.000000 -0.965925
vn -0.258821 -0.000000 -0.965925
vn -0.258821 -0.000000 -0.965925
vn -0.373666 -0.000000 -0.927563
vn -0.373666 -0.000000 -0.927563
vn -0.373666 -0.000000 -0.927563
vn -0.373666 -0.000000 -0.927563
vn -0.422617 -0.000000 -0.906308
vn -0.422617 -0.000000 -0.906308
vn -0.422617 -0.000000 -0.906308
vn -0.422617 -0.000000 -0.906308
vn -0.512111 -0.000000 -0.858919
vn -0.512111 -0.000000 -0.858919
vn -0.512111 -0.000000 -0.858919
vn -0.512111 -0.000000 -0.858919
vn -0.573577 -0.000000 -0.819152
vn -0.573577 -0.000000 -0.819152
vn -0.573577 -0.000000 -0.819152
vn -0.573577 -0.000000 -0.819152
vn -0.640106 -0.000000 -0.768287
vn -0.640106 -0.000000 -0.768287
vn -0.640106 -0.000000 -0.768287
vn -0.640106 -0.000000 -0.768287
vn -0.707107 -0.000000 -0.707107
vn -0.707107 -0.000000 -0.707107
vn -0.707107 -0.000000 -0.707107
vn -0.707107 -0.000000 -0.707107
vn -0.753871 -0.000000 -0.657022
vn -0.753871 -0.000000 -0.657022
vn -0.753871 -0.000000 -0.657022
vn -0.753871 -0.000000 -0.657022
vn -0.819152 -0.000000 -0.573577
vn -0.819152 -0.000000 -0.573577
vn -0.819152 -0.000000 -0.573577
vn -0.819152 -0.000000 -0.573577
vn -0.848549 -0.000000 -0.529116
vn -0.848549 -0.000000 -0.529116
vn -0.848549 -0.000000 -0.529116
vn -0.848549 -0.000000 -0.529116
vn -0.906308 -0.000000 -0.422617
vn -0.906308 -0.000000 -0.422617
vn -0.906308 -0.000000 -0.422617
vn -0.906308 -0.000000 -0.422617
vn -0.921739 -0.000000 -0.387811
vn -0.921739 -0.000000 -0.387811
vn -0.921739 -0.000000 -0.387811
vn -0.921739 -0.000000 -0.387811
vn -0.965925 -0.000000 -0.258821
vn -0.965925 -0.000000 -0.258821
vn -0.965925 -0.000000 -0.258821
vn -0.965925 -0.000000 -0.258821
vn -0.971587 -0.000000 -0.236684
vn -0.971587 -0.000000 -0.236684
vn -0.971587 -0.000000 -0.236684
vn -0.971587 -0.000000 -0.236684
vn -0.996829 -0.000000 -0.079568
vn -0.996829 -0.000000 -0.079568
vn -0.996829 -0.000000 -0.079568
vn -0.996829 -0.000000 -0.079568
vn -0.996195 0.000000 -0.087154
vn -0.996195 0.000000 -0.087154
vn -0.996195 0.000000 -0.087154
vn -0.996195 0.000000 -0.087154
vn -0.000000 0.000000 1.000000
vn -0.000000 0.000000 1.000000
vn -0.000000 0.000000 1.000000
vn -0.000000 0.000000 1.000000
vn -0.000000 0.000000 1.000000
vn -0.000000 0.000000 1.000000
vn -0.000000 0.000000 1.000000
vn -0.000000 0.000000 1.000000
vn -0.000000 0.000000 1.000000
vn -0.000000 0.000000 1.000000
vn -0.000000 0.000000 1.000000
vn -0.000000 0.000000 1.000000
vn -0.000000 0.000000 1.000000
vn -0.000000 0.000000 1.000000
vn -0.000000 0.000000 1.000000
vn -0.000000 0.000000 1.000000
vn -0.000000 0.000000 1.000000
vn -0.000000 0.000000 1.000000
vn -0.000000 0.000000 1.000000
vn -0.000000 0.000000 1.000000
vn -0.000000 0.000000 1.000000
vn -0.000000 0.000000 1.000000
vn -0.000000 0.000000 1.000000
vn -0.000000 0.000000 1.000000
vn -0.000000 0.000000 1.000000
vn -0.000000 0.000000 1.000000
vn -0.000000 0.000000 1.000000
vn -0.000000 0.000000 1.000000
vn -0.000000 0.000000 1.000000
vn -0.000000 0.000000 1.000000
vn -0.000000 0.000000 1.000000
vn -0.000000 0.000000 1.000000
vn -0.000000 0.000000 1.000000
vn -0.000000 0.000000 1.000000
vn -0.000000 0.000000 1.000000
vn -0.000000 0.000000 1.000000
vn -0.000000 0.000000 1.000000
vn -0.000000 0.000000 1.000000
vn -0.000000 0.000000 1.000000
vn -0.000000 0.000000 1.000000
vn -0.000000 0.000000 1.000000
vn -0.000000 0.000000 1.000000
vn -0.000000 0.000000 1.000000
vn -0.000000 0.000000 1.000000
vn -0.000000 0.000000 1.000000
vn -0.000000 0.000000 1.000000
vn -0.000000 0.000000 1.000000
vn -0.000000 0.000000 1.000000
vn -0.000000 0.000000 1.000000
vn -0.000000 0.000000 1.000000
vn -0.000000 0.000000 1.000000
vn -0.000000 0.000000 1.000000
vn -0.000000 0.000000 1.000000
vn -0.000000 0.000000 1.000000
vn -0.000000 0.000000 1.000000
vn -0.000000 0.000000 1.000000
vn -0.000000 0.000000 1.000000
vn -0.000000 0.000000 1.000000
vn -0.000000 0.000000 1.000000
vn -0.000000 0.000000 1.000000
vn -0.000000 0.000000 1.000000
vn -0.000000 0.000000 1.000000
vn -0.000000 0.000000 1.000000
vn -0.000000 0.000000 1.000000
vn -0.000000 0.000000 1.000000
vn -0.000000 0.000000 1.000000
vn -0.000000 0.000000 1.000000
vn -0.000000 0.000000 1.000000
vn -0.000000 0.000000 1.000000
vn -0.000000 0.000000 1.000000
vn -0.000000 0.000000 1.000000
vn -0.000000 0.000000 1.000000
vn -0.000000 0.000000 1.000000
vn -0.000000 0.000000 1.000000
vn -0.000000 0.000000 1.000000
vn -0.000000 0.000000 1.000000
vn -0.000000 0.000000 1.000000
vn -0.000000 0.000000 1.000000
vn -0.000000 0.000000 1.000000
vn -0.000000 0.000000 1.000000
vn -0.000000 0.000000 1.000000
vn -0.000000 0.000000 1.000000
vn -0.000000 0.000000 1.000000
vn -0.000000 0.000000 1.000000
vn -0.000000 0.000000 1.000000
vn -0.000000 0.000000 1.000000
vn -0.000000 0.000000 1.000000
vn -0.000000 0.000000 1.000000
vn -0.000000 0.000000 1.000000
vn -0.000000 0.000000 1.000000
vn -0.000000 0.000000 1.000000
vn -0.000000 0.000000 1.000000
vn -0.000000 0.000000 1.000000
vn -0.000000 0.000000 1.000000
vn -0.000000 0.000000 1.000000
vn -0.000000 0.000000 1.000000
vn -0.000000 0.000000 1.000000
vn -0.000000 0.000000 1.000000
vn -0.000000 0.000000 1.000000
vn -0.000000 0.000000 1.000000
vn -0.000000 0.000000 1.000000
vn -0.000000 0.000000 1.000000
vn 0.994291 0.000000 -0.106699
vn 0.994291 0.000000 -0.106699
vn 0.994291 0.000000 -0.106699
vn 0.994291 0.000000 -0.106699
vn 0.972027 0.000000 -0.234868
vn 0.972027 0.000000 -0.234868
vn 0.972027 0.000000 -0.234868
vn 0.972027 0.000000 -0.234868
vn 0.965925 0.000000 -0.258821
vn 0.965925 0.000000 -0.258821
vn 0.965925 0.000000 -0.258821
vn 0.965925 0.000000 -0.258821
vn 0.922944 0.000000 -0.384935
vn 0.922944 0.000000 -0.384935
vn 0.922944 0.000000 -0.384935
vn 0.922944 0.000000 -0.384935
vn 0.906308 0.000000 -0.422617
vn 0.906308 0.000000 -0.422617
vn 0.906308 0.000000 -0.422617
vn 0.906308 0.000000 -0.422617
vn 0.850851 0.000000 -0.525406
vn 0.850851 0.000000 -0.525406
vn 0.850851 0.000000 -0.525406
vn 0.850851 0.000000 -0.525406
vn 0.819152 0.000000 -0.573577
vn 0.819152 0.000000 -0.573577
vn 0.819152 0.000000 -0.573577
vn 0.819152 0.000000 -0.573577
vn 0.757550 0.000000 -0.652778
vn 0.757550 0.000000 -0.652778
vn 0.757550 0.000000 -0.652778
vn 0.757550 0.000000 -0.652778
vn 0.707107 0.000000 -0.707107
vn 0.707107 0.000000 -0.707107
vn 0.707107 0.000000 -0.707107
vn 0.707107 0.000000 -0.707107
vn 0.645360 0.000000 -0.763879
vn 0.645360 0.000000 -0.763879
vn 0.645360 0.000000 -0.763879
vn 0.645360 0.000000 -0.763879
vn 0.573577 0.000000 -0.819152
vn 0.573577 0.000000 -0.819152
vn 0.573577 0.000000 -0.819152
vn 0.573577 0.000000 -0.819152
vn 0.518527 0.000000 -0.855061
vn 0.518527 0.000000 -0.855061
vn 0.518527 0.000000 -0.855061
vn 0.518527 0.000000 -0.855061
vn 0.422617 0.000000 -0.906308
vn 0.422617 0.000000 -0.906308
vn 0.422617 0.000000 -0.906308
vn 0.422617 0.000000 -0.906308
vn 0.380600 0.000000 -0.924740
vn 0.380600 0.000000 -0.924740
vn 0.380600 0.000000 -0.924740
vn 0.380600 0.000000 -0.924740
vn 0.258821 0.000000 -0.965925
vn 0.258821 0.000000 -0.965925
vn 0.258821 0.000000 -0.965925
vn 0.258821 0.000000 -0.965925
vn 0.233584 0.000000 -0.972337
vn 0.233584 0.000000 -0.972337
vn 0.233584 0.000000 -0.972337
vn 0.233584 0.000000 -0.972337
vn 0.087154 0.000000 -0.996195
vn 0.087154 0.000000 -0.996195
vn 0.087154 0.000000 -0.996195
vn 0.087154 0.000000 -0.996195
vn 0.080996 0.000000 -0.996714
vn 0.080996 0.000000 -0.996714
vn 0.080996 0.000000 -0.996714
vn 0.080996 0.000000 -0.996714
vn 1.000000 0.000000 0.000000
vn 1.000000 0.000000 0.000000
vn 1.000000 0.000000 0.000000
vn 1.000000 0.000000 0.000000
vn -0.000000 -1.000000 -0.000000
vn -0.000000 -1.000000 -0.000000
vn -0.000000 -1.000000 -0.000000
vn 0.996879 -0.000000 -0.078944
vn 0.996879 -0.000000 -0.078944
vn 0.996879 -0.000000 -0.078944
vn 0.996879 -0.000000 -0.078944
vn 0.996879 -0.000000 -0.078944
vn 0.996879 -0.000000 -0.078944
vn 0.996879 -0.000000 -0.078944
vn 0.986206 -0.000000 -0.165522
vn 0.986206 -0.000000 -0.165522
vn 0.986206 -0.000000 -0.165522
vn 0.986206 -0.000000 -0.165522
vn 0.986206 -0.000000 -0.165522
vn 0.972027 0.000205 -0.234868
vn 0.972027 0.000205 -0.234868
vn 0.972027 0.000205 -0.234868
vn 0.972027 0.000205 -0.234868
vn 0.965925 -0.000409 -0.258821
vn 0.965925 -0.000409 -0.258821
vn 0.965925 -0.000409 -0.258821
vn 0.922944 0.000362 -0.384935
vn 0.922944 0.000362 -0.384935
vn 0.922944 0.000362 -0.384935
vn 0.922944 0.000362 -0.384935
vn 0.906308 -0.000542 -0.422617
vn 0.906308 -0.000542 -0.422617
vn 0.906308 -0.000542 -0.422617
vn 0.850851 0.000471 -0.525406
vn 0.850851 0.000471 -0.525406
vn 0.850851 0.000471 -0.525406
vn 0.850851 0.000471 -0.525406
vn 0.819152 -0.000628 -0.573577
vn 0.819152 -0.000628 -0.573577
vn 0.819152 -0.000628 -0.573577
vn 0.757549 0.000533 -0.652778
vn 0.757549 0.000533 -0.652778
vn 0.757549 0.000533 -0.652778
vn 0.757549 0.000533 -0.652778
vn 0.707107 -0.000666 -0.707107
vn 0.707107 -0.000666 -0.707107
vn 0.707107 -0.000666 -0.707107
vn 0.645360 0.000547 -0.763879
vn 0.645360 0.000547 -0.763879
vn 0.645360 0.000547 -0.763879
vn 0.645360 0.000547 -0.763879
vn 0.573577 -0.000656 -0.819152
vn 0.573577 -0.000656 -0.819152
vn 0.573577 -0.000656 -0.819152
vn 0.518527 0.000484 -0.855061
vn 0.518527 0.000484 -0.855061
vn 0.518527 0.000484 -0.855061
vn 0.518527 0.000484 -0.855061
vn 0.422617 -0.000581 -0.906308
vn 0.422617 -0.000581 -0.906308
vn 0.422617 -0.000581 -0.906308
vn 0.380600 0.000374 -0.924740
vn 0.380600 0.000374 -0.924740
vn 0.380600 0.000374 -0.924740
vn 0.380600 0.000374 -0.924740
vn 0.258821 -0.000437 -0.965925
vn 0.258821 -0.000437 -0.965925
vn 0.258821 -0.000437 -0.965925
vn 0.233584 0.000196 -0.972337
vn 0.233584 0.000196 -0.972337
vn 0.233584 0.000196 -0.972337
vn 0.233584 0.000196 -0.972337
vn 0.087154 -0.000224 -0.996195
vn 0.087154 -0.000224 -0.996195
vn 0.087154 -0.000224 -0.996195
vn 0.080996 -0.000052 -0.996714
vn 0.080996 -0.000052 -0.996714
vn 0.080996 -0.000052 -0.996714
vn 0.080996 -0.000052 -0.996714
vn -0.073531 0.000050 -0.997293
vn -0.073531 0.000050 -0.997293
vn -0.073531 0.000050 -0.997293
vn -0.073531 0.000050 -0.997293
vn -0.087154 -0.000312 -0.996195
vn -0.087154 -0.000312 -0.996195
vn -0.087154 -0.000312 -0.996195
vn -0.226303 0.000271 -0.974057
vn -0.226303 0.000271 -0.974057
vn -0.226303 0.000271 -0.974057
vn -0.226303 0.000271 -0.974057
vn -0.258821 -0.000499 -0.965925
vn -0.258821 -0.000499 -0.965925
vn -0.258821 -0.000499 -0.965925
vn -0.373666 0.000424 -0.927563
vn -0.373666 0.000424 -0.927563
vn -0.373666 0.000424 -0.927563
vn -0.373666 0.000424 -0.927563
vn -0.422617 -0.000618 -0.906308
vn -0.422617 -0.000618 -0.906308
vn -0.422617 -0.000618 -0.906308
vn -0.512111 0.000507 -0.858919
vn -0.512111 0.000507 -0.858919
vn -0.512111 0.000507 -0.858919
vn -0.512111 0.000507 -0.858919
vn -0.573577 -0.000667 -0.819152
vn -0.573577 -0.000667 -0.819152
vn -0.573577 -0.000667 -0.819152
vn -0.640106 0.000555 -0.768287
vn -0.640106 0.000555 -0.768287
vn -0.640106 0.000555 -0.768287
vn -0.640106 0.000555 -0.768287
vn -0.707107 -0.000657 -0.707107
vn -0.707107 -0.000657 -0.707107
vn -0.707107 -0.000657 -0.707107
vn -0.753871 0.000526 -0.657022
vn -0.753871 0.000526 -0.657022
vn -0.753871 0.000526 -0.657022
vn -0.753871 0.000526 -0.657022
vn -0.819152 -0.000607 -0.573577
vn -0.819152 -0.000607 -0.573577
vn -0.819152 -0.000607 -0.573577
vn -0.848549 0.000455 -0.529116
vn -0.848549 0.000455 -0.529116
vn -0.848549 0.000455 -0.529116
vn -0.848549 0.000455 -0.529116
vn -0.906308 -0.000516 -0.422617
vn -0.906308 -0.000516 -0.422617
vn -0.906308 -0.000516 -0.422617
vn -0.921739 0.000344 -0.387811
vn -0.921739 0.000344 -0.387811
vn -0.921739 0.000344 -0.387811
vn -0.921739 0.000344 -0.387811
vn -0.965925 -0.000385 -0.258821
vn -0.965925 -0.000385 -0.258821
vn -0.965925 -0.000385 -0.258821
vn -0.971587 0.000193 -0.236684
vn -0.971587 0.000193 -0.236684
vn -0.971587 0.000193 -0.236684
vn -0.971587 0.000193 -0.236684
vn -0.996829 -0.000233 -0.079568
vn -0.996829 -0.000233 -0.079568
vn -0.996829 -0.000233 -0.079568
vn -0.996829 -0.000233 -0.079568
vn 0.994291 -0.000029 -0.106699
vn 0.994291 -0.000029 -0.106699
vn 0.994291 -0.000029 -0.106699
vn 0.127531 0.097398 -0.987041
vn 0.127531 0.097398 -0.987041
vn 0.127531 0.097398 -0.987041
vn 0.179493 0.179283 -0.967285
vn 0.179493 0.179283 -0.967285
vn 0.179493 0.179283 -0.967285
vn 0.107474 0.107349 -0.988395
vn 0.107474 0.107349 -0.988395
vn 0.107474 0.107349 -0.988395
vn 0.107475 0.107349 -0.988395
vn 0.107475 0.107349 -0.988395
vn 0.107475 0.107349 -0.988395
vn 0.085584 0.115544 -0.989608
vn 0.085584 0.115544 -0.989608
vn 0.085584 0.115544 -0.989608
vn 0.085585 0.115544 -0.989608
vn 0.085585 0.115544 -0.989608
vn 0.085585 0.115544 -0.989608
vn 0.143250 0.193396 -0.970607
vn 0.143250 0.193396 -0.970607
vn 0.143250 0.193396 -0.970607
vn 0.143248 0.193396 -0.970607
vn 0.143248 0.193396 -0.970607
vn 0.143248 0.193396 -0.970607
vn 0.201719 0.272337 -0.940820
vn 0.201719 0.272337 -0.940820
vn 0.201719 0.272337 -0.940820
vn 0.062217 0.121833 -0.990599
vn 0.062217 0.121833 -0.990599
vn 0.062217 0.121833 -0.990599
vn 0.062217 0.121833 -0.990599
vn 0.062217 0.121833 -0.990599
vn 0.062217 0.121833 -0.990599
vn 0.104326 0.204291 -0.973335
vn 0.104326 0.204291 -0.973335
vn 0.104326 0.204291 -0.973335
vn 0.104328 0.204291 -0.973335
vn 0.104328 0.204291 -0.973335
vn 0.104328 0.204291 -0.973335
vn 0.147321 0.288478 -0.946085
vn 0.147321 0.288478 -0.946085
vn 0.147321 0.288478 -0.946085
vn 0.147319 0.288478 -0.946085
vn 0.147319 0.288478 -0.946085
vn 0.147319 0.288478 -0.946085
vn 0.191390 0.374779 -0.907144
vn 0.191390 0.374779 -0.907144
vn 0.191390 0.374779 -0.907144
vn 0.037770 0.126095 -0.991299
vn 0.037770 0.126095 -0.991299
vn 0.037770 0.126095 -0.991299
vn 0.037770 0.126095 -0.991299
vn 0.037770 0.126095 -0.991299
vn 0.037770 0.126095 -0.991299
vn 0.063415 0.211708 -0.975273
vn 0.063415 0.211708 -0.975273
vn 0.063415 0.211708 -0.975273
vn 0.063415 0.211708 -0.975273
vn 0.063415 0.211708 -0.975273
vn 0.063415 0.211708 -0.975273
vn 0.089726 0.299547 -0.949853
vn 0.089726 0.299547 -0.949853
vn 0.089726 0.299547 -0.949853
vn 0.089727 0.299547 -0.949853
vn 0.089727 0.299547 -0.949853
vn 0.089727 0.299547 -0.949853
vn 0.116890 0.390230 -0.913267
vn 0.116890 0.390230 -0.913267
vn 0.116890 0.390230 -0.913267
vn 0.116891 0.390230 -0.913267
vn 0.116891 0.390230 -0.913267
vn 0.116891 0.390230 -0.913267
vn 0.144972 0.483978 -0.862988
vn 0.144972 0.483978 -0.862988
vn 0.144972 0.483978 -0.862988
vn -0.068702 0.695731 -0.715010
vn -0.068702 0.695731 -0.715010
vn -0.068702 0.695731 -0.715010
vn -0.202806 0.677057 -0.707435
vn -0.202806 0.677057 -0.707435
vn -0.202806 0.677057 -0.707435
vn -0.230798 0.770507 -0.594182
vn -0.230798 0.770507 -0.594182
vn -0.230798 0.770507 -0.594182
vn -0.370448 0.726198 -0.579142
vn -0.370448 0.726198 -0.579142
vn -0.370448 0.726198 -0.579142
vn -0.408208 0.800222 -0.439330
vn -0.408208 0.800222 -0.439330
vn -0.408208 0.800222 -0.439330
vn -0.539742 0.728777 -0.421382
vn -0.539742 0.728777 -0.421382
vn -0.539742 0.728777 -0.421382
vn -0.574258 0.775382 -0.262697
vn -0.574258 0.775382 -0.262697
vn -0.574258 0.775382 -0.262697
vn -0.685414 0.684138 -0.249325
vn -0.685414 0.684138 -0.249325
vn -0.685414 0.684138 -0.249325
vn -0.685446 0.684121 -0.249285
vn -0.685446 0.684121 -0.249285
vn -0.685446 0.684121 -0.249285
vn -0.772198 0.589741 -0.236465
vn -0.772198 0.589741 -0.236465
vn -0.772198 0.589741 -0.236465
vn -0.202807 0.677056 -0.707435
vn -0.202807 0.677056 -0.707435
vn -0.202807 0.677056 -0.707435
vn -0.327423 0.641775 -0.693483
vn -0.327423 0.641775 -0.693483
vn -0.327423 0.641775 -0.693483
vn -0.370477 0.726165 -0.579165
vn -0.370477 0.726165 -0.579165
vn -0.370477 0.726165 -0.579165
vn -0.493292 0.666049 -0.559501
vn -0.493292 0.666049 -0.559501
vn -0.493292 0.666049 -0.559501
vn -0.539745 0.728771 -0.421387
vn -0.539745 0.728771 -0.421387
vn -0.539745 0.728771 -0.421387
vn -0.647965 0.646801 -0.402231
vn -0.647965 0.646801 -0.402231
vn -0.647965 0.646801 -0.402231
vn -0.647997 0.646790 -0.402197
vn -0.647997 0.646790 -0.402197
vn -0.647997 0.646790 -0.402197
vn -0.733953 0.560533 -0.383557
vn -0.733953 0.560533 -0.383557
vn -0.733953 0.560533 -0.383557
vn -0.772198 0.589741 -0.236465
vn -0.772198 0.589741 -0.236465
vn -0.772198 0.589741 -0.236465
vn -0.839020 0.495409 -0.224980
vn -0.839020 0.495409 -0.224980
vn -0.839020 0.495409 -0.224980
vn -0.327449 0.641746 -0.693498
vn -0.327449 0.641746 -0.693498
vn -0.327449 0.641746 -0.693498
vn -0.439169 0.592967 -0.674923
vn -0.439169 0.592967 -0.674923
vn -0.439169 0.592967 -0.674923
vn -0.493294 0.666046 -0.559503
vn -0.493294 0.666046 -0.559503
vn -0.493294 0.666046 -0.559503
vn -0.596566 0.595536 -0.538002
vn -0.596566 0.595536 -0.538002
vn -0.596566 0.595536 -0.538002
vn -0.596600 0.595529 -0.537972
vn -0.596600 0.595529 -0.537972
vn -0.596600 0.595529 -0.537972
vn -0.680471 0.519688 -0.516609
vn -0.680471 0.519688 -0.516609
vn -0.680471 0.519688 -0.516609
vn -0.733953 0.560533 -0.383557
vn -0.733953 0.560533 -0.383557
vn -0.733953 0.560533 -0.383557
vn -0.801142 0.473042 -0.366610
vn -0.801142 0.473042 -0.366610
vn -0.801142 0.473042 -0.366610
vn -0.839020 0.495408 -0.224981
vn -0.839020 0.495408 -0.224981
vn -0.839020 0.495408 -0.224981
vn -0.889368 0.403350 -0.215251
vn -0.889368 0.403350 -0.215251
vn -0.889368 0.403350 -0.215251
vn -0.439171 0.592964 -0.674924
vn -0.439171 0.592964 -0.674924
vn -0.439171 0.592964 -0.674924
vn -0.535298 0.534410 -0.654112
vn -0.535298 0.534410 -0.654112
vn -0.535298 0.534410 -0.654112
vn -0.535329 0.534405 -0.654090
vn -0.535329 0.534405 -0.654090
vn -0.535329 0.534405 -0.654090
vn -0.615294 0.469910 -0.632928
vn -0.615294 0.469910 -0.632928
vn -0.615294 0.469910 -0.632928
vn -0.680471 0.519687 -0.516609
vn -0.680471 0.519687 -0.516609
vn -0.680471 0.519687 -0.516609
vn -0.747311 0.441258 -0.496807
vn -0.747311 0.441258 -0.496807
vn -0.747311 0.441258 -0.496807
vn -0.801142 0.473043 -0.366609
vn -0.801142 0.473043 -0.366609
vn -0.801142 0.473043 -0.366609
vn -0.852406 0.386587 -0.352070
vn -0.852406 0.386587 -0.352070
vn -0.852406 0.386587 -0.352070
vn -0.889368 0.403350 -0.215250
vn -0.889368 0.403350 -0.215250
vn -0.889368 0.403350 -0.215250
vn -0.926411 0.314229 -0.207417
vn -0.926411 0.314229 -0.207417
vn -0.926411 0.314229 -0.207417
vn -0.467850 0.467074 -0.750305
vn -0.467850 0.467074 -0.750305
vn -0.467850 0.467074 -0.750305
vn -0.541846 0.413816 -0.731546
vn -0.541846 0.413816 -0.731546
vn -0.541846 0.413816 -0.731546
vn -0.615294 0.469910 -0.632928
vn -0.615294 0.469910 -0.632928
vn -0.615294 0.469910 -0.632928
vn -0.680414 0.401758 -0.612885
vn -0.680414 0.401758 -0.612885
vn -0.680414 0.401758 -0.612885
vn -0.747311 0.441258 -0.496808
vn -0.747311 0.441258 -0.496808
vn -0.747311 0.441258 -0.496808
vn -0.799176 0.362445 -0.479533
vn -0.799176 0.362445 -0.479533
vn -0.799176 0.362445 -0.479533
vn -0.852407 0.386586 -0.352071
vn -0.852407 0.386586 -0.352071
vn -0.852407 0.386586 -0.352071
vn -0.890503 0.302050 -0.340249
vn -0.890503 0.302050 -0.340249
vn -0.890503 0.302050 -0.340249
vn -0.926411 0.314229 -0.207417
vn -0.926411 0.314229 -0.207417
vn -0.926411 0.314229 -0.207417
vn -0.952602 0.227926 -0.201493
vn -0.952602 0.227926 -0.201493
vn -0.952602 0.227926 -0.201493
vn -0.183690 0.043951 -0.982001
vn -0.183690 0.043951 -0.982001
vn -0.183690 0.043951 -0.982001
vn -0.541846 0.413816 -0.731546
vn -0.541846 0.413816 -0.731546
vn -0.541846 0.413816 -0.731546
vn -0.603429 0.356301 -0.713389
vn -0.603429 0.356301 -0.713389
vn -0.603429 0.356301 -0.713389
vn -0.680414 0.401758 -0.612884
vn -0.680414 0.401758 -0.612884
vn -0.680414 0.401758 -0.612884
vn -0.731925 0.331946 -0.595061
vn -0.731925 0.331946 -0.595061
vn -0.731925 0.331946 -0.595061
vn -0.799176 0.362446 -0.479532
vn -0.799176 0.362446 -0.479532
vn -0.799176 0.362446 -0.479532
vn -0.838249 0.284326 -0.465293
vn -0.838249 0.284326 -0.465293
vn -0.838249 0.284326 -0.465293
vn -0.890504 0.302051 -0.340248
vn -0.890504 0.302051 -0.340248
vn -0.890504 0.302051 -0.340248
vn -0.917645 0.219561 -0.331240
vn -0.917645 0.219561 -0.331240
vn -0.917645 0.219561 -0.331240
vn -0.952602 0.227925 -0.201494
vn -0.952602 0.227925 -0.201494
vn -0.952602 0.227925 -0.201494
vn -0.969696 0.143898 -0.197439
vn -0.969696 0.143898 -0.197439
vn -0.969696 0.143898 -0.197439
vn -0.190680 0.028296 -0.981244
vn -0.190680 0.028296 -0.981244
vn -0.190680 0.028296 -0.981244
vn -0.190680 0.028296 -0.981244
vn -0.190680 0.028296 -0.981244
vn -0.190680 0.028296 -0.981244
vn -0.603429 0.356302 -0.713389
vn -0.603429 0.356302 -0.713389
vn -0.603429 0.356302 -0.713389
vn -0.653120 0.296206 -0.696919
vn -0.653120 0.296206 -0.696919
vn -0.653120 0.296206 -0.696919
vn -0.731925 0.331946 -0.595061
vn -0.731925 0.331946 -0.595061
vn -0.731925 0.331946 -0.595061
vn -0.771357 0.261636 -0.580133
vn -0.771357 0.261636 -0.580133
vn -0.771357 0.261636 -0.580133
vn -0.838249 0.284325 -0.465294
vn -0.838249 0.284325 -0.465294
vn -0.838249 0.284325 -0.465294
vn -0.866380 0.207295 -0.454329
vn -0.866380 0.207295 -0.454329
vn -0.866380 0.207295 -0.454329
vn -0.917645 0.219561 -0.331240
vn -0.917645 0.219561 -0.331240
vn -0.917645 0.219561 -0.331240
vn -0.935456 0.138818 -0.325041
vn -0.935456 0.138818 -0.325041
vn -0.935456 0.138818 -0.325041
vn -0.969696 0.143899 -0.197439
vn -0.969696 0.143899 -0.197439
vn -0.969696 0.143899 -0.197439
vn -0.978839 0.061392 -0.195206
vn -0.978839 0.061392 -0.195206
vn -0.978839 0.061392 -0.195206
vn -0.194593 0.012205 -0.980808
vn -0.194593 0.012205 -0.980808
vn -0.194593 0.012205 -0.980808
vn -0.194593 0.012205 -0.980808
vn -0.194593 0.012205 -0.980808
vn -0.194593 0.012205 -0.980808
vn -0.653120 0.296206 -0.696919
vn -0.653120 0.296206 -0.696919
vn -0.653120 0.296206 -0.696919
vn -0.691806 0.234654 -0.682892
vn -0.691806 0.234654 -0.682892
vn -0.691806 0.234654 -0.682892
vn -0.771357 0.261637 -0.580133
vn -0.771357 0.261637 -0.580133
vn -0.771357 0.261637 -0.580133
vn -0.800104 0.191438 -0.568494
vn -0.800104 0.191438 -0.568494
vn -0.800104 0.191438 -0.568494
vn -0.866380 0.207296 -0.454328
vn -0.866380 0.207296 -0.454328
vn -0.866380 0.207296 -0.454328
vn -0.884980 0.131326 -0.446726
vn -0.884980 0.131326 -0.446726
vn -0.884980 0.131326 -0.446726
vn -0.935456 0.138817 -0.325042
vn -0.935456 0.138817 -0.325042
vn -0.935456 0.138817 -0.325042
vn -0.945013 0.059272 -0.321617
vn -0.945013 0.059272 -0.321617
vn -0.945013 0.059272 -0.321617
vn -0.978839 0.061393 -0.195205
vn -0.978839 0.061393 -0.195205
vn -0.978839 0.061393 -0.195205
vn -0.980638 -0.020445 -0.194760
vn -0.980638 -0.020445 -0.194760
vn -0.980638 -0.020445 -0.194760
vn -0.195378 -0.004073 -0.980720
vn -0.195378 -0.004073 -0.980720
vn -0.195378 -0.004073 -0.980720
vn -0.195378 -0.004073 -0.980720
vn -0.195378 -0.004073 -0.980720
vn -0.195378 -0.004073 -0.980720
vn -0.691806 0.234653 -0.682892
vn -0.691806 0.234653 -0.682892
vn -0.691806 0.234653 -0.682892
vn -0.720393 0.172365 -0.671807
vn -0.720393 0.172365 -0.671807
vn -0.720393 0.172365 -0.671807
vn -0.800104 0.191437 -0.568494
vn -0.800104 0.191437 -0.568494
vn -0.800104 0.191437 -0.568494
vn -0.819283 0.121578 -0.560352
vn -0.819283 0.121578 -0.560352
vn -0.819283 0.121578 -0.560352
vn -0.884980 0.131327 -0.446726
vn -0.884980 0.131327 -0.446726
vn -0.884980 0.131327 -0.446726
vn -0.895007 0.056135 -0.442505
vn -0.895007 0.056135 -0.442505
vn -0.895007 0.056135 -0.442505
vn -0.945013 0.059272 -0.321617
vn -0.945013 0.059272 -0.321617
vn -0.945013 0.059272 -0.321617
vn -0.946896 -0.019742 -0.320933
vn -0.946896 -0.019742 -0.320933
vn -0.946896 -0.019742 -0.320933
vn -0.980638 -0.020446 -0.194761
vn -0.980638 -0.020446 -0.194761
vn -0.980638 -0.020446 -0.194761
vn -0.975212 -0.102509 -0.196098
vn -0.975212 -0.102509 -0.196098
vn -0.975212 -0.102509 -0.196098
vn -0.193025 -0.020289 -0.980984
vn -0.193025 -0.020289 -0.980984
vn -0.193025 -0.020289 -0.980984
vn -0.193025 -0.020290 -0.980984
vn -0.193025 -0.020290 -0.980984
vn -0.193025 -0.020290 -0.980984
vn -0.720393 0.172366 -0.671807
vn -0.720393 0.172366 -0.671807
vn -0.720393 0.172366 -0.671807
vn -0.739655 0.109761 -0.663975
vn -0.739655 0.109761 -0.663975
vn -0.739655 0.109761 -0.663975
vn -0.819283 0.121577 -0.560352
vn -0.819283 0.121577 -0.560352
vn -0.819283 0.121577 -0.560352
vn -0.829682 0.052037 -0.555805
vn -0.829682 0.052037 -0.555805
vn -0.829682 0.052037 -0.555805
vn -0.895007 0.056134 -0.442506
vn -0.895007 0.056134 -0.442506
vn -0.895007 0.056134 -0.442506
vn -0.896986 -0.018701 -0.441663
vn -0.896986 -0.018701 -0.441663
vn -0.896986 -0.018701 -0.441663
vn -0.946896 -0.019742 -0.320932
vn -0.946896 -0.019742 -0.320932
vn -0.946896 -0.019742 -0.320932
vn -0.941219 -0.098935 -0.322984
vn -0.941219 -0.098935 -0.322984
vn -0.941219 -0.098935 -0.322984
vn -0.975212 -0.102508 -0.196096
vn -0.975212 -0.102508 -0.196096
vn -0.975212 -0.102508 -0.196096
vn -0.962202 -0.185671 -0.199235
vn -0.962202 -0.185671 -0.199235
vn -0.962202 -0.185671 -0.199235
vn -0.187564 -0.036193 -0.981585
vn -0.187564 -0.036193 -0.981585
vn -0.187564 -0.036193 -0.981585
vn -0.187564 -0.036193 -0.981585
vn -0.187564 -0.036193 -0.981585
vn -0.187564 -0.036193 -0.981585
vn -0.739656 0.109761 -0.663975
vn -0.739656 0.109761 -0.663975
vn -0.739656 0.109761 -0.663975
vn -0.750166 0.047051 -0.659574
vn -0.750166 0.047051 -0.659574
vn -0.750166 0.047051 -0.659574
vn -0.829683 0.052038 -0.555804
vn -0.829683 0.052038 -0.555804
vn -0.829683 0.052038 -0.555804
vn -0.831741 -0.017341 -0.554893
vn -0.831741 -0.017341 -0.554893
vn -0.831741 -0.017341 -0.554893
vn -0.896986 -0.018701 -0.441662
vn -0.896986 -0.018701 -0.441662
vn -0.896986 -0.018701 -0.441662
vn -0.891022 -0.093658 -0.444194
vn -0.891022 -0.093658 -0.444194
vn -0.891022 -0.093658 -0.444194
vn -0.941219 -0.098934 -0.322984
vn -0.941219 -0.098934 -0.322984
vn -0.941219 -0.098934 -0.322984
vn -0.927638 -0.179002 -0.327791
vn -0.927638 -0.179002 -0.327791
vn -0.927638 -0.179002 -0.327791
vn -0.962201 -0.185671 -0.199235
vn -0.962201 -0.185671 -0.199235
vn -0.962201 -0.185671 -0.199235
vn -0.940739 -0.270751 -0.204218
vn -0.940739 -0.270751 -0.204218
vn -0.940739 -0.270751 -0.204218
vn -0.179070 -0.051538 -0.982486
vn -0.179070 -0.051538 -0.982486
vn -0.179070 -0.051538 -0.982486
vn -0.167658 -0.066079 -0.983628
vn -0.167658 -0.066079 -0.983628
vn -0.167658 -0.066079 -0.983628
vn -0.179070 -0.051538 -0.982486
vn -0.179070 -0.051538 -0.982486
vn -0.179070 -0.051538 -0.982486
vn -0.750165 0.047050 -0.659575
vn -0.750165 0.047050 -0.659575
vn -0.750165 0.047050 -0.659575
vn -0.752251 -0.015684 -0.658690
vn -0.752251 -0.015684 -0.658690
vn -0.752251 -0.015684 -0.658690
vn -0.831740 -0.017342 -0.554894
vn -0.831740 -0.017342 -0.554894
vn -0.831740 -0.017342 -0.554894
vn -0.825544 -0.086776 -0.557626
vn -0.825544 -0.086776 -0.557626
vn -0.825544 -0.086776 -0.557626
vn -0.891022 -0.093658 -0.444194
vn -0.891022 -0.093658 -0.444194
vn -0.891022 -0.093658 -0.444194
vn -0.876800 -0.169192 -0.450106
vn -0.876800 -0.169192 -0.450106
vn -0.876800 -0.169192 -0.450106
vn -0.927638 -0.179002 -0.327791
vn -0.927638 -0.179002 -0.327791
vn -0.927638 -0.179002 -0.327791
vn -0.905329 -0.260560 -0.335391
vn -0.905329 -0.260560 -0.335391
vn -0.905329 -0.260560 -0.335391
vn -0.940738 -0.270751 -0.204219
vn -0.940738 -0.270751 -0.204219
vn -0.940738 -0.270751 -0.204219
vn -0.909382 -0.358417 -0.211095
vn -0.909382 -0.358417 -0.211095
vn -0.909382 -0.358417 -0.211095
vn -0.314424 0.046659 -0.948135
vn -0.314424 0.046659 -0.948135
vn -0.314424 0.046659 -0.948135
vn -0.320632 0.020110 -0.946990
vn -0.320632 0.020110 -0.946990
vn -0.320632 0.020110 -0.946990
vn -0.320632 0.020110 -0.946990
vn -0.320632 0.020110 -0.946990
vn -0.320632 0.020110 -0.946990
vn -0.321876 -0.006711 -0.946758
vn -0.321876 -0.006711 -0.946758
vn -0.321876 -0.006711 -0.946758
vn -0.321876 -0.006711 -0.946758
vn -0.321876 -0.006711 -0.946758
vn -0.321876 -0.006711 -0.946758
vn -0.318147 -0.033441 -0.947452
vn -0.318147 -0.033441 -0.947452
vn -0.318147 -0.033441 -0.947452
vn -0.318147 -0.033441 -0.947451
vn -0.318147 -0.033441 -0.947451
vn -0.318147 -0.033441 -0.947451
vn -0.309473 -0.059717 -0.949031
vn -0.309473 -0.059717 -0.949031
vn -0.309473 -0.059717 -0.949031
vn -0.309473 -0.059717 -0.949031
vn -0.309473 -0.059717 -0.949031
vn -0.309473 -0.059717 -0.949031
vn -0.295925 -0.085170 -0.951407
vn -0.295925 -0.085170 -0.951407
vn -0.295925 -0.085170 -0.951407
vn -0.295925 -0.085170 -0.951407
vn -0.295925 -0.085170 -0.951407
vn -0.295925 -0.085170 -0.951407
vn -0.277626 -0.109421 -0.954437
vn -0.277626 -0.109421 -0.954437
vn -0.277626 -0.109421 -0.954437
vn -0.277625 -0.109421 -0.954438
vn -0.277625 -0.109421 -0.954438
vn -0.277625 -0.109421 -0.954438
vn -0.752252 -0.015683 -0.658689
vn -0.752252 -0.015683 -0.658689
vn -0.752252 -0.015683 -0.658689
vn -0.745978 -0.078412 -0.661338
vn -0.745978 -0.078412 -0.661338
vn -0.745978 -0.078412 -0.661338
vn -0.825545 -0.086776 -0.557626
vn -0.825545 -0.086776 -0.557626
vn -0.825545 -0.086776 -0.557626
vn -0.810832 -0.156463 -0.563978
vn -0.810832 -0.156463 -0.563978
vn -0.810832 -0.156463 -0.563978
vn -0.876800 -0.169192 -0.450106
vn -0.876800 -0.169192 -0.450106
vn -0.876800 -0.169192 -0.450106
vn -0.853583 -0.245668 -0.459395
vn -0.853583 -0.245668 -0.459395
vn -0.853583 -0.245668 -0.459395
vn -0.905329 -0.260561 -0.335392
vn -0.905329 -0.260561 -0.335392
vn -0.905329 -0.260561 -0.335392
vn -0.872949 -0.344057 -0.345811
vn -0.872949 -0.344057 -0.345811
vn -0.872949 -0.344057 -0.345811
vn -0.909382 -0.358417 -0.211095
vn -0.909382 -0.358417 -0.211095
vn -0.909382 -0.358417 -0.211095
vn -0.866038 -0.449031 -0.219884
vn -0.866038 -0.449031 -0.219884
vn -0.866038 -0.449031 -0.219884
vn -0.254756 -0.132088 -0.957942
vn -0.254756 -0.132088 -0.957942
vn -0.254756 -0.132088 -0.957942
vn -0.167658 -0.066079 -0.983628
vn -0.167658 -0.066079 -0.983628
vn -0.167658 -0.066079 -0.983628
vn -0.153489 -0.079582 -0.984941
vn -0.153489 -0.079582 -0.984941
vn -0.153489 -0.079582 -0.984941
vn -0.254757 -0.132088 -0.957941
vn -0.254757 -0.132088 -0.957941
vn -0.254757 -0.132088 -0.957941
vn -0.227574 -0.152782 -0.961700
vn -0.227574 -0.152782 -0.961700
vn -0.227574 -0.152782 -0.961700
vn -0.441205 0.027672 -0.896980
vn -0.441205 0.027672 -0.896980
vn -0.441205 0.027672 -0.896980
vn -0.442819 -0.009233 -0.896563
vn -0.442819 -0.009233 -0.896563
vn -0.442819 -0.009233 -0.896563
vn -0.442819 -0.009233 -0.896563
vn -0.442819 -0.009233 -0.896563
vn -0.442819 -0.009233 -0.896563
vn -0.437975 -0.046037 -0.897808
vn -0.437975 -0.046037 -0.897808
vn -0.437975 -0.046037 -0.897808
vn -0.437976 -0.046036 -0.897807
vn -0.437976 -0.046036 -0.897807
vn -0.437976 -0.046036 -0.897807
vn -0.426672 -0.082333 -0.900651
vn -0.426672 -0.082333 -0.900651
vn -0.426672 -0.082333 -0.900651
vn -0.426672 -0.082332 -0.900651
vn -0.426672 -0.082332 -0.900651
vn -0.426672 -0.082332 -0.900651
vn -0.408918 -0.117690 -0.904950
vn -0.408918 -0.117690 -0.904950
vn -0.408918 -0.117690 -0.904950
vn -0.408918 -0.117690 -0.904950
vn -0.408918 -0.117690 -0.904950
vn -0.408918 -0.117690 -0.904950
vn -0.384750 -0.151642 -0.910479
vn -0.384750 -0.151642 -0.910479
vn -0.384750 -0.151642 -0.910479
vn -0.384750 -0.151642 -0.910479
vn -0.384750 -0.151642 -0.910479
vn -0.384750 -0.151642 -0.910479
vn -0.354257 -0.183679 -0.916932
vn -0.354257 -0.183679 -0.916932
vn -0.354257 -0.183679 -0.916932
vn -0.354258 -0.183678 -0.916932
vn -0.354258 -0.183678 -0.916932
vn -0.354258 -0.183678 -0.916932
vn -0.317628 -0.213238 -0.923927
vn -0.317628 -0.213238 -0.923927
vn -0.317628 -0.213238 -0.923927
vn -0.317627 -0.213238 -0.923928
vn -0.317627 -0.213238 -0.923928
vn -0.317627 -0.213238 -0.923928
vn -0.731456 -0.637213 -0.242758
vn -0.731456 -0.637213 -0.242758
vn -0.731456 -0.637213 -0.242758
vn -0.807892 -0.542375 -0.230520
vn -0.807892 -0.542375 -0.230520
vn -0.807892 -0.542375 -0.230520
vn -0.275177 -0.239723 -0.931027
vn -0.275177 -0.239723 -0.931027
vn -0.275177 -0.239723 -0.931027
vn -0.051264 -0.026580 -0.998331
vn -0.051264 -0.026580 -0.998331
vn -0.051264 -0.026580 -0.998331
vn -0.153489 -0.079582 -0.984941
vn -0.153489 -0.079582 -0.984941
vn -0.153489 -0.079582 -0.984941
vn -0.136770 -0.091820 -0.986338
vn -0.136770 -0.091820 -0.986338
vn -0.136770 -0.091820 -0.986338
vn -0.227575 -0.152781 -0.961700
vn -0.227575 -0.152781 -0.961700
vn -0.227575 -0.152781 -0.961700
vn -0.196424 -0.171116 -0.965472
vn -0.196424 -0.171116 -0.965472
vn -0.196424 -0.171116 -0.965472
vn -0.275177 -0.239723 -0.931026
vn -0.275177 -0.239723 -0.931026
vn -0.275177 -0.239723 -0.931026
vn -0.227399 -0.262516 -0.937750
vn -0.227399 -0.262516 -0.937750
vn -0.227399 -0.262516 -0.937750
vn -0.731455 -0.637214 -0.242759
vn -0.731455 -0.637214 -0.242759
vn -0.731455 -0.637214 -0.242759
vn -0.556125 -0.011595 -0.831018
vn -0.556125 -0.011595 -0.831018
vn -0.556125 -0.011595 -0.831018
vn -0.550482 -0.057862 -0.832839
vn -0.550482 -0.057862 -0.832839
vn -0.550482 -0.057862 -0.832839
vn -0.550482 -0.057863 -0.832839
vn -0.550482 -0.057863 -0.832839
vn -0.550482 -0.057863 -0.832839
vn -0.537264 -0.103673 -0.837018
vn -0.537264 -0.103673 -0.837018
vn -0.537264 -0.103673 -0.837018
vn -0.537264 -0.103673 -0.837018
vn -0.537264 -0.103673 -0.837018
vn -0.537264 -0.103673 -0.837018
vn -0.516357 -0.148612 -0.843380
vn -0.516357 -0.148612 -0.843380
vn -0.516357 -0.148612 -0.843380
vn -0.516358 -0.148612 -0.843380
vn -0.516358 -0.148612 -0.843380
vn -0.516358 -0.148612 -0.843380
vn -0.487619 -0.192186 -0.851641
vn -0.487619 -0.192186 -0.851641
vn -0.487619 -0.192186 -0.851641
vn -0.487620 -0.192186 -0.851641
vn -0.487620 -0.192186 -0.851641
vn -0.487620 -0.192186 -0.851641
vn -0.450923 -0.233798 -0.861398
vn -0.450923 -0.233798 -0.861398
vn -0.450923 -0.233798 -0.861398
vn -0.450922 -0.233798 -0.861398
vn -0.450922 -0.233798 -0.861398
vn -0.450922 -0.233798 -0.861398
vn -0.406232 -0.272722 -0.872123
vn -0.406232 -0.272722 -0.872123
vn -0.406232 -0.272722 -0.872123
vn -0.406232 -0.272722 -0.872123
vn -0.406232 -0.272722 -0.872123
vn -0.406232 -0.272722 -0.872123
vn -0.353678 -0.308110 -0.883165
vn -0.353678 -0.308110 -0.883165
vn -0.353678 -0.308110 -0.883165
vn -0.353677 -0.308110 -0.883165
vn -0.353677 -0.308110 -0.883165
vn -0.353677 -0.308110 -0.883165
vn -0.293659 -0.339011 -0.893776
vn -0.293659 -0.339011 -0.893776
vn -0.293659 -0.339011 -0.893776
vn -0.293661 -0.339010 -0.893776
vn -0.293661 -0.339010 -0.893776
vn -0.293661 -0.339010 -0.893776
vn -0.653749 -0.068717 -0.753585
vn -0.653749 -0.068717 -0.753585
vn -0.653749 -0.068717 -0.753585
vn -0.639372 -0.123377 -0.758934
vn -0.639372 -0.123377 -0.758934
vn -0.639372 -0.123377 -0.758934
vn -0.639372 -0.123377 -0.758934
vn -0.639372 -0.123377 -0.758934
vn -0.639372 -0.123377 -0.758934
vn -0.616453 -0.177420 -0.767143
vn -0.616453 -0.177420 -0.767143
vn -0.616453 -0.177420 -0.767143
vn -0.616452 -0.177420 -0.767143
vn -0.616452 -0.177420 -0.767143
vn -0.616452 -0.177420 -0.767143
vn -0.584595 -0.230408 -0.777921
vn -0.584595 -0.230408 -0.777921
vn -0.584595 -0.230408 -0.777921
vn -0.584595 -0.230408 -0.777921
vn -0.584595 -0.230408 -0.777921
vn -0.584595 -0.230408 -0.777921
vn -0.543347 -0.281718 -0.790828
vn -0.543347 -0.281718 -0.790828
vn -0.543347 -0.281718 -0.790828
vn -0.543345 -0.281718 -0.790829
vn -0.543345 -0.281718 -0.790829
vn -0.543345 -0.281718 -0.790829
vn -0.492289 -0.330498 -0.805247
vn -0.492289 -0.330498 -0.805247
vn -0.492289 -0.330498 -0.805247
vn -0.492291 -0.330497 -0.805246
vn -0.492291 -0.330497 -0.805246
vn -0.492291 -0.330497 -0.805246
vn -0.431186 -0.375631 -0.820354
vn -0.431186 -0.375631 -0.820354
vn -0.431186 -0.375631 -0.820354
vn -0.431186 -0.375631 -0.820354
vn -0.431186 -0.375631 -0.820354
vn -0.431186 -0.375631 -0.820354
vn -0.360139 -0.415754 -0.835134
vn -0.360139 -0.415754 -0.835134
vn -0.360139 -0.415754 -0.835134
vn -0.360136 -0.415754 -0.835135
vn -0.360136 -0.415754 -0.835135
vn -0.360136 -0.415754 -0.835135
vn -0.731148 -0.141086 -0.667470
vn -0.731148 -0.141086 -0.667470
vn -0.731148 -0.141086 -0.667470
vn -0.707310 -0.203569 -0.676958
vn -0.707310 -0.203569 -0.676958
vn -0.707310 -0.203569 -0.676958
vn -0.707310 -0.203569 -0.676958
vn -0.707310 -0.203569 -0.676958
vn -0.707310 -0.203569 -0.676958
vn -0.673781 -0.265559 -0.689564
vn -0.673781 -0.265559 -0.689564
vn -0.673781 -0.265559 -0.689564
vn -0.673781 -0.265559 -0.689564
vn -0.673781 -0.265559 -0.689564
vn -0.673781 -0.265559 -0.689564
vn -0.629708 -0.326495 -0.704889
vn -0.629708 -0.326495 -0.704889
vn -0.629708 -0.326495 -0.704889
vn -0.629709 -0.326495 -0.704889
vn -0.629709 -0.326495 -0.704889
vn -0.629709 -0.326495 -0.704889
vn -0.574173 -0.385469 -0.722315
vn -0.574173 -0.385469 -0.722315
vn -0.574173 -0.385469 -0.722315
vn -0.574172 -0.385470 -0.722315
vn -0.574172 -0.385470 -0.722315
vn -0.574172 -0.385470 -0.722315
vn -0.506372 -0.441130 -0.740940
vn -0.506372 -0.441130 -0.740940
vn -0.506372 -0.441130 -0.740940
vn -0.506372 -0.441130 -0.740940
vn -0.506372 -0.441130 -0.740940
vn -0.506372 -0.441130 -0.740940
vn -0.425881 -0.491650 -0.759543
vn -0.425881 -0.491650 -0.759543
vn -0.425881 -0.491650 -0.759543
vn -0.425882 -0.491650 -0.759542
vn -0.425882 -0.491650 -0.759542
vn -0.425882 -0.491650 -0.759542
vn -0.786989 -0.226501 -0.573887
vn -0.786989 -0.226501 -0.573887
vn -0.786989 -0.226501 -0.573887
vn -0.753058 -0.296805 -0.587205
vn -0.753058 -0.296805 -0.587205
vn -0.753058 -0.296805 -0.587205
vn -0.753058 -0.296805 -0.587205
vn -0.753058 -0.296805 -0.587205
vn -0.753058 -0.296805 -0.587205
vn -0.707774 -0.366972 -0.603645
vn -0.707774 -0.366972 -0.603645
vn -0.707774 -0.366972 -0.603645
vn -0.707775 -0.366972 -0.603644
vn -0.707775 -0.366972 -0.603644
vn -0.707775 -0.366972 -0.603644
vn -0.649650 -0.436140 -0.622684
vn -0.649650 -0.436140 -0.622684
vn -0.649650 -0.436140 -0.622684
vn -0.649650 -0.436141 -0.622685
vn -0.649650 -0.436141 -0.622685
vn -0.649650 -0.436141 -0.622685
vn -0.577175 -0.502811 -0.643467
vn -0.577175 -0.502811 -0.643467
vn -0.577175 -0.502811 -0.643467
vn -0.577176 -0.502811 -0.643466
vn -0.577176 -0.502811 -0.643466
vn -0.577176 -0.502811 -0.643466
vn -0.489167 -0.564707 -0.664697
vn -0.489167 -0.564707 -0.664697
vn -0.489167 -0.564707 -0.664697
vn -0.489165 -0.564707 -0.664698
vn -0.489165 -0.564707 -0.664698
vn -0.489165 -0.564707 -0.664698
vn -0.820185 -0.323262 -0.472014
vn -0.820185 -0.323262 -0.472014
vn -0.820185 -0.323262 -0.472014
vn -0.774973 -0.401814 -0.487815
vn -0.774973 -0.401814 -0.487815
vn -0.774973 -0.401814 -0.487815
vn -0.774973 -0.401814 -0.487814
vn -0.774973 -0.401814 -0.487814
vn -0.774973 -0.401814 -0.487814
vn -0.715908 -0.480621 -0.506438
vn -0.715908 -0.480621 -0.506438
vn -0.715908 -0.480621 -0.506438
vn -0.715907 -0.480621 -0.506440
vn -0.715907 -0.480621 -0.506440
vn -0.715907 -0.480621 -0.506440
vn -0.640718 -0.558167 -0.527191
vn -0.640718 -0.558167 -0.527191
vn -0.640718 -0.558167 -0.527191
vn -0.640718 -0.558167 -0.527190
vn -0.640718 -0.558167 -0.527190
vn -0.640718 -0.558167 -0.527190
vn -0.547300 -0.631820 -0.548878
vn -0.547300 -0.631820 -0.548878
vn -0.547300 -0.631820 -0.548878
vn -0.547301 -0.631819 -0.548877
vn -0.547301 -0.631819 -0.548877
vn -0.547301 -0.631819 -0.548877
vn -0.828580 -0.429609 -0.359013
vn -0.828580 -0.429609 -0.359013
vn -0.828580 -0.429609 -0.359013
vn -0.769728 -0.516753 -0.374813
vn -0.769728 -0.516753 -0.374813
vn -0.769728 -0.516753 -0.374813
vn -0.769729 -0.516753 -0.374812
vn -0.769729 -0.516753 -0.374812
vn -0.769729 -0.516753 -0.374812
vn -0.693425 -0.604083 -0.392741
vn -0.693425 -0.604083 -0.392741
vn -0.693425 -0.604083 -0.392741
vn -0.693425 -0.604083 -0.392741
vn -0.693425 -0.604083 -0.392741
vn -0.693425 -0.604083 -0.392741
vn -0.596628 -0.688765 -0.411871
vn -0.596628 -0.688765 -0.411871
vn -0.596628 -0.688765 -0.411871
vn -0.596628 -0.688765 -0.411870
vn -0.596628 -0.688765 -0.411870
vn -0.596628 -0.688765 -0.411870
vn -0.302732 -0.750580 -0.587352
vn -0.302732 -0.750580 -0.587352
vn -0.302732 -0.750580 -0.587352
vn -0.266712 -0.661272 -0.701130
vn -0.266712 -0.661272 -0.701130
vn -0.266712 -0.661272 -0.701130
vn -0.302733 -0.750581 -0.587351
vn -0.302733 -0.750581 -0.587351
vn -0.302733 -0.750581 -0.587351
vn -0.155724 -0.785236 -0.599294
vn -0.155724 -0.785236 -0.599294
vn -0.155724 -0.785236 -0.599294
vn -0.229105 -0.568033 -0.790474
vn -0.229105 -0.568033 -0.790474
vn -0.229105 -0.568033 -0.790474
vn -0.266711 -0.661272 -0.701131
vn -0.266711 -0.661272 -0.701131
vn -0.266711 -0.661272 -0.701131
vn -0.136566 -0.688646 -0.712121
vn -0.136566 -0.688646 -0.712121
vn -0.136566 -0.688646 -0.712121
vn -0.155721 -0.785236 -0.599296
vn -0.155721 -0.785236 -0.599296
vn -0.155721 -0.785236 -0.599296
vn -0.191485 -0.474758 -0.859033
vn -0.191485 -0.474758 -0.859033
vn -0.191485 -0.474758 -0.859033
vn -0.229106 -0.568034 -0.790474
vn -0.229106 -0.568034 -0.790474
vn -0.229106 -0.568034 -0.790474
vn -0.116830 -0.589113 -0.799560
vn -0.116830 -0.589113 -0.799560
vn -0.116830 -0.589113 -0.799560
vn -0.136569 -0.688646 -0.712120
vn -0.136569 -0.688646 -0.712120
vn -0.136569 -0.688646 -0.712120
vn -0.000000 -0.797336 -0.603535
vn -0.000000 -0.797336 -0.603535
vn -0.000000 -0.797336 -0.603535
vn -0.000000 -0.797336 -0.603535
vn 0.155723 -0.785235 -0.599296
vn 0.155723 -0.785235 -0.599296
vn 0.155723 -0.785235 -0.599296
vn -0.117754 -0.102582 -0.987730
vn -0.117754 -0.102582 -0.987730
vn -0.117754 -0.102582 -0.987730
vn -0.096737 -0.111676 -0.989025
vn -0.096737 -0.111676 -0.989025
vn -0.096737 -0.111676 -0.989025
vn -0.161746 -0.186723 -0.969006
vn -0.161746 -0.186723 -0.969006
vn -0.161746 -0.186723 -0.969006
vn -0.124082 -0.199264 -0.972058
vn -0.124082 -0.199264 -0.972058
vn -0.124082 -0.199264 -0.972058
vn -0.174988 -0.281014 -0.943616
vn -0.174988 -0.281014 -0.943616
vn -0.174988 -0.281014 -0.943616
vn -0.118852 -0.294673 -0.948178
vn -0.118852 -0.294673 -0.948178
vn -0.118852 -0.294673 -0.948178
vn -0.154643 -0.383411 -0.910539
vn -0.154643 -0.383411 -0.910539
vn -0.154643 -0.383411 -0.910539
vn -0.078364 -0.395160 -0.915264
vn -0.078364 -0.395160 -0.915264
vn -0.078364 -0.395160 -0.915264
vn -0.097305 -0.490669 -0.865896
vn -0.097305 -0.490669 -0.865896
vn -0.097305 -0.490669 -0.865896
vn 0.116830 -0.589112 -0.799561
vn 0.116830 -0.589112 -0.799561
vn 0.116830 -0.589112 -0.799561
vn 0.136569 -0.688645 -0.712121
vn 0.136569 -0.688645 -0.712121
vn 0.136569 -0.688645 -0.712121
vn 0.266712 -0.661272 -0.701131
vn 0.266712 -0.661272 -0.701131
vn 0.266712 -0.661272 -0.701131
vn 0.302733 -0.750580 -0.587352
vn 0.302733 -0.750580 -0.587352
vn 0.302733 -0.750580 -0.587352
vn 0.434423 -0.697644 -0.569709
vn 0.434423 -0.697644 -0.569709
vn 0.434423 -0.697644 -0.569709
vn -0.096737 -0.111676 -0.989025
vn -0.096737 -0.111676 -0.989025
vn -0.096737 -0.111676 -0.989025
vn -0.074061 -0.118936 -0.990136
vn -0.074061 -0.118936 -0.990136
vn -0.074061 -0.118936 -0.990136
vn -0.124081 -0.199264 -0.972059
vn -0.124081 -0.199264 -0.972059
vn -0.124081 -0.199264 -0.972059
vn -0.084073 -0.208448 -0.974413
vn -0.084073 -0.208448 -0.974413
vn -0.084073 -0.208448 -0.974413
vn -0.118850 -0.294673 -0.948179
vn -0.118850 -0.294673 -0.948179
vn -0.118850 -0.294673 -0.948179
vn -0.060100 -0.303058 -0.951075
vn -0.060100 -0.303058 -0.951075
vn -0.060100 -0.303058 -0.951075
vn -0.078364 -0.395160 -0.915264
vn -0.078364 -0.395160 -0.915264
vn -0.078364 -0.395160 -0.915264
vn -0.000000 -0.496088 -0.868272
vn -0.000000 -0.496088 -0.868272
vn -0.000000 -0.496088 -0.868272
vn -0.000000 -0.496088 -0.868272
vn 0.097306 -0.490669 -0.865896
vn 0.097306 -0.490669 -0.865896
vn 0.097306 -0.490669 -0.865896
vn 0.116829 -0.589113 -0.799560
vn 0.116829 -0.589113 -0.799560
vn 0.116829 -0.589113 -0.799560
vn 0.229105 -0.568034 -0.790474
vn 0.229105 -0.568034 -0.790474
vn 0.229105 -0.568034 -0.790474
vn 0.266711 -0.661273 -0.701130
vn 0.266711 -0.661273 -0.701130
vn 0.266711 -0.661273 -0.701130
vn 0.385292 -0.618746 -0.684619
vn 0.385292 -0.618746 -0.684619
vn 0.385292 -0.618746 -0.684619
vn 0.434422 -0.697646 -0.569709
vn 0.434422 -0.697646 -0.569709
vn 0.434422 -0.697646 -0.569709
vn 0.547300 -0.631820 -0.548877
vn 0.547300 -0.631820 -0.548877
vn 0.547300 -0.631820 -0.548877
vn 0.596628 -0.688765 -0.411871
vn 0.596628 -0.688765 -0.411871
vn 0.596628 -0.688765 -0.411871
vn 0.693425 -0.604083 -0.392741
vn 0.693425 -0.604083 -0.392741
vn 0.693425 -0.604083 -0.392741
vn 0.731455 -0.637214 -0.242758
vn 0.731455 -0.637214 -0.242758
vn 0.731455 -0.637214 -0.242758
vn 0.807892 -0.542375 -0.230520
vn 0.807892 -0.542375 -0.230520
vn 0.807892 -0.542375 -0.230520
vn -0.042514 0.032469 -0.998568
vn -0.042514 0.032469 -0.998568
vn -0.042514 0.032469 -0.998568
vn -0.035786 0.035741 -0.998720
vn -0.035786 0.035741 -0.998720
vn -0.035786 0.035741 -0.998720
vn -0.107479 0.107345 -0.988395
vn -0.107479 0.107345 -0.988395
vn -0.107479 0.107345 -0.988395
vn -0.085584 0.115546 -0.989608
vn -0.085584 0.115546 -0.989608
vn -0.085584 0.115546 -0.989608
vn -0.085584 0.115546 -0.989608
vn -0.085584 0.115546 -0.989608
vn -0.085584 0.115546 -0.989608
vn -0.062210 0.121833 -0.990599
vn -0.062210 0.121833 -0.990599
vn -0.062210 0.121833 -0.990599
vn -0.062204 0.121836 -0.990599
vn -0.062204 0.121836 -0.990599
vn -0.062204 0.121836 -0.990599
vn -0.037770 0.126095 -0.991299
vn -0.037770 0.126095 -0.991299
vn -0.037770 0.126095 -0.991299
vn -0.037770 0.126095 -0.991299
vn -0.037770 0.126095 -0.991299
vn -0.037770 0.126095 -0.991299
vn -0.012664 0.128247 -0.991661
vn -0.012664 0.128247 -0.991661
vn -0.012664 0.128247 -0.991661
vn -0.012664 0.128247 -0.991661
vn -0.012664 0.128247 -0.991661
vn -0.012664 0.128247 -0.991661
vn -0.173720 0.058924 -0.983031
vn -0.173720 0.058924 -0.983031
vn -0.173720 0.058924 -0.983031
vn -0.160906 0.072975 -0.984268
vn -0.160906 0.072975 -0.984268
vn -0.160906 0.072975 -0.984268
vn -0.160906 0.072975 -0.984268
vn -0.160906 0.072975 -0.984268
vn -0.160906 0.072975 -0.984268
vn -0.145434 0.085873 -0.985634
vn -0.145434 0.085873 -0.985634
vn -0.145434 0.085873 -0.985634
vn -0.145434 0.085873 -0.985634
vn -0.145434 0.085873 -0.985634
vn -0.145434 0.085873 -0.985634
vn -0.127531 0.097398 -0.987041
vn -0.127531 0.097398 -0.987041
vn -0.127531 0.097398 -0.987041
vn -0.127532 0.097398 -0.987041
vn -0.127532 0.097398 -0.987041
vn -0.127532 0.097398 -0.987041
vn -0.107484 0.107344 -0.988395
vn -0.107484 0.107344 -0.988395
vn -0.107484 0.107344 -0.988395
vn -0.179507 0.179273 -0.967284
vn -0.179507 0.179273 -0.967284
vn -0.179507 0.179273 -0.967284
vn -0.143249 0.193401 -0.970606
vn -0.143249 0.193401 -0.970606
vn -0.143249 0.193401 -0.970606
vn -0.143247 0.193402 -0.970606
vn -0.143247 0.193402 -0.970606
vn -0.143247 0.193402 -0.970606
vn -0.104303 0.204293 -0.973337
vn -0.104303 0.204293 -0.973337
vn -0.104303 0.204293 -0.973337
vn -0.104293 0.204297 -0.973337
vn -0.104293 0.204297 -0.973337
vn -0.104293 0.204297 -0.973337
vn -0.063415 0.211708 -0.975273
vn -0.063415 0.211708 -0.975273
vn -0.063415 0.211708 -0.975273
vn -0.063415 0.211708 -0.975273
vn -0.063415 0.211708 -0.975273
vn -0.063415 0.211708 -0.975273
vn -0.021276 0.215465 -0.976280
vn -0.021276 0.215465 -0.976280
vn -0.021276 0.215465 -0.976280
vn -0.021276 0.215465 -0.976280
vn -0.021276 0.215465 -0.976280
vn -0.021276 0.215465 -0.976280
vn -0.303301 0.072570 -0.950127
vn -0.303301 0.072570 -0.950127
vn -0.303301 0.072570 -0.950127
vn -0.287359 0.097469 -0.952851
vn -0.287359 0.097469 -0.952851
vn -0.287359 0.097469 -0.952851
vn -0.287359 0.097469 -0.952851
vn -0.287359 0.097469 -0.952851
vn -0.287359 0.097469 -0.952851
vn -0.266748 0.120977 -0.956143
vn -0.266748 0.120977 -0.956143
vn -0.266748 0.120977 -0.956143
vn -0.266748 0.120977 -0.956143
vn -0.266748 0.120977 -0.956143
vn -0.266748 0.120977 -0.956143
vn -0.241686 0.142705 -0.959804
vn -0.241686 0.142705 -0.959804
vn -0.241686 0.142705 -0.959804
vn -0.241685 0.142706 -0.959804
vn -0.241685 0.142706 -0.959804
vn -0.241685 0.142706 -0.959804
vn -0.212471 0.162267 -0.963600
vn -0.212471 0.162267 -0.963600
vn -0.212471 0.162267 -0.963600
vn -0.212471 0.162267 -0.963600
vn -0.212471 0.162267 -0.963600
vn -0.212471 0.162267 -0.963600
vn -0.179518 0.179271 -0.967282
vn -0.179518 0.179271 -0.967282
vn -0.179518 0.179271 -0.967282
vn -0.251945 0.251598 -0.934464
vn -0.251945 0.251598 -0.934464
vn -0.251945 0.251598 -0.934464
vn -0.201719 0.272347 -0.940817
vn -0.201719 0.272347 -0.940817
vn -0.201719 0.272347 -0.940817
vn -0.201718 0.272348 -0.940817
vn -0.201718 0.272348 -0.940817
vn -0.201718 0.272348 -0.940817
vn -0.147269 0.288483 -0.946092
vn -0.147269 0.288483 -0.946092
vn -0.147269 0.288483 -0.946092
vn -0.147255 0.288492 -0.946091
vn -0.147255 0.288492 -0.946091
vn -0.147255 0.288492 -0.946091
vn -0.089726 0.299547 -0.949853
vn -0.089726 0.299547 -0.949853
vn -0.089726 0.299547 -0.949853
vn -0.089727 0.299546 -0.949853
vn -0.089727 0.299546 -0.949853
vn -0.089727 0.299546 -0.949853
vn -0.030135 0.305177 -0.951819
vn -0.030135 0.305177 -0.951819
vn -0.030135 0.305177 -0.951819
vn -0.030136 0.305177 -0.951819
vn -0.030136 0.305177 -0.951819
vn -0.030136 0.305177 -0.951819
vn -0.433131 0.064274 -0.899036
vn -0.433131 0.064274 -0.899036
vn -0.433131 0.064274 -0.899036
vn -0.418600 0.100157 -0.902631
vn -0.418600 0.100157 -0.902631
vn -0.418600 0.100157 -0.902631
vn -0.418600 0.100157 -0.902631
vn -0.418600 0.100157 -0.902631
vn -0.418600 0.100157 -0.902631
vn -0.397632 0.134872 -0.907578
vn -0.397632 0.134872 -0.907578
vn -0.397632 0.134872 -0.907578
vn -0.397632 0.134873 -0.907578
vn -0.397632 0.134873 -0.907578
vn -0.397632 0.134873 -0.907578
vn -0.370285 0.167934 -0.913612
vn -0.370285 0.167934 -0.913612
vn -0.370285 0.167934 -0.913612
vn -0.370285 0.167933 -0.913612
vn -0.370285 0.167933 -0.913612
vn -0.370285 0.167933 -0.913612
vn -0.336693 0.198804 -0.920388
vn -0.336693 0.198804 -0.920388
vn -0.336693 0.198804 -0.920388
vn -0.336693 0.198805 -0.920388
vn -0.336693 0.198805 -0.920388
vn -0.336693 0.198805 -0.920388
vn -0.297105 0.226903 -0.927493
vn -0.297105 0.226903 -0.927493
vn -0.297105 0.226903 -0.927493
vn -0.297104 0.226903 -0.927493
vn -0.297104 0.226903 -0.927493
vn -0.297104 0.226903 -0.927493
vn -0.251962 0.251595 -0.934460
vn -0.251962 0.251595 -0.934460
vn -0.251962 0.251595 -0.934460
vn -0.324617 0.324144 -0.888569
vn -0.324617 0.324144 -0.888569
vn -0.324617 0.324144 -0.888569
vn -0.261069 0.352482 -0.898665
vn -0.261069 0.352482 -0.898665
vn -0.261069 0.352482 -0.898665
vn -0.261068 0.352483 -0.898665
vn -0.261068 0.352483 -0.898665
vn -0.261068 0.352483 -0.898665
vn -0.191304 0.374789 -0.907158
vn -0.191304 0.374789 -0.907158
vn -0.191304 0.374789 -0.907158
vn -0.191287 0.374802 -0.907156
vn -0.191287 0.374802 -0.907156
vn -0.191287 0.374802 -0.907156
vn -0.116890 0.390230 -0.913267
vn -0.116890 0.390230 -0.913267
vn -0.116890 0.390230 -0.913267
vn -0.116890 0.390230 -0.913267
vn -0.116890 0.390230 -0.913267
vn -0.116890 0.390230 -0.913267
vn -0.039316 0.398141 -0.916481
vn -0.039316 0.398141 -0.916481
vn -0.039316 0.398141 -0.916481
vn -0.039315 0.398141 -0.916481
vn -0.039315 0.398141 -0.916481
vn -0.039315 0.398141 -0.916481
vn 0.012664 0.128247 -0.991661
vn 0.012664 0.128247 -0.991661
vn 0.012664 0.128247 -0.991661
vn 0.012664 0.128247 -0.991661
vn 0.012664 0.128247 -0.991661
vn 0.012664 0.128247 -0.991661
vn 0.021276 0.215465 -0.976280
vn 0.021276 0.215465 -0.976280
vn 0.021276 0.215465 -0.976280
vn 0.021276 0.215465 -0.976280
vn 0.021276 0.215465 -0.976280
vn 0.021276 0.215465 -0.976280
vn 0.030135 0.305177 -0.951819
vn 0.030135 0.305177 -0.951819
vn 0.030135 0.305177 -0.951819
vn 0.030136 0.305177 -0.951819
vn 0.030136 0.305177 -0.951819
vn 0.030136 0.305177 -0.951819
vn 0.039316 0.398141 -0.916481
vn 0.039316 0.398141 -0.916481
vn 0.039316 0.398141 -0.916481
vn 0.039315 0.398141 -0.916481
vn 0.039315 0.398141 -0.916481
vn 0.039315 0.398141 -0.916481
vn 0.048852 0.494728 -0.867674
vn 0.048852 0.494728 -0.867674
vn 0.048852 0.494728 -0.867674
vn 0.048854 0.494729 -0.867673
vn 0.048854 0.494729 -0.867673
vn 0.048854 0.494729 -0.867673
vn 0.058709 0.594525 -0.801931
vn 0.058709 0.594525 -0.801931
vn 0.058709 0.594525 -0.801931
vn -0.554245 0.034762 -0.831627
vn -0.554245 0.034762 -0.831627
vn -0.554245 0.034762 -0.831627
vn -0.544826 0.080848 -0.834643
vn -0.544826 0.080848 -0.834643
vn -0.544826 0.080848 -0.834643
vn -0.544827 0.080850 -0.834642
vn -0.544827 0.080850 -0.834642
vn -0.544827 0.080850 -0.834642
vn -0.527781 0.126280 -0.839941
vn -0.527781 0.126280 -0.839941
vn -0.527781 0.126280 -0.839941
vn -0.527781 0.126280 -0.839941
vn -0.527781 0.126280 -0.839941
vn -0.527781 0.126280 -0.839941
vn -0.502976 0.170604 -0.847295
vn -0.502976 0.170604 -0.847295
vn -0.502976 0.170604 -0.847295
vn -0.502976 0.170604 -0.847296
vn -0.502976 0.170604 -0.847296
vn -0.502976 0.170604 -0.847296
vn -0.470271 0.213279 -0.856363
vn -0.470271 0.213279 -0.856363
vn -0.470271 0.213279 -0.856363
vn -0.470271 0.213280 -0.856363
vn -0.470271 0.213280 -0.856363
vn -0.470271 0.213280 -0.856363
vn -0.429573 0.253647 -0.866678
vn -0.429573 0.253647 -0.866678
vn -0.429573 0.253647 -0.866678
vn -0.429573 0.253646 -0.866678
vn -0.429573 0.253646 -0.866678
vn -0.429573 0.253646 -0.866678
vn -0.380920 0.290915 -0.877649
vn -0.380920 0.290915 -0.877649
vn -0.380920 0.290915 -0.877649
vn -0.380920 0.290915 -0.877649
vn -0.380920 0.290915 -0.877649
vn -0.380920 0.290915 -0.877649
vn -0.324635 0.324142 -0.888563
vn -0.324635 0.324142 -0.888563
vn -0.324635 0.324142 -0.888563
vn -0.396955 0.396353 -0.827847
vn -0.396955 0.396353 -0.827847
vn -0.396955 0.396353 -0.827847
vn -0.321059 0.433479 -0.842031
vn -0.321059 0.433479 -0.842031
vn -0.321059 0.433479 -0.842031
vn -0.321057 0.433481 -0.842031
vn -0.321057 0.433481 -0.842031
vn -0.321057 0.433481 -0.842031
vn -0.236388 0.463171 -0.854162
vn -0.236388 0.463171 -0.854162
vn -0.236388 0.463171 -0.854162
vn -0.236368 0.463189 -0.854158
vn -0.236368 0.463189 -0.854158
vn -0.236368 0.463189 -0.854158
vn -0.144972 0.483977 -0.862989
vn -0.144972 0.483977 -0.862989
vn -0.144972 0.483977 -0.862989
vn -0.144970 0.483978 -0.862988
vn -0.144970 0.483978 -0.862988
vn -0.144970 0.483978 -0.862988
vn -0.048852 0.494729 -0.867673
vn -0.048852 0.494729 -0.867673
vn -0.048852 0.494729 -0.867673
vn -0.048854 0.494728 -0.867674
vn -0.048854 0.494728 -0.867674
vn -0.048854 0.494728 -0.867674
vn -0.659859 -0.013757 -0.751264
vn -0.659859 -0.013757 -0.751264
vn -0.659859 -0.013757 -0.751264
vn -0.657826 0.041259 -0.752039
vn -0.657826 0.041259 -0.752039
vn -0.657826 0.041259 -0.752039
vn -0.657825 0.041258 -0.752040
vn -0.657825 0.041258 -0.752040
vn -0.657825 0.041258 -0.752040
vn -0.647608 0.096102 -0.755889
vn -0.647608 0.096102 -0.755889
vn -0.647608 0.096102 -0.755889
vn -0.647608 0.096102 -0.755889
vn -0.647608 0.096102 -0.755889
vn -0.647608 0.096102 -0.755889
vn -0.629003 0.150498 -0.762696
vn -0.629003 0.150498 -0.762696
vn -0.629003 0.150498 -0.762696
vn -0.629003 0.150499 -0.762696
vn -0.629003 0.150499 -0.762696
vn -0.629003 0.150499 -0.762696
vn -0.601669 0.204080 -0.772234
vn -0.601669 0.204080 -0.772234
vn -0.601669 0.204080 -0.772234
vn -0.601669 0.204080 -0.772234
vn -0.601669 0.204080 -0.772234
vn -0.601669 0.204080 -0.772234
vn -0.565173 0.256321 -0.784142
vn -0.565173 0.256321 -0.784142
vn -0.565173 0.256321 -0.784142
vn -0.565173 0.256320 -0.784142
vn -0.565173 0.256320 -0.784142
vn -0.565173 0.256320 -0.784142
vn -0.519066 0.306487 -0.797895
vn -0.519066 0.306487 -0.797895
vn -0.519066 0.306487 -0.797895
vn -0.519065 0.306488 -0.797895
vn -0.519065 0.306488 -0.797895
vn -0.519065 0.306488 -0.797895
vn -0.462998 0.353600 -0.812773
vn -0.462998 0.353600 -0.812773
vn -0.462998 0.353600 -0.812773
vn -0.462999 0.353599 -0.812773
vn -0.462999 0.353599 -0.812773
vn -0.462999 0.353599 -0.812773
vn -0.396981 0.396350 -0.827836
vn -0.396981 0.396350 -0.827836
vn -0.396981 0.396350 -0.827836
vn -0.467822 0.467078 -0.750321
vn -0.467822 0.467078 -0.750321
vn -0.467822 0.467078 -0.750321
vn -0.380929 0.514319 -0.768355
vn -0.380929 0.514319 -0.768355
vn -0.380929 0.514319 -0.768355
vn -0.380926 0.514323 -0.768353
vn -0.380926 0.514323 -0.768353
vn -0.380926 0.514323 -0.768353
vn -0.282112 0.552829 -0.784087
vn -0.282112 0.552829 -0.784087
vn -0.282112 0.552829 -0.784087
vn -0.282090 0.552851 -0.784079
vn -0.282090 0.552851 -0.784079
vn -0.282090 0.552851 -0.784079
vn -0.173799 0.580221 -0.795700
vn -0.173799 0.580221 -0.795700
vn -0.173799 0.580221 -0.795700
vn -0.173800 0.580220 -0.795700
vn -0.173800 0.580220 -0.795700
vn -0.173800 0.580220 -0.795700
vn -0.058709 0.594525 -0.801931
vn -0.058709 0.594525 -0.801931
vn -0.058709 0.594525 -0.801931
vn -0.058708 0.594526 -0.801931
vn -0.058708 0.594526 -0.801931
vn -0.058708 0.594526 -0.801931
vn 0.004204 0.042575 -0.999084
vn 0.004204 0.042575 -0.999084
vn 0.004204 0.042575 -0.999084
vn 0.012543 0.041875 -0.999044
vn 0.012543 0.041875 -0.999044
vn 0.012543 0.041875 -0.999044
vn 0.020675 0.040485 -0.998966
vn 0.020675 0.040485 -0.998966
vn 0.020675 0.040485 -0.998966
vn 0.028464 0.038429 -0.998856
vn 0.028464 0.038429 -0.998856
vn 0.028464 0.038429 -0.998856
vn 0.035784 0.035742 -0.998720
vn 0.035784 0.035742 -0.998720
vn 0.035784 0.035742 -0.998720
vn 0.042514 0.032469 -0.998568
vn 0.042514 0.032469 -0.998568
vn 0.042514 0.032469 -0.998568
vn -0.032191 -0.037162 -0.998791
vn -0.032191 -0.037162 -0.998791
vn -0.032191 -0.037162 -0.998791
vn -0.039230 -0.034176 -0.998646
vn -0.039230 -0.034176 -0.998646
vn -0.039230 -0.034176 -0.998646
vn -0.056063 -0.022096 -0.998183
vn -0.056063 -0.022096 -0.998183
vn -0.056063 -0.022096 -0.998183
vn -0.059941 -0.017251 -0.998053
vn -0.059941 -0.017251 -0.998053
vn -0.059941 -0.017251 -0.998053
vn -0.062835 -0.012125 -0.997950
vn -0.062835 -0.012125 -0.997950
vn -0.062835 -0.012125 -0.997950
vn -0.064700 -0.006801 -0.997882
vn -0.064700 -0.006801 -0.997882
vn -0.064700 -0.006801 -0.997882
vn -0.065504 -0.001366 -0.997851
vn -0.065504 -0.001366 -0.997851
vn -0.065504 -0.001366 -0.997851
vn -0.065236 0.004092 -0.997861
vn -0.065236 0.004092 -0.997861
vn -0.065236 0.004092 -0.997861
vn -0.063899 0.009482 -0.997911
vn -0.063899 0.009482 -0.997911
vn -0.063899 0.009482 -0.997911
vn -0.061514 0.014718 -0.997998
vn -0.061514 0.014718 -0.997998
vn -0.061514 0.014718 -0.997998
vn -0.053774 0.024388 -0.998255
vn -0.053774 0.024388 -0.998255
vn -0.053774 0.024388 -0.998255
vn -0.048543 0.028663 -0.998410
vn -0.048543 0.028663 -0.998410
vn -0.048543 0.028663 -0.998410
vn -0.028464 0.038429 -0.998856
vn -0.028464 0.038429 -0.998856
vn -0.028464 0.038429 -0.998856
vn -0.020672 0.040485 -0.998966
vn -0.020672 0.040485 -0.998966
vn -0.020672 0.040485 -0.998966
vn -0.012543 0.041875 -0.999044
vn -0.012543 0.041875 -0.999044
vn -0.012543 0.041875 -0.999044
vn -0.004204 0.042575 -0.999084
vn -0.004204 0.042575 -0.999084
vn -0.004204 0.042575 -0.999084
vn -0.024620 -0.039538 -0.998915
vn -0.024620 -0.039538 -0.998915
vn -0.024620 -0.039538 -0.998915
vn -0.074061 -0.118935 -0.990136
vn -0.074061 -0.118935 -0.990136
vn -0.074061 -0.118935 -0.990136
vn -0.050103 -0.124223 -0.990989
vn -0.050103 -0.124223 -0.990989
vn -0.050103 -0.124223 -0.990989
vn -0.084073 -0.208448 -0.974413
vn -0.084073 -0.208448 -0.974413
vn -0.084073 -0.208448 -0.974413
vn -0.042450 -0.214052 -0.975899
vn -0.042450 -0.214052 -0.975899
vn -0.042450 -0.214052 -0.975899
vn -0.060101 -0.303058 -0.951075
vn -0.060101 -0.303058 -0.951075
vn -0.060101 -0.303058 -0.951075
vn 0.000000 -0.399139 -0.916890
vn 0.000000 -0.399139 -0.916890
vn 0.000000 -0.399139 -0.916890
vn 0.000000 -0.399139 -0.916890
vn 0.078364 -0.395160 -0.915264
vn 0.078364 -0.395160 -0.915264
vn 0.078364 -0.395160 -0.915264
vn 0.097305 -0.490669 -0.865896
vn 0.097305 -0.490669 -0.865896
vn 0.097305 -0.490669 -0.865896
vn 0.191485 -0.474758 -0.859033
vn 0.191485 -0.474758 -0.859033
vn 0.191485 -0.474758 -0.859033
vn 0.229106 -0.568033 -0.790474
vn 0.229106 -0.568033 -0.790474
vn 0.229106 -0.568033 -0.790474
vn 0.333005 -0.534775 -0.776610
vn 0.333005 -0.534775 -0.776610
vn 0.333005 -0.534775 -0.776610
vn 0.385293 -0.618745 -0.684620
vn 0.385293 -0.618745 -0.684620
vn 0.385293 -0.618745 -0.684620
vn 0.489166 -0.564706 -0.664698
vn 0.489166 -0.564706 -0.664698
vn 0.489166 -0.564706 -0.664698
vn 0.547301 -0.631819 -0.548878
vn 0.547301 -0.631819 -0.548878
vn 0.547301 -0.631819 -0.548878
vn 0.640718 -0.558167 -0.527191
vn 0.640718 -0.558167 -0.527191
vn 0.640718 -0.558167 -0.527191
vn 0.693425 -0.604084 -0.392741
vn 0.693425 -0.604084 -0.392741
vn 0.693425 -0.604084 -0.392741
vn 0.769728 -0.516753 -0.374812
vn 0.769728 -0.516753 -0.374812
vn 0.769728 -0.516753 -0.374812
vn 0.807892 -0.542375 -0.230521
vn 0.807892 -0.542375 -0.230521
vn 0.807892 -0.542375 -0.230521
vn 0.866039 -0.449031 -0.219883
vn 0.866039 -0.449031 -0.219883
vn 0.866039 -0.449031 -0.219883
vn 0.884345 -0.458522 -0.087703
vn 0.884345 -0.458522 -0.087703
vn 0.884345 -0.458522 -0.087703
vn 0.919193 -0.389462 -0.058341
vn 0.919193 -0.389462 -0.058341
vn 0.919193 -0.389462 -0.058341
vn -0.016643 -0.041265 -0.999010
vn -0.016643 -0.041265 -0.999010
vn -0.016643 -0.041265 -0.999010
vn -0.050103 -0.124223 -0.990989
vn -0.050103 -0.124223 -0.990989
vn -0.050103 -0.124223 -0.990989
vn -0.025272 -0.127438 -0.991524
vn -0.025272 -0.127438 -0.991524
vn -0.025272 -0.127438 -0.991524
vn -0.042449 -0.214052 -0.975899
vn -0.042449 -0.214052 -0.975899
vn -0.042449 -0.214052 -0.975899
vn 0.000000 -0.305886 -0.952068
vn 0.000000 -0.305886 -0.952068
vn 0.000000 -0.305886 -0.952068
vn 0.000000 -0.305886 -0.952068
vn 0.060100 -0.303058 -0.951075
vn 0.060100 -0.303058 -0.951075
vn 0.060100 -0.303058 -0.951075
vn 0.078364 -0.395160 -0.915264
vn 0.078364 -0.395160 -0.915264
vn 0.078364 -0.395160 -0.915264
vn 0.154642 -0.383411 -0.910539
vn 0.154642 -0.383411 -0.910539
vn 0.154642 -0.383411 -0.910539
vn 0.191485 -0.474758 -0.859033
vn 0.191485 -0.474758 -0.859033
vn 0.191485 -0.474758 -0.859033
vn 0.279792 -0.449322 -0.848425
vn 0.279792 -0.449322 -0.848425
vn 0.279792 -0.449322 -0.848425
vn 0.333004 -0.534775 -0.776610
vn 0.333004 -0.534775 -0.776610
vn 0.333004 -0.534775 -0.776610
vn 0.425881 -0.491651 -0.759542
vn 0.425881 -0.491651 -0.759542
vn 0.425881 -0.491651 -0.759542
vn 0.489165 -0.564708 -0.664697
vn 0.489165 -0.564708 -0.664697
vn 0.489165 -0.564708 -0.664697
vn 0.577176 -0.502812 -0.643466
vn 0.577176 -0.502812 -0.643466
vn 0.577176 -0.502812 -0.643466
vn 0.640718 -0.558167 -0.527191
vn 0.640718 -0.558167 -0.527191
vn 0.640718 -0.558167 -0.527191
vn 0.715908 -0.480620 -0.506439
vn 0.715908 -0.480620 -0.506439
vn 0.715908 -0.480620 -0.506439
vn 0.769729 -0.516753 -0.374813
vn 0.769729 -0.516753 -0.374813
vn 0.769729 -0.516753 -0.374813
vn 0.828581 -0.429609 -0.359013
vn 0.828581 -0.429609 -0.359013
vn 0.828581 -0.429609 -0.359013
vn 0.866039 -0.449030 -0.219884
vn 0.866039 -0.449030 -0.219884
vn 0.866039 -0.449030 -0.219884
vn 0.909382 -0.358417 -0.211095
vn 0.909382 -0.358417 -0.211095
vn 0.909382 -0.358417 -0.211095
vn 0.927088 -0.365395 -0.083633
vn 0.927088 -0.365395 -0.083633
vn 0.927088 -0.365395 -0.083633
vn 0.953022 -0.297557 -0.056639
vn 0.953022 -0.297557 -0.056639
vn 0.953022 -0.297557 -0.056639
vn -0.008391 -0.042312 -0.999069
vn -0.008391 -0.042312 -0.999069
vn -0.008391 -0.042312 -0.999069
vn -0.025273 -0.127438 -0.991524
vn -0.025273 -0.127438 -0.991524
vn -0.025273 -0.127438 -0.991524
vn 0.000000 -0.215936 -0.976407
vn 0.000000 -0.215936 -0.976407
vn 0.000000 -0.215936 -0.976407
vn 0.000000 -0.215936 -0.976407
vn 0.042450 -0.214052 -0.975899
vn 0.042450 -0.214052 -0.975899
vn 0.042450 -0.214052 -0.975899
vn 0.060101 -0.303058 -0.951075
vn 0.060101 -0.303058 -0.951075
vn 0.060101 -0.303058 -0.951075
vn 0.118851 -0.294673 -0.948178
vn 0.118851 -0.294673 -0.948178
vn 0.118851 -0.294673 -0.948178
vn 0.154642 -0.383410 -0.910540
vn 0.154642 -0.383410 -0.910540
vn 0.154642 -0.383410 -0.910540
vn 0.226930 -0.364427 -0.903159
vn 0.226930 -0.364427 -0.903159
vn 0.226930 -0.364427 -0.903159
vn 0.279793 -0.449321 -0.848426
vn 0.279793 -0.449321 -0.848426
vn 0.279793 -0.449321 -0.848426
vn 0.360138 -0.415754 -0.835134
vn 0.360138 -0.415754 -0.835134
vn 0.360138 -0.415754 -0.835134
vn 0.425882 -0.491650 -0.759543
vn 0.425882 -0.491650 -0.759543
vn 0.425882 -0.491650 -0.759543
vn 0.506372 -0.441130 -0.740940
vn 0.506372 -0.441130 -0.740940
vn 0.506372 -0.441130 -0.740940
vn 0.577176 -0.502811 -0.643467
vn 0.577176 -0.502811 -0.643467
vn 0.577176 -0.502811 -0.643467
vn 0.649650 -0.436140 -0.622685
vn 0.649650 -0.436140 -0.622685
vn 0.649650 -0.436140 -0.622685
vn 0.715907 -0.480622 -0.506438
vn 0.715907 -0.480622 -0.506438
vn 0.715907 -0.480622 -0.506438
vn 0.774973 -0.401814 -0.487814
vn 0.774973 -0.401814 -0.487814
vn 0.774973 -0.401814 -0.487814
vn 0.828581 -0.429609 -0.359013
vn 0.828581 -0.429609 -0.359013
vn 0.828581 -0.429609 -0.359013
vn 0.872949 -0.344057 -0.345811
vn 0.872949 -0.344057 -0.345811
vn 0.872949 -0.344057 -0.345811
vn 0.909382 -0.358417 -0.211095
vn 0.909382 -0.358417 -0.211095
vn 0.909382 -0.358417 -0.211095
vn 0.940738 -0.270751 -0.204219
vn 0.940738 -0.270751 -0.204219
vn 0.940738 -0.270751 -0.204219
vn 0.957882 -0.275685 -0.080378
vn 0.957882 -0.275685 -0.080378
vn 0.957882 -0.275685 -0.080378
vn 0.976371 -0.208852 -0.055499
vn 0.976371 -0.208852 -0.055499
vn 0.976371 -0.208852 -0.055499
vn 0.000000 -0.042663 -0.999090
vn 0.000000 -0.042663 -0.999090
vn 0.000000 -0.042663 -0.999090
vn 0.000000 -0.128517 -0.991707
vn 0.000000 -0.128517 -0.991707
vn 0.000000 -0.128517 -0.991707
vn 0.000000 -0.128517 -0.991707
vn 0.025272 -0.127438 -0.991524
vn 0.025272 -0.127438 -0.991524
vn 0.025272 -0.127438 -0.991524
vn 0.042449 -0.214052 -0.975899
vn 0.042449 -0.214052 -0.975899
vn 0.042449 -0.214052 -0.975899
vn 0.084073 -0.208448 -0.974413
vn 0.084073 -0.208448 -0.974413
vn 0.084073 -0.208448 -0.974413
vn 0.118850 -0.294674 -0.948178
vn 0.118850 -0.294674 -0.948178
vn 0.118850 -0.294674 -0.948178
vn 0.174987 -0.281014 -0.943616
vn 0.174987 -0.281014 -0.943616
vn 0.174987 -0.281014 -0.943616
vn 0.226929 -0.364428 -0.903159
vn 0.226929 -0.364428 -0.903159
vn 0.226929 -0.364428 -0.903159
vn 0.293659 -0.339011 -0.893776
vn 0.293659 -0.339011 -0.893776
vn 0.293659 -0.339011 -0.893776
vn 0.360137 -0.415755 -0.835134
vn 0.360137 -0.415755 -0.835134
vn 0.360137 -0.415755 -0.835134
vn 0.431186 -0.375631 -0.820354
vn 0.431186 -0.375631 -0.820354
vn 0.431186 -0.375631 -0.820354
vn 0.506372 -0.441130 -0.740940
vn 0.506372 -0.441130 -0.740940
vn 0.506372 -0.441130 -0.740940
vn 0.574173 -0.385469 -0.722315
vn 0.574173 -0.385469 -0.722315
vn 0.574173 -0.385469 -0.722315
vn 0.649650 -0.436141 -0.622684
vn 0.649650 -0.436141 -0.622684
vn 0.649650 -0.436141 -0.622684
vn 0.707775 -0.366972 -0.603644
vn 0.707775 -0.366972 -0.603644
vn 0.707775 -0.366972 -0.603644
vn 0.774973 -0.401814 -0.487814
vn 0.774973 -0.401814 -0.487814
vn 0.774973 -0.401814 -0.487814
vn 0.820186 -0.323262 -0.472014
vn 0.820186 -0.323262 -0.472014
vn 0.820186 -0.323262 -0.472014
vn 0.872949 -0.344057 -0.345811
vn 0.872949 -0.344057 -0.345811
vn 0.872949 -0.344057 -0.345811
vn 0.905329 -0.260560 -0.335392
vn 0.905329 -0.260560 -0.335392
vn 0.905329 -0.260560 -0.335392
vn 0.940738 -0.270751 -0.204218
vn 0.940738 -0.270751 -0.204218
vn 0.940738 -0.270751 -0.204218
vn 0.962201 -0.185671 -0.199235
vn 0.962201 -0.185671 -0.199235
vn 0.962201 -0.185671 -0.199235
vn 0.978902 -0.188894 -0.077909
vn 0.978902 -0.188894 -0.077909
vn 0.978902 -0.188894 -0.077909
vn 0.990940 -0.122566 -0.054909
vn 0.990940 -0.122566 -0.054909
vn 0.990940 -0.122566 -0.054909
vn 0.008391 -0.042312 -0.999069
vn 0.008391 -0.042312 -0.999069
vn 0.008391 -0.042312 -0.999069
vn 0.025273 -0.127438 -0.991524
vn 0.025273 -0.127438 -0.991524
vn 0.025273 -0.127438 -0.991524
vn 0.050103 -0.124224 -0.990989
vn 0.050103 -0.124224 -0.990989
vn 0.050103 -0.124224 -0.990989
vn 0.084073 -0.208448 -0.974413
vn 0.084073 -0.208448 -0.974413
vn 0.084073 -0.208448 -0.974413
vn 0.124082 -0.199263 -0.972058
vn 0.124082 -0.199263 -0.972058
vn 0.124082 -0.199263 -0.972058
vn 0.174988 -0.281013 -0.943616
vn 0.174988 -0.281013 -0.943616
vn 0.174988 -0.281013 -0.943616
vn 0.227399 -0.262516 -0.937750
vn 0.227399 -0.262516 -0.937750
vn 0.227399 -0.262516 -0.937750
vn 0.293660 -0.339010 -0.893776
vn 0.293660 -0.339010 -0.893776
vn 0.293660 -0.339010 -0.893776
vn 0.353678 -0.308109 -0.883165
vn 0.353678 -0.308109 -0.883165
vn 0.353678 -0.308109 -0.883165
vn 0.431186 -0.375631 -0.820354
vn 0.431186 -0.375631 -0.820354
vn 0.431186 -0.375631 -0.820354
vn 0.492290 -0.330498 -0.805246
vn 0.492290 -0.330498 -0.805246
vn 0.492290 -0.330498 -0.805246
vn 0.574173 -0.385470 -0.722315
vn 0.574173 -0.385470 -0.722315
vn 0.574173 -0.385470 -0.722315
vn 0.629708 -0.326495 -0.704889
vn 0.629708 -0.326495 -0.704889
vn 0.629708 -0.326495 -0.704889
vn 0.707775 -0.366972 -0.603645
vn 0.707775 -0.366972 -0.603645
vn 0.707775 -0.366972 -0.603645
vn 0.753058 -0.296805 -0.587205
vn 0.753058 -0.296805 -0.587205
vn 0.753058 -0.296805 -0.587205
vn 0.820186 -0.323262 -0.472013
vn 0.820186 -0.323262 -0.472013
vn 0.820186 -0.323262 -0.472013
vn 0.853584 -0.245668 -0.459393
vn 0.853584 -0.245668 -0.459393
vn 0.853584 -0.245668 -0.459393
vn 0.905329 -0.260561 -0.335391
vn 0.905329 -0.260561 -0.335391
vn 0.905329 -0.260561 -0.335391
vn 0.927638 -0.179002 -0.327791
vn 0.927638 -0.179002 -0.327791
vn 0.927638 -0.179002 -0.327791
vn 0.962201 -0.185671 -0.199235
vn 0.962201 -0.185671 -0.199235
vn 0.962201 -0.185671 -0.199235
vn 0.975212 -0.102509 -0.196096
vn 0.975212 -0.102509 -0.196096
vn 0.975212 -0.102509 -0.196096
vn 0.991630 -0.104235 -0.076185
vn 0.991630 -0.104235 -0.076185
vn 0.991630 -0.104235 -0.076185
vn 0.997780 -0.037758 -0.054864
vn 0.997780 -0.037758 -0.054864
vn 0.997780 -0.037758 -0.054864
vn 0.016643 -0.041265 -0.999010
vn 0.016643 -0.041265 -0.999010
vn 0.016643 -0.041265 -0.999010
vn 0.050103 -0.124223 -0.990989
vn 0.050103 -0.124223 -0.990989
vn 0.050103 -0.124223 -0.990989
vn 0.074061 -0.118936 -0.990136
vn 0.074061 -0.118936 -0.990136
vn 0.074061 -0.118936 -0.990136
vn 0.124081 -0.199264 -0.972059
vn 0.124081 -0.199264 -0.972059
vn 0.124081 -0.199264 -0.972059
vn 0.161745 -0.186724 -0.969006
vn 0.161745 -0.186724 -0.969006
vn 0.161745 -0.186724 -0.969006
vn 0.227399 -0.262516 -0.937750
vn 0.227399 -0.262516 -0.937750
vn 0.227399 -0.262516 -0.937750
vn 0.275177 -0.239723 -0.931026
vn 0.275177 -0.239723 -0.931026
vn 0.275177 -0.239723 -0.931026
vn 0.353678 -0.308110 -0.883165
vn 0.353678 -0.308110 -0.883165
vn 0.353678 -0.308110 -0.883165
vn 0.406232 -0.272722 -0.872123
vn 0.406232 -0.272722 -0.872123
vn 0.406232 -0.272722 -0.872123
vn 0.492290 -0.330496 -0.805247
vn 0.492290 -0.330496 -0.805247
vn 0.492290 -0.330496 -0.805247
vn 0.543346 -0.281718 -0.790829
vn 0.543346 -0.281718 -0.790829
vn 0.543346 -0.281718 -0.790829
vn 0.629708 -0.326495 -0.704889
vn 0.629708 -0.326495 -0.704889
vn 0.629708 -0.326495 -0.704889
vn 0.673781 -0.265559 -0.689564
vn 0.673781 -0.265559 -0.689564
vn 0.673781 -0.265559 -0.689564
vn 0.753058 -0.296805 -0.587205
vn 0.753058 -0.296805 -0.587205
vn 0.753058 -0.296805 -0.587205
vn 0.786989 -0.226500 -0.573887
vn 0.786989 -0.226500 -0.573887
vn 0.786989 -0.226500 -0.573887
vn 0.853583 -0.245667 -0.459395
vn 0.853583 -0.245667 -0.459395
vn 0.853583 -0.245667 -0.459395
vn 0.876800 -0.169192 -0.450106
vn 0.876800 -0.169192 -0.450106
vn 0.876800 -0.169192 -0.450106
vn 0.927638 -0.179002 -0.327791
vn 0.927638 -0.179002 -0.327791
vn 0.927638 -0.179002 -0.327791
vn 0.941219 -0.098935 -0.322984
vn 0.941219 -0.098935 -0.322984
vn 0.941219 -0.098935 -0.322984
vn 0.975212 -0.102508 -0.196098
vn 0.975212 -0.102508 -0.196098
vn 0.975212 -0.102508 -0.196098
vn 0.980638 -0.020445 -0.194761
vn 0.980638 -0.020445 -0.194761
vn 0.980638 -0.020445 -0.194761
vn 0.996953 -0.020785 -0.075180
vn 0.996953 -0.020785 -0.075180
vn 0.996953 -0.020785 -0.075180
vn 0.997378 0.046585 -0.055372
vn 0.997378 0.046585 -0.055372
vn 0.997378 0.046585 -0.055372
vn 0.024620 -0.039538 -0.998915
vn 0.024620 -0.039538 -0.998915
vn 0.024620 -0.039538 -0.998915
vn 0.074061 -0.118935 -0.990136
vn 0.074061 -0.118935 -0.990136
vn 0.074061 -0.118935 -0.990136
vn 0.096737 -0.111676 -0.989025
vn 0.096737 -0.111676 -0.989025
vn 0.096737 -0.111676 -0.989025
vn 0.161746 -0.186723 -0.969006
vn 0.161746 -0.186723 -0.969006
vn 0.161746 -0.186723 -0.969006
vn 0.196424 -0.171117 -0.965472
vn 0.196424 -0.171117 -0.965472
vn 0.196424 -0.171117 -0.965472
vn 0.275177 -0.239723 -0.931026
vn 0.275177 -0.239723 -0.931026
vn 0.275177 -0.239723 -0.931026
vn 0.317628 -0.213238 -0.923928
vn 0.317628 -0.213238 -0.923928
vn 0.317628 -0.213238 -0.923928
vn 0.406232 -0.272722 -0.872123
vn 0.406232 -0.272722 -0.872123
vn 0.406232 -0.272722 -0.872123
vn 0.450923 -0.233798 -0.861398
vn 0.450923 -0.233798 -0.861398
vn 0.450923 -0.233798 -0.861398
vn 0.543346 -0.281719 -0.790829
vn 0.543346 -0.281719 -0.790829
vn 0.543346 -0.281719 -0.790829
vn 0.584595 -0.230408 -0.777921
vn 0.584595 -0.230408 -0.777921
vn 0.584595 -0.230408 -0.777921
vn 0.673781 -0.265559 -0.689564
vn 0.673781 -0.265559 -0.689564
vn 0.673781 -0.265559 -0.689564
vn 0.707310 -0.203569 -0.676958
vn 0.707310 -0.203569 -0.676958
vn 0.707310 -0.203569 -0.676958
vn 0.786989 -0.226501 -0.573886
vn 0.786989 -0.226501 -0.573886
vn 0.786989 -0.226501 -0.573886
vn 0.810832 -0.156463 -0.563978
vn 0.810832 -0.156463 -0.563978
vn 0.810832 -0.156463 -0.563978
vn 0.876800 -0.169192 -0.450106
vn 0.876800 -0.169192 -0.450106
vn 0.876800 -0.169192 -0.450106
vn 0.891022 -0.093658 -0.444194
vn 0.891022 -0.093658 -0.444194
vn 0.891022 -0.093658 -0.444194
vn 0.941219 -0.098934 -0.322984
vn 0.941219 -0.098934 -0.322984
vn 0.941219 -0.098934 -0.322984
vn 0.946896 -0.019742 -0.320932
vn 0.946896 -0.019742 -0.320932
vn 0.946896 -0.019742 -0.320932
vn 0.980638 -0.020446 -0.194760
vn 0.980638 -0.020446 -0.194760
vn 0.980638 -0.020446 -0.194760
vn 0.978839 0.061392 -0.195205
vn 0.978839 0.061392 -0.195205
vn 0.978839 0.061392 -0.195205
vn 0.995238 0.062421 -0.074865
vn 0.995238 0.062421 -0.074865
vn 0.995238 0.062421 -0.074865
vn 0.989709 0.131492 -0.056441
vn 0.989709 0.131492 -0.056441
vn 0.989709 0.131492 -0.056441
vn 0.032191 -0.037162 -0.998791
vn 0.032191 -0.037162 -0.998791
vn 0.032191 -0.037162 -0.998791
vn 0.096737 -0.111676 -0.989025
vn 0.096737 -0.111676 -0.989025
vn 0.096737 -0.111676 -0.989025
vn 0.117754 -0.102582 -0.987730
vn 0.117754 -0.102582 -0.987730
vn 0.117754 -0.102582 -0.987730
vn 0.196424 -0.171116 -0.965472
vn 0.196424 -0.171116 -0.965472
vn 0.196424 -0.171116 -0.965472
vn 0.227575 -0.152782 -0.961700
vn 0.227575 -0.152782 -0.961700
vn 0.227575 -0.152782 -0.961700
vn 0.317628 -0.213238 -0.923928
vn 0.317628 -0.213238 -0.923928
vn 0.317628 -0.213238 -0.923928
vn 0.354257 -0.183679 -0.916932
vn 0.354257 -0.183679 -0.916932
vn 0.354257 -0.183679 -0.916932
vn 0.450923 -0.233799 -0.861398
vn 0.450923 -0.233799 -0.861398
vn 0.450923 -0.233799 -0.861398
vn 0.487619 -0.192186 -0.851641
vn 0.487619 -0.192186 -0.851641
vn 0.487619 -0.192186 -0.851641
vn 0.584595 -0.230407 -0.777921
vn 0.584595 -0.230407 -0.777921
vn 0.584595 -0.230407 -0.777921
vn 0.616453 -0.177420 -0.767143
vn 0.616453 -0.177420 -0.767143
vn 0.616453 -0.177420 -0.767143
vn 0.707310 -0.203569 -0.676958
vn 0.707310 -0.203569 -0.676958
vn 0.707310 -0.203569 -0.676958
vn 0.731148 -0.141086 -0.667470
vn 0.731148 -0.141086 -0.667470
vn 0.731148 -0.141086 -0.667470
vn 0.810832 -0.156463 -0.563978
vn 0.810832 -0.156463 -0.563978
vn 0.810832 -0.156463 -0.563978
vn 0.825545 -0.086776 -0.557626
vn 0.825545 -0.086776 -0.557626
vn 0.825545 -0.086776 -0.557626
vn 0.891022 -0.093658 -0.444194
vn 0.891022 -0.093658 -0.444194
vn 0.891022 -0.093658 -0.444194
vn 0.896986 -0.018701 -0.441662
vn 0.896986 -0.018701 -0.441662
vn 0.896986 -0.018701 -0.441662
vn 0.946896 -0.019742 -0.320933
vn 0.946896 -0.019742 -0.320933
vn 0.946896 -0.019742 -0.320933
vn 0.945013 0.059272 -0.321617
vn 0.945013 0.059272 -0.321617
vn 0.945013 0.059272 -0.321617
vn 0.978839 0.061393 -0.195206
vn 0.978839 0.061393 -0.195206
vn 0.978839 0.061393 -0.195206
vn 0.969696 0.143898 -0.197439
vn 0.969696 0.143898 -0.197439
vn 0.969696 0.143898 -0.197439
vn 0.986365 0.146372 -0.075233
vn 0.986365 0.146372 -0.075233
vn 0.986365 0.146372 -0.075233
vn 0.974225 0.217966 -0.058101
vn 0.974225 0.217966 -0.058101
vn 0.974225 0.217966 -0.058101
vn 0.039230 -0.034176 -0.998646
vn 0.039230 -0.034176 -0.998646
vn 0.039230 -0.034176 -0.998646
vn 0.117754 -0.102582 -0.987730
vn 0.117754 -0.102582 -0.987730
vn 0.117754 -0.102582 -0.987730
vn 0.136770 -0.091820 -0.986338
vn 0.136770 -0.091820 -0.986338
vn 0.136770 -0.091820 -0.986338
vn 0.227575 -0.152781 -0.961700
vn 0.227575 -0.152781 -0.961700
vn 0.227575 -0.152781 -0.961700
vn 0.254756 -0.132088 -0.957942
vn 0.254756 -0.132088 -0.957942
vn 0.254756 -0.132088 -0.957942
vn 0.354258 -0.183678 -0.916932
vn 0.354258 -0.183678 -0.916932
vn 0.354258 -0.183678 -0.916932
vn 0.384750 -0.151642 -0.910479
vn 0.384750 -0.151642 -0.910479
vn 0.384750 -0.151642 -0.910479
vn 0.487619 -0.192186 -0.851641
vn 0.487619 -0.192186 -0.851641
vn 0.487619 -0.192186 -0.851641
vn 0.516357 -0.148612 -0.843380
vn 0.516357 -0.148612 -0.843380
vn 0.516357 -0.148612 -0.843380
vn 0.616453 -0.177421 -0.767143
vn 0.616453 -0.177421 -0.767143
vn 0.616453 -0.177421 -0.767143
vn 0.639372 -0.123377 -0.758934
vn 0.639372 -0.123377 -0.758934
vn 0.639372 -0.123377 -0.758934
vn 0.731148 -0.141086 -0.667470
vn 0.731148 -0.141086 -0.667470
vn 0.731148 -0.141086 -0.667470
vn 0.745978 -0.078412 -0.661338
vn 0.745978 -0.078412 -0.661338
vn 0.745978 -0.078412 -0.661338
vn 0.825544 -0.086776 -0.557626
vn 0.825544 -0.086776 -0.557626
vn 0.825544 -0.086776 -0.557626
vn 0.831740 -0.017341 -0.554894
vn 0.831740 -0.017341 -0.554894
vn 0.831740 -0.017341 -0.554894
vn 0.896986 -0.018701 -0.441663
vn 0.896986 -0.018701 -0.441663
vn 0.896986 -0.018701 -0.441663
vn 0.895007 0.056135 -0.442506
vn 0.895007 0.056135 -0.442506
vn 0.895007 0.056135 -0.442506
vn 0.945013 0.059272 -0.321617
vn 0.945013 0.059272 -0.321617
vn 0.945013 0.059272 -0.321617
vn 0.935456 0.138817 -0.325042
vn 0.935456 0.138817 -0.325042
vn 0.935456 0.138817 -0.325042
vn 0.969696 0.143899 -0.197439
vn 0.969696 0.143899 -0.197439
vn 0.969696 0.143899 -0.197439
vn 0.952602 0.227926 -0.201494
vn 0.952602 0.227926 -0.201494
vn 0.952602 0.227926 -0.201494
vn 0.969715 0.232021 -0.076286
vn 0.969715 0.232021 -0.076286
vn 0.969715 0.232021 -0.076286
vn 0.949810 0.306942 -0.060389
vn 0.949810 0.306942 -0.060389
vn 0.949810 0.306942 -0.060389
vn 0.045623 -0.030629 -0.998489
vn 0.045623 -0.030629 -0.998489
vn 0.045623 -0.030629 -0.998489
vn 0.136770 -0.091820 -0.986338
vn 0.136770 -0.091820 -0.986338
vn 0.136770 -0.091820 -0.986338
vn 0.153489 -0.079582 -0.984941
vn 0.153489 -0.079582 -0.984941
vn 0.153489 -0.079582 -0.984941
vn 0.254756 -0.132088 -0.957942
vn 0.254756 -0.132088 -0.957942
vn 0.254756 -0.132088 -0.957942
vn 0.277626 -0.109421 -0.954438
vn 0.277626 -0.109421 -0.954438
vn 0.277626 -0.109421 -0.954438
vn 0.384750 -0.151642 -0.910479
vn 0.384750 -0.151642 -0.910479
vn 0.384750 -0.151642 -0.910479
vn 0.408918 -0.117690 -0.904950
vn 0.408918 -0.117690 -0.904950
vn 0.408918 -0.117690 -0.904950
vn 0.516357 -0.148612 -0.843380
vn 0.516357 -0.148612 -0.843380
vn 0.516357 -0.148612 -0.843380
vn 0.537264 -0.103673 -0.837018
vn 0.537264 -0.103673 -0.837018
vn 0.537264 -0.103673 -0.837018
vn 0.639372 -0.123377 -0.758934
vn 0.639372 -0.123377 -0.758934
vn 0.639372 -0.123377 -0.758934
vn 0.653749 -0.068718 -0.753585
vn 0.653749 -0.068718 -0.753585
vn 0.653749 -0.068718 -0.753585
vn 0.745978 -0.078412 -0.661338
vn 0.745978 -0.078412 -0.661338
vn 0.745978 -0.078412 -0.661338
vn 0.752251 -0.015684 -0.658689
vn 0.752251 -0.015684 -0.658689
vn 0.752251 -0.015684 -0.658689
vn 0.831741 -0.017342 -0.554893
vn 0.831741 -0.017342 -0.554893
vn 0.831741 -0.017342 -0.554893
vn 0.829683 0.052037 -0.555804
vn 0.829683 0.052037 -0.555804
vn 0.829683 0.052037 -0.555804
vn 0.895007 0.056134 -0.442505
vn 0.895007 0.056134 -0.442505
vn 0.895007 0.056134 -0.442505
vn 0.884980 0.131326 -0.446726
vn 0.884980 0.131326 -0.446726
vn 0.884980 0.131326 -0.446726
vn 0.935456 0.138817 -0.325041
vn 0.935456 0.138817 -0.325041
vn 0.935456 0.138817 -0.325041
vn 0.917645 0.219561 -0.331240
vn 0.917645 0.219561 -0.331240
vn 0.917645 0.219561 -0.331240
vn 0.952602 0.227925 -0.201493
vn 0.952602 0.227925 -0.201493
vn 0.952602 0.227925 -0.201493
vn 0.926411 0.314229 -0.207417
vn 0.926411 0.314229 -0.207417
vn 0.926411 0.314229 -0.207417
vn 0.944119 0.320236 -0.078026
vn 0.944119 0.320236 -0.078026
vn 0.944119 0.320236 -0.078026
vn 0.914690 0.399162 -0.063337
vn 0.914690 0.399162 -0.063337
vn 0.914690 0.399162 -0.063337
vn 0.051264 -0.026580 -0.998331
vn 0.051264 -0.026580 -0.998331
vn 0.051264 -0.026580 -0.998331
vn 0.153489 -0.079582 -0.984941
vn 0.153489 -0.079582 -0.984941
vn 0.153489 -0.079582 -0.984941
vn 0.167658 -0.066079 -0.983628
vn 0.167658 -0.066079 -0.983628
vn 0.167658 -0.066079 -0.983628
vn 0.277626 -0.109421 -0.954438
vn 0.277626 -0.109421 -0.954438
vn 0.277626 -0.109421 -0.954438
vn 0.295925 -0.085170 -0.951407
vn 0.295925 -0.085170 -0.951407
vn 0.295925 -0.085170 -0.951407
vn 0.408918 -0.117690 -0.904950
vn 0.408918 -0.117690 -0.904950
vn 0.408918 -0.117690 -0.904950
vn 0.426672 -0.082333 -0.900651
vn 0.426672 -0.082333 -0.900651
vn 0.426672 -0.082333 -0.900651
vn 0.537264 -0.103673 -0.837018
vn 0.537264 -0.103673 -0.837018
vn 0.537264 -0.103673 -0.837018
vn 0.550482 -0.057862 -0.832839
vn 0.550482 -0.057862 -0.832839
vn 0.550482 -0.057862 -0.832839
vn 0.653749 -0.068717 -0.753585
vn 0.653749 -0.068717 -0.753585
vn 0.653749 -0.068717 -0.753585
vn 0.659858 -0.013757 -0.751264
vn 0.659858 -0.013757 -0.751264
vn 0.659858 -0.013757 -0.751264
vn 0.752251 -0.015683 -0.658690
vn 0.752251 -0.015683 -0.658690
vn 0.752251 -0.015683 -0.658690
vn 0.750165 0.047051 -0.659575
vn 0.750165 0.047051 -0.659575
vn 0.750165 0.047051 -0.659575
vn 0.829682 0.052038 -0.555806
vn 0.829682 0.052038 -0.555806
vn 0.829682 0.052038 -0.555806
vn 0.819283 0.121578 -0.560352
vn 0.819283 0.121578 -0.560352
vn 0.819283 0.121578 -0.560352
vn 0.884980 0.131327 -0.446727
vn 0.884980 0.131327 -0.446727
vn 0.884980 0.131327 -0.446727
vn 0.866380 0.207295 -0.454328
vn 0.866380 0.207295 -0.454328
vn 0.866380 0.207295 -0.454328
vn 0.917646 0.219561 -0.331240
vn 0.917646 0.219561 -0.331240
vn 0.917646 0.219561 -0.331240
vn 0.890504 0.302050 -0.340248
vn 0.890504 0.302050 -0.340248
vn 0.890504 0.302050 -0.340248
vn 0.926412 0.314229 -0.207417
vn 0.926412 0.314229 -0.207417
vn 0.926412 0.314229 -0.207417
vn 0.889368 0.403350 -0.215250
vn 0.889368 0.403350 -0.215250
vn 0.889368 0.403350 -0.215250
vn 0.907764 0.411693 -0.080461
vn 0.907764 0.411693 -0.080461
vn 0.907764 0.411693 -0.080461
vn 0.866312 0.494992 -0.066977
vn 0.866312 0.494992 -0.066977
vn 0.866312 0.494992 -0.066977
vn 0.056063 -0.022096 -0.998183
vn 0.056063 -0.022096 -0.998183
vn 0.056063 -0.022096 -0.998183
vn 0.167658 -0.066079 -0.983628
vn 0.167658 -0.066079 -0.983628
vn 0.167658 -0.066079 -0.983628
vn 0.179070 -0.051538 -0.982486
vn 0.179070 -0.051538 -0.982486
vn 0.179070 -0.051538 -0.982486
vn 0.295925 -0.085170 -0.951407
vn 0.295925 -0.085170 -0.951407
vn 0.295925 -0.085170 -0.951407
vn 0.309473 -0.059717 -0.949031
vn 0.309473 -0.059717 -0.949031
vn 0.309473 -0.059717 -0.949031
vn 0.426672 -0.082332 -0.900651
vn 0.426672 -0.082332 -0.900651
vn 0.426672 -0.082332 -0.900651
vn 0.437975 -0.046037 -0.897807
vn 0.437975 -0.046037 -0.897807
vn 0.437975 -0.046037 -0.897807
vn 0.550482 -0.057863 -0.832839
vn 0.550482 -0.057863 -0.832839
vn 0.550482 -0.057863 -0.832839
vn 0.556125 -0.011595 -0.831018
vn 0.556125 -0.011595 -0.831018
vn 0.556125 -0.011595 -0.831018
vn 0.659859 -0.013757 -0.751264
vn 0.659859 -0.013757 -0.751264
vn 0.659859 -0.013757 -0.751264
vn 0.657826 0.041258 -0.752039
vn 0.657826 0.041258 -0.752039
vn 0.657826 0.041258 -0.752039
vn 0.750166 0.047050 -0.659573
vn 0.750166 0.047050 -0.659573
vn 0.750166 0.047050 -0.659573
vn 0.739656 0.109761 -0.663974
vn 0.739656 0.109761 -0.663974
vn 0.739656 0.109761 -0.663974
vn 0.819283 0.121577 -0.560352
vn 0.819283 0.121577 -0.560352
vn 0.819283 0.121577 -0.560352
vn 0.800104 0.191438 -0.568494
vn 0.800104 0.191438 -0.568494
vn 0.800104 0.191438 -0.568494
vn 0.866379 0.207296 -0.454330
vn 0.866379 0.207296 -0.454330
vn 0.866379 0.207296 -0.454330
vn 0.838248 0.284326 -0.465295
vn 0.838248 0.284326 -0.465295
vn 0.838248 0.284326 -0.465295
vn 0.890503 0.302051 -0.340249
vn 0.890503 0.302051 -0.340249
vn 0.890503 0.302051 -0.340249
vn 0.852406 0.386587 -0.352071
vn 0.852406 0.386587 -0.352071
vn 0.852406 0.386587 -0.352071
vn 0.889368 0.403350 -0.215251
vn 0.889368 0.403350 -0.215251
vn 0.889368 0.403350 -0.215251
vn 0.839020 0.495409 -0.224981
vn 0.839020 0.495409 -0.224981
vn 0.839020 0.495409 -0.224981
vn 0.858083 0.506665 -0.083575
vn 0.858083 0.506665 -0.083575
vn 0.858083 0.506665 -0.083575
vn 0.801273 0.594035 -0.071304
vn 0.801273 0.594035 -0.071304
vn 0.801273 0.594035 -0.071304
vn 0.059941 -0.017251 -0.998053
vn 0.059941 -0.017251 -0.998053
vn 0.059941 -0.017251 -0.998053
vn 0.179070 -0.051537 -0.982486
vn 0.179070 -0.051537 -0.982486
vn 0.179070 -0.051537 -0.982486
vn 0.187564 -0.036193 -0.981585
vn 0.187564 -0.036193 -0.981585
vn 0.187564 -0.036193 -0.981585
vn 0.309473 -0.059717 -0.949031
vn 0.309473 -0.059717 -0.949031
vn 0.309473 -0.059717 -0.949031
vn 0.318147 -0.033441 -0.947451
vn 0.318147 -0.033441 -0.947451
vn 0.318147 -0.033441 -0.947451
vn 0.437975 -0.046036 -0.897808
vn 0.437975 -0.046036 -0.897808
vn 0.437975 -0.046036 -0.897808
vn 0.442819 -0.009233 -0.896563
vn 0.442819 -0.009233 -0.896563
vn 0.442819 -0.009233 -0.896563
vn 0.556125 -0.011595 -0.831017
vn 0.556125 -0.011595 -0.831017
vn 0.556125 -0.011595 -0.831017
vn 0.554246 0.034762 -0.831627
vn 0.554246 0.034762 -0.831627
vn 0.554246 0.034762 -0.831627
vn 0.657825 0.041259 -0.752040
vn 0.657825 0.041259 -0.752040
vn 0.657825 0.041259 -0.752040
vn 0.647608 0.096102 -0.755889
vn 0.647608 0.096102 -0.755889
vn 0.647608 0.096102 -0.755889
vn 0.739655 0.109761 -0.663975
vn 0.739655 0.109761 -0.663975
vn 0.739655 0.109761 -0.663975
vn 0.720393 0.172365 -0.671807
vn 0.720393 0.172365 -0.671807
vn 0.720393 0.172365 -0.671807
vn 0.800104 0.191438 -0.568494
vn 0.800104 0.191438 -0.568494
vn 0.800104 0.191438 -0.568494
vn 0.771358 0.261636 -0.580133
vn 0.771358 0.261636 -0.580133
vn 0.771358 0.261636 -0.580133
vn 0.838250 0.284325 -0.465292
vn 0.838250 0.284325 -0.465292
vn 0.838250 0.284325 -0.465292
vn 0.799176 0.362445 -0.479532
vn 0.799176 0.362445 -0.479532
vn 0.799176 0.362445 -0.479532
vn 0.852407 0.386587 -0.352070
vn 0.852407 0.386587 -0.352070
vn 0.852407 0.386587 -0.352070
vn 0.801142 0.473043 -0.366609
vn 0.801142 0.473043 -0.366609
vn 0.801142 0.473043 -0.366609
vn 0.839020 0.495408 -0.224980
vn 0.839020 0.495408 -0.224980
vn 0.839020 0.495408 -0.224980
vn 0.772198 0.589741 -0.236465
vn 0.772198 0.589741 -0.236465
vn 0.772198 0.589741 -0.236465
vn 0.791702 0.604637 -0.087308
vn 0.791702 0.604637 -0.087308
vn 0.791702 0.604637 -0.087308
vn 0.715405 0.694539 -0.076234
vn 0.715405 0.694539 -0.076234
vn 0.715405 0.694539 -0.076234
vn 0.062835 -0.012125 -0.997950
vn 0.062835 -0.012125 -0.997950
vn 0.062835 -0.012125 -0.997950
vn 0.187564 -0.036193 -0.981585
vn 0.187564 -0.036193 -0.981585
vn 0.187564 -0.036193 -0.981585
vn 0.193025 -0.020289 -0.980984
vn 0.193025 -0.020289 -0.980984
vn 0.193025 -0.020289 -0.980984
vn 0.318147 -0.033440 -0.947451
vn 0.318147 -0.033440 -0.947451
vn 0.318147 -0.033440 -0.947451
vn 0.321876 -0.006711 -0.946758
vn 0.321876 -0.006711 -0.946758
vn 0.321876 -0.006711 -0.946758
vn 0.442819 -0.009233 -0.896563
vn 0.442819 -0.009233 -0.896563
vn 0.442819 -0.009233 -0.896563
vn 0.441205 0.027674 -0.896980
vn 0.441205 0.027674 -0.896980
vn 0.441205 0.027674 -0.896980
vn 0.554245 0.034764 -0.831627
vn 0.554245 0.034764 -0.831627
vn 0.554245 0.034764 -0.831627
vn 0.544826 0.080850 -0.834643
vn 0.544826 0.080850 -0.834643
vn 0.544826 0.080850 -0.834643
vn 0.647607 0.096102 -0.755889
vn 0.647607 0.096102 -0.755889
vn 0.647607 0.096102 -0.755889
vn 0.629003 0.150499 -0.762696
vn 0.629003 0.150499 -0.762696
vn 0.629003 0.150499 -0.762696
vn 0.720393 0.172366 -0.671807
vn 0.720393 0.172366 -0.671807
vn 0.720393 0.172366 -0.671807
vn 0.691806 0.234654 -0.682892
vn 0.691806 0.234654 -0.682892
vn 0.691806 0.234654 -0.682892
vn 0.771357 0.261637 -0.580134
vn 0.771357 0.261637 -0.580134
vn 0.771357 0.261637 -0.580134
vn 0.731925 0.331946 -0.595061
vn 0.731925 0.331946 -0.595061
vn 0.731925 0.331946 -0.595061
vn 0.799175 0.362446 -0.479533
vn 0.799175 0.362446 -0.479533
vn 0.799175 0.362446 -0.479533
vn 0.747311 0.441258 -0.496808
vn 0.747311 0.441258 -0.496808
vn 0.747311 0.441258 -0.496808
vn 0.801141 0.473043 -0.366610
vn 0.801141 0.473043 -0.366610
vn 0.801141 0.473043 -0.366610
vn 0.733953 0.560533 -0.383557
vn 0.733953 0.560533 -0.383557
vn 0.733953 0.560533 -0.383557
vn 0.772198 0.589741 -0.236465
vn 0.772198 0.589741 -0.236465
vn 0.772198 0.589741 -0.236465
vn 0.685181 0.684375 -0.249315
vn 0.685181 0.684375 -0.249315
vn 0.685181 0.684375 -0.249315
vn 0.704554 0.703726 -0.091504
vn 0.704554 0.703726 -0.091504
vn 0.704554 0.703726 -0.091504
vn 0.604322 0.792556 -0.081548
vn 0.604322 0.792556 -0.081548
vn 0.604322 0.792556 -0.081548
vn 0.064700 -0.006801 -0.997882
vn 0.064700 -0.006801 -0.997882
vn 0.064700 -0.006801 -0.997882
vn 0.193025 -0.020290 -0.980984
vn 0.193025 -0.020290 -0.980984
vn 0.193025 -0.020290 -0.980984
vn 0.195378 -0.004074 -0.980720
vn 0.195378 -0.004074 -0.980720
vn 0.195378 -0.004074 -0.980720
vn 0.321876 -0.006711 -0.946758
vn 0.321876 -0.006711 -0.946758
vn 0.321876 -0.006711 -0.946758
vn 0.320632 0.020110 -0.946990
vn 0.320632 0.020110 -0.946990
vn 0.320632 0.020110 -0.946990
vn 0.441206 0.027672 -0.896979
vn 0.441206 0.027672 -0.896979
vn 0.441206 0.027672 -0.896979
vn 0.433132 0.064274 -0.899036
vn 0.433132 0.064274 -0.899036
vn 0.433132 0.064274 -0.899036
vn 0.544827 0.080849 -0.834642
vn 0.544827 0.080849 -0.834642
vn 0.544827 0.080849 -0.834642
vn 0.527781 0.126280 -0.839941
vn 0.527781 0.126280 -0.839941
vn 0.527781 0.126280 -0.839941
vn 0.629003 0.150499 -0.762696
vn 0.629003 0.150499 -0.762696
vn 0.629003 0.150499 -0.762696
vn 0.601669 0.204080 -0.772234
vn 0.601669 0.204080 -0.772234
vn 0.601669 0.204080 -0.772234
vn 0.691807 0.234654 -0.682892
vn 0.691807 0.234654 -0.682892
vn 0.691807 0.234654 -0.682892
vn 0.653120 0.296206 -0.696919
vn 0.653120 0.296206 -0.696919
vn 0.653120 0.296206 -0.696919
vn 0.731925 0.331946 -0.595061
vn 0.731925 0.331946 -0.595061
vn 0.731925 0.331946 -0.595061
vn 0.680414 0.401758 -0.612884
vn 0.680414 0.401758 -0.612884
vn 0.680414 0.401758 -0.612884
vn 0.747311 0.441258 -0.496807
vn 0.747311 0.441258 -0.496807
vn 0.747311 0.441258 -0.496807
vn 0.680470 0.519687 -0.516609
vn 0.680470 0.519687 -0.516609
vn 0.680470 0.519687 -0.516609
vn 0.733953 0.560533 -0.383557
vn 0.733953 0.560533 -0.383557
vn 0.733953 0.560533 -0.383557
vn 0.647761 0.647001 -0.402238
vn 0.647761 0.647001 -0.402238
vn 0.647761 0.647001 -0.402238
vn 0.685180 0.684375 -0.249316
vn 0.685180 0.684375 -0.249316
vn 0.685180 0.684375 -0.249316
vn 0.574294 0.775341 -0.262742
vn 0.574294 0.775341 -0.262742
vn 0.574294 0.775341 -0.262742
vn 0.592465 0.799873 -0.095849
vn 0.592465 0.799873 -0.095849
vn 0.592465 0.799873 -0.095849
vn 0.464800 0.881149 -0.086819
vn 0.464800 0.881149 -0.086819
vn 0.464800 0.881149 -0.086819
vn 0.065504 -0.001366 -0.997851
vn 0.065504 -0.001366 -0.997851
vn 0.065504 -0.001366 -0.997851
vn 0.195378 -0.004073 -0.980720
vn 0.195378 -0.004073 -0.980720
vn 0.195378 -0.004073 -0.980720
vn 0.194593 0.012205 -0.980808
vn 0.194593 0.012205 -0.980808
vn 0.194593 0.012205 -0.980808
vn 0.320632 0.020110 -0.946990
vn 0.320632 0.020110 -0.946990
vn 0.320632 0.020110 -0.946990
vn 0.314424 0.046659 -0.948135
vn 0.314424 0.046659 -0.948135
vn 0.314424 0.046659 -0.948135
vn 0.433131 0.064275 -0.899036
vn 0.433131 0.064275 -0.899036
vn 0.433131 0.064275 -0.899036
vn 0.418600 0.100157 -0.902631
vn 0.418600 0.100157 -0.902631
vn 0.418600 0.100157 -0.902631
vn 0.527781 0.126280 -0.839941
vn 0.527781 0.126280 -0.839941
vn 0.527781 0.126280 -0.839941
vn 0.502976 0.170604 -0.847295
vn 0.502976 0.170604 -0.847295
vn 0.502976 0.170604 -0.847295
vn 0.601670 0.204080 -0.772234
vn 0.601670 0.204080 -0.772234
vn 0.601670 0.204080 -0.772234
vn 0.565173 0.256320 -0.784142
vn 0.565173 0.256320 -0.784142
vn 0.565173 0.256320 -0.784142
vn 0.653120 0.296206 -0.696919
vn 0.653120 0.296206 -0.696919
vn 0.653120 0.296206 -0.696919
vn 0.603429 0.356302 -0.713389
vn 0.603429 0.356302 -0.713389
vn 0.603429 0.356302 -0.713389
vn 0.680414 0.401758 -0.612885
vn 0.680414 0.401758 -0.612885
vn 0.680414 0.401758 -0.612885
vn 0.615294 0.469910 -0.632928
vn 0.615294 0.469910 -0.632928
vn 0.615294 0.469910 -0.632928
vn 0.680471 0.519687 -0.516609
vn 0.680471 0.519687 -0.516609
vn 0.680471 0.519687 -0.516609
vn 0.596398 0.595694 -0.538013
vn 0.596398 0.595694 -0.538013
vn 0.596398 0.595694 -0.538013
vn 0.647764 0.647000 -0.402235
vn 0.647764 0.647000 -0.402235
vn 0.647764 0.647000 -0.402235
vn 0.539770 0.728731 -0.421427
vn 0.539770 0.728731 -0.421427
vn 0.539770 0.728731 -0.421427
vn 0.574293 0.775341 -0.262742
vn 0.574293 0.775341 -0.262742
vn 0.574293 0.775341 -0.262742
vn 0.437215 0.856145 -0.275425
vn 0.437215 0.856145 -0.275425
vn 0.437215 0.856145 -0.275425
vn 0.452533 0.886142 -0.099835
vn 0.452533 0.886142 -0.099835
vn 0.452533 0.886142 -0.099835
vn 0.297143 0.950448 -0.091409
vn 0.297143 0.950448 -0.091409
vn 0.297143 0.950448 -0.091409
vn 0.065236 0.004092 -0.997861
vn 0.065236 0.004092 -0.997861
vn 0.065236 0.004092 -0.997861
vn 0.194593 0.012205 -0.980808
vn 0.194593 0.012205 -0.980808
vn 0.194593 0.012205 -0.980808
vn 0.190680 0.028296 -0.981244
vn 0.190680 0.028296 -0.981244
vn 0.190680 0.028296 -0.981244
vn 0.314424 0.046659 -0.948135
vn 0.314424 0.046659 -0.948135
vn 0.314424 0.046659 -0.948135
vn 0.303301 0.072570 -0.950127
vn 0.303301 0.072570 -0.950127
vn 0.303301 0.072570 -0.950127
vn 0.418600 0.100157 -0.902631
vn 0.418600 0.100157 -0.902631
vn 0.418600 0.100157 -0.902631
vn 0.397631 0.134873 -0.907578
vn 0.397631 0.134873 -0.907578
vn 0.397631 0.134873 -0.907578
vn 0.502975 0.170604 -0.847296
vn 0.502975 0.170604 -0.847296
vn 0.502975 0.170604 -0.847296
vn 0.470270 0.213280 -0.856363
vn 0.470270 0.213280 -0.856363
vn 0.470270 0.213280 -0.856363
vn 0.565173 0.256321 -0.784143
vn 0.565173 0.256321 -0.784143
vn 0.565173 0.256321 -0.784143
vn 0.519065 0.306488 -0.797895
vn 0.519065 0.306488 -0.797895
vn 0.519065 0.306488 -0.797895
vn 0.603428 0.356302 -0.713389
vn 0.603428 0.356302 -0.713389
vn 0.603428 0.356302 -0.713389
vn 0.541846 0.413816 -0.731546
vn 0.541846 0.413816 -0.731546
vn 0.541846 0.413816 -0.731546
vn 0.615294 0.469910 -0.632928
vn 0.615294 0.469910 -0.632928
vn 0.615294 0.469910 -0.632928
vn 0.535160 0.534531 -0.654126
vn 0.535160 0.534531 -0.654126
vn 0.535160 0.534531 -0.654126
vn 0.596396 0.595695 -0.538015
vn 0.596396 0.595695 -0.538015
vn 0.596396 0.595695 -0.538015
vn 0.493309 0.666007 -0.559537
vn 0.493309 0.666007 -0.559537
vn 0.493309 0.666007 -0.559537
vn 0.539769 0.728731 -0.421427
vn 0.539769 0.728731 -0.421427
vn 0.539769 0.728731 -0.421427
vn 0.408582 0.800078 -0.439245
vn 0.408582 0.800078 -0.439245
vn 0.408582 0.800078 -0.439245
vn 0.437214 0.856145 -0.275425
vn 0.437214 0.856145 -0.275425
vn 0.437214 0.856145 -0.275425
vn 0.274996 0.918058 -0.285563
vn 0.274996 0.918058 -0.285563
vn 0.274996 0.918058 -0.285563
vn 0.285425 0.952876 -0.102759
vn 0.285425 0.952876 -0.102759
vn 0.285425 0.952876 -0.102759
vn 0.107760 0.989668 -0.094577
vn 0.107760 0.989668 -0.094577
vn 0.107760 0.989668 -0.094577
vn 0.063899 0.009482 -0.997911
vn 0.063899 0.009482 -0.997911
vn 0.063899 0.009482 -0.997911
vn 0.190680 0.028296 -0.981244
vn 0.190680 0.028296 -0.981244
vn 0.190680 0.028296 -0.981244
vn 0.183690 0.043950 -0.982001
vn 0.183690 0.043950 -0.982001
vn 0.183690 0.043950 -0.982001
vn 0.303302 0.072569 -0.950127
vn 0.303302 0.072569 -0.950127
vn 0.303302 0.072569 -0.950127
vn 0.287359 0.097469 -0.952851
vn 0.287359 0.097469 -0.952851
vn 0.287359 0.097469 -0.952851
vn 0.397632 0.134872 -0.907578
vn 0.397632 0.134872 -0.907578
vn 0.397632 0.134872 -0.907578
vn 0.370286 0.167933 -0.913612
vn 0.370286 0.167933 -0.913612
vn 0.370286 0.167933 -0.913612
vn 0.470272 0.213279 -0.856362
vn 0.470272 0.213279 -0.856362
vn 0.470272 0.213279 -0.856362
vn 0.429574 0.253646 -0.866677
vn 0.429574 0.253646 -0.866677
vn 0.429574 0.253646 -0.866677
vn 0.519066 0.306488 -0.797894
vn 0.519066 0.306488 -0.797894
vn 0.519066 0.306488 -0.797894
vn 0.462999 0.353600 -0.812773
vn 0.462999 0.353600 -0.812773
vn 0.462999 0.353600 -0.812773
vn 0.541846 0.413816 -0.731546
vn 0.541846 0.413816 -0.731546
vn 0.541846 0.413816 -0.731546
vn 0.467715 0.467165 -0.750333
vn 0.467715 0.467165 -0.750333
vn 0.467715 0.467165 -0.750333
vn 0.535160 0.534531 -0.654126
vn 0.535160 0.534531 -0.654126
vn 0.535160 0.534531 -0.654126
vn 0.439181 0.592929 -0.674949
vn 0.439181 0.592929 -0.674949
vn 0.439181 0.592929 -0.674949
vn 0.493309 0.666006 -0.559537
vn 0.493309 0.666006 -0.559537
vn 0.493309 0.666006 -0.559537
vn 0.370786 0.726067 -0.579089
vn 0.370786 0.726067 -0.579089
vn 0.370786 0.726067 -0.579089
vn 0.408582 0.800078 -0.439245
vn 0.408582 0.800078 -0.439245
vn 0.408582 0.800078 -0.439245
vn 0.255776 0.853891 -0.453264
vn 0.255776 0.853891 -0.453264
vn 0.255776 0.853891 -0.453264
vn 0.274996 0.918058 -0.285563
vn 0.274996 0.918058 -0.285563
vn 0.274996 0.918058 -0.285563
vn 0.094008 0.952013 -0.291262
vn 0.094008 0.952013 -0.291262
vn 0.094008 0.952013 -0.291262
vn 0.097736 0.989775 -0.103892
vn 0.097736 0.989775 -0.103892
vn 0.097736 0.989775 -0.103892
vn -0.090335 0.991297 -0.095762
vn -0.090335 0.991297 -0.095762
vn -0.090335 0.991297 -0.095762
vn 0.061514 0.014718 -0.997998
vn 0.061514 0.014718 -0.997998
vn 0.061514 0.014718 -0.997998
vn 0.183690 0.043951 -0.982001
vn 0.183690 0.043951 -0.982001
vn 0.183690 0.043951 -0.982001
vn 0.173720 0.058924 -0.983031
vn 0.173720 0.058924 -0.983031
vn 0.173720 0.058924 -0.983031
vn 0.287359 0.097469 -0.952851
vn 0.287359 0.097469 -0.952851
vn 0.287359 0.097469 -0.952851
vn 0.266748 0.120977 -0.956143
vn 0.266748 0.120977 -0.956143
vn 0.266748 0.120977 -0.956143
vn 0.370285 0.167934 -0.913612
vn 0.370285 0.167934 -0.913612
vn 0.370285 0.167934 -0.913612
vn 0.336693 0.198805 -0.920388
vn 0.336693 0.198805 -0.920388
vn 0.336693 0.198805 -0.920388
vn 0.429572 0.253647 -0.866678
vn 0.429572 0.253647 -0.866678
vn 0.429572 0.253647 -0.866678
vn 0.380920 0.290915 -0.877649
vn 0.380920 0.290915 -0.877649
vn 0.380920 0.290915 -0.877649
vn 0.462998 0.353600 -0.812773
vn 0.462998 0.353600 -0.812773
vn 0.462998 0.353600 -0.812773
vn 0.396880 0.396413 -0.827855
vn 0.396880 0.396413 -0.827855
vn 0.396880 0.396413 -0.827855
vn 0.467716 0.467165 -0.750332
vn 0.467716 0.467165 -0.750332
vn 0.467716 0.467165 -0.750332
vn 0.380935 0.514290 -0.768371
vn 0.380935 0.514290 -0.768371
vn 0.380935 0.514290 -0.768371
vn 0.439183 0.592929 -0.674947
vn 0.439183 0.592929 -0.674947
vn 0.439183 0.592929 -0.674947
vn 0.327695 0.641685 -0.693438
vn 0.327695 0.641685 -0.693438
vn 0.327695 0.641685 -0.693438
vn 0.370787 0.726067 -0.579088
vn 0.370787 0.726067 -0.579088
vn 0.370787 0.726067 -0.579088
vn 0.230797 0.770507 -0.594182
vn 0.230797 0.770507 -0.594182
vn 0.230797 0.770507 -0.594182
vn 0.255773 0.853891 -0.453266
vn 0.255773 0.853891 -0.453266
vn 0.255773 0.853891 -0.453266
vn 0.087201 0.883074 -0.461060
vn 0.087201 0.883074 -0.461060
vn 0.087201 0.883074 -0.461060
vn 0.094009 0.952013 -0.291261
vn 0.094009 0.952013 -0.291261
vn 0.094009 0.952013 -0.291261
vn -0.094008 0.952013 -0.291261
vn -0.094008 0.952013 -0.291261
vn -0.094008 0.952013 -0.291261
vn -0.097748 0.989890 -0.102778
vn -0.097748 0.989890 -0.102778
vn -0.097748 0.989890 -0.102778
vn -0.281020 0.955001 -0.094871
vn -0.281020 0.955001 -0.094871
vn -0.281020 0.955001 -0.094871
vn 0.058121 0.019714 -0.998115
vn 0.058121 0.019714 -0.998115
vn 0.058121 0.019714 -0.998115
vn 0.173720 0.058924 -0.983031
vn 0.173720 0.058924 -0.983031
vn 0.173720 0.058924 -0.983031
vn 0.160906 0.072975 -0.984268
vn 0.160906 0.072975 -0.984268
vn 0.160906 0.072975 -0.984268
vn 0.266748 0.120977 -0.956143
vn 0.266748 0.120977 -0.956143
vn 0.266748 0.120977 -0.956143
vn 0.241685 0.142706 -0.959804
vn 0.241685 0.142706 -0.959804
vn 0.241685 0.142706 -0.959804
vn 0.336694 0.198805 -0.920388
vn 0.336694 0.198805 -0.920388
vn 0.336694 0.198805 -0.920388
vn 0.297104 0.226903 -0.927493
vn 0.297104 0.226903 -0.927493
vn 0.297104 0.226903 -0.927493
vn 0.380920 0.290915 -0.877649
vn 0.380920 0.290915 -0.877649
vn 0.380920 0.290915 -0.877649
vn 0.324564 0.324183 -0.888574
vn 0.324564 0.324183 -0.888574
vn 0.324564 0.324183 -0.888574
vn 0.396879 0.396413 -0.827855
vn 0.396879 0.396413 -0.827855
vn 0.396879 0.396413 -0.827855
vn 0.321062 0.433458 -0.842042
vn 0.321062 0.433458 -0.842042
vn 0.321062 0.433458 -0.842042
vn 0.380934 0.514290 -0.768372
vn 0.380934 0.514290 -0.768372
vn 0.380934 0.514290 -0.768372
vn 0.282297 0.552791 -0.784047
vn 0.282297 0.552791 -0.784047
vn 0.282297 0.552791 -0.784047
vn 0.327693 0.641685 -0.693439
vn 0.327693 0.641685 -0.693439
vn 0.327693 0.641685 -0.693439
vn 0.202806 0.677057 -0.707435
vn 0.202806 0.677057 -0.707435
vn 0.202806 0.677057 -0.707435
vn 0.230798 0.770507 -0.594181
vn 0.230798 0.770507 -0.594181
vn 0.230798 0.770507 -0.594181
vn 0.078436 0.794286 -0.602460
vn 0.078436 0.794286 -0.602460
vn 0.078436 0.794286 -0.602460
vn 0.087204 0.883075 -0.461058
vn 0.087204 0.883075 -0.461058
vn 0.087204 0.883075 -0.461058
vn -0.087201 0.883075 -0.461058
vn -0.087201 0.883075 -0.461058
vn -0.087201 0.883075 -0.461058
vn -0.094009 0.952013 -0.291262
vn -0.094009 0.952013 -0.291262
vn -0.094009 0.952013 -0.291262
vn -0.274996 0.918058 -0.285563
vn -0.274996 0.918058 -0.285563
vn -0.274996 0.918058 -0.285563
vn -0.285520 0.953195 -0.099490
vn -0.285520 0.953195 -0.099490
vn -0.285520 0.953195 -0.099490
vn -0.450839 0.887818 -0.092320
vn -0.450839 0.887818 -0.092320
vn -0.450839 0.887818 -0.092320
vn 0.053774 0.024388 -0.998255
vn 0.053774 0.024388 -0.998255
vn 0.053774 0.024388 -0.998255
vn 0.160906 0.072975 -0.984268
vn 0.160906 0.072975 -0.984268
vn 0.160906 0.072975 -0.984268
vn 0.145434 0.085873 -0.985634
vn 0.145434 0.085873 -0.985634
vn 0.145434 0.085873 -0.985634
vn 0.241686 0.142705 -0.959804
vn 0.241686 0.142705 -0.959804
vn 0.241686 0.142705 -0.959804
vn 0.212471 0.162267 -0.963600
vn 0.212471 0.162267 -0.963600
vn 0.212471 0.162267 -0.963600
vn 0.297105 0.226903 -0.927493
vn 0.297105 0.226903 -0.927493
vn 0.297105 0.226903 -0.927493
vn 0.251916 0.251619 -0.934466
vn 0.251916 0.251619 -0.934466
vn 0.251916 0.251619 -0.934466
vn 0.324565 0.324183 -0.888574
vn 0.324565 0.324183 -0.888574
vn 0.324565 0.324183 -0.888574
vn 0.261071 0.352466 -0.898671
vn 0.261071 0.352466 -0.898671
vn 0.261071 0.352466 -0.898671
vn 0.321061 0.433458 -0.842042
vn 0.321061 0.433458 -0.842042
vn 0.321061 0.433458 -0.842042
vn 0.236520 0.463151 -0.854137
vn 0.236520 0.463151 -0.854137
vn 0.236520 0.463151 -0.854137
vn 0.282297 0.552791 -0.784047
vn 0.282297 0.552791 -0.784047
vn 0.282297 0.552791 -0.784047
vn 0.173800 0.580220 -0.795700
vn 0.173800 0.580220 -0.795700
vn 0.173800 0.580220 -0.795700
vn 0.202807 0.677057 -0.707434
vn 0.202807 0.677057 -0.707434
vn 0.202807 0.677057 -0.707434
vn 0.068701 0.695731 -0.715010
vn 0.068701 0.695731 -0.715010
vn 0.068701 0.695731 -0.715010
vn 0.078432 0.794284 -0.602462
vn 0.078432 0.794284 -0.602462
vn 0.078432 0.794284 -0.602462
vn -0.078436 0.794284 -0.602462
vn -0.078436 0.794284 -0.602462
vn -0.078436 0.794284 -0.602462
vn -0.087204 0.883074 -0.461060
vn -0.087204 0.883074 -0.461060
vn -0.087204 0.883074 -0.461060
vn -0.255775 0.853890 -0.453266
vn -0.255775 0.853890 -0.453266
vn -0.255775 0.853890 -0.453266
vn -0.274996 0.918058 -0.285563
vn -0.274996 0.918058 -0.285563
vn -0.274996 0.918058 -0.285563
vn -0.436747 0.856370 -0.275468
vn -0.436747 0.856370 -0.275468
vn -0.436747 0.856370 -0.275468
vn -0.452311 0.886887 -0.094055
vn -0.452311 0.886887 -0.094055
vn -0.452311 0.886887 -0.094055
vn -0.592772 0.800402 -0.089319
vn -0.592772 0.800402 -0.089319
vn -0.592772 0.800402 -0.089319
vn 0.048543 0.028663 -0.998410
vn 0.048543 0.028663 -0.998410
vn 0.048543 0.028663 -0.998410
vn 0.145434 0.085873 -0.985634
vn 0.145434 0.085873 -0.985634
vn 0.145434 0.085873 -0.985634
vn 0.127532 0.097398 -0.987041
vn 0.127532 0.097398 -0.987041
vn 0.127532 0.097398 -0.987041
vn 0.212471 0.162267 -0.963600
vn 0.212471 0.162267 -0.963600
vn 0.212471 0.162267 -0.963600
vn 0.179493 0.179283 -0.967285
vn 0.179493 0.179283 -0.967285
vn 0.179493 0.179283 -0.967285
vn 0.251915 0.251620 -0.934466
vn 0.251915 0.251620 -0.934466
vn 0.251915 0.251620 -0.934466
vn 0.201720 0.272337 -0.940820
vn 0.201720 0.272337 -0.940820
vn 0.201720 0.272337 -0.940820
vn 0.261071 0.352466 -0.898671
vn 0.261071 0.352466 -0.898671
vn 0.261071 0.352466 -0.898671
vn 0.191391 0.374779 -0.907144
vn 0.191391 0.374779 -0.907144
vn 0.191391 0.374779 -0.907144
vn 0.236520 0.463151 -0.854137
vn 0.236520 0.463151 -0.854137
vn 0.236520 0.463151 -0.854137
vn 0.144970 0.483977 -0.862989
vn 0.144970 0.483977 -0.862989
vn 0.144970 0.483977 -0.862989
vn 0.173798 0.580220 -0.795700
vn 0.173798 0.580220 -0.795700
vn 0.173798 0.580220 -0.795700
vn 0.058708 0.594525 -0.801931
vn 0.058708 0.594525 -0.801931
vn 0.058708 0.594525 -0.801931
vn 0.068702 0.695731 -0.715009
vn 0.068702 0.695731 -0.715009
vn 0.068702 0.695731 -0.715009
vn -0.068701 0.695731 -0.715009
vn -0.068701 0.695731 -0.715009
vn -0.068701 0.695731 -0.715009
vn -0.078433 0.794286 -0.602460
vn -0.078433 0.794286 -0.602460
vn -0.078433 0.794286 -0.602460
vn -0.230797 0.770508 -0.594181
vn -0.230797 0.770508 -0.594181
vn -0.230797 0.770508 -0.594181
vn -0.255774 0.853892 -0.453264
vn -0.255774 0.853892 -0.453264
vn -0.255774 0.853892 -0.453264
vn -0.408177 0.800255 -0.439299
vn -0.408177 0.800255 -0.439299
vn -0.408177 0.800255 -0.439299
vn -0.436783 0.856338 -0.275509
vn -0.436783 0.856338 -0.275509
vn -0.436783 0.856338 -0.275509
vn -0.574254 0.775387 -0.262692
vn -0.574254 0.775387 -0.262692
vn -0.574254 0.775387 -0.262692
vn -0.592777 0.800397 -0.089326
vn -0.592777 0.800397 -0.089326
vn -0.592777 0.800397 -0.089326
vn -0.705256 0.703892 -0.084557
vn -0.705256 0.703892 -0.084557
vn -0.705256 0.703892 -0.084557
vn -0.706290 0.703041 -0.082986
vn -0.706290 0.703041 -0.082986
vn -0.706290 0.703041 -0.082986
vn -0.792104 0.604944 -0.081331
vn -0.792104 0.604944 -0.081331
vn -0.792104 0.604944 -0.081331
vn -0.794231 0.602653 -0.077499
vn -0.794231 0.602653 -0.077499
vn -0.794231 0.602653 -0.077499
vn -0.858468 0.506892 -0.078064
vn -0.858468 0.506892 -0.078064
vn -0.858468 0.506892 -0.078064
vn -0.860960 0.503457 -0.072660
vn -0.860960 0.503457 -0.072660
vn -0.860960 0.503457 -0.072660
vn -0.908127 0.411857 -0.075353
vn -0.908127 0.411857 -0.075353
vn -0.908127 0.411857 -0.075353
vn -0.910688 0.407366 -0.068564
vn -0.910688 0.407366 -0.068564
vn -0.910688 0.407366 -0.068564
vn -0.944461 0.320352 -0.073262
vn -0.944461 0.320352 -0.073262
vn -0.944461 0.320352 -0.073262
vn -0.946889 0.314875 -0.065222
vn -0.946889 0.314875 -0.065222
vn -0.946889 0.314875 -0.065222
vn -0.970038 0.232098 -0.071809
vn -0.970038 0.232098 -0.071809
vn -0.970038 0.232098 -0.071809
vn -0.972190 0.225672 -0.062599
vn -0.972190 0.225672 -0.062599
vn -0.972190 0.225672 -0.062599
vn -0.986672 0.146417 -0.070993
vn -0.986672 0.146417 -0.070993
vn -0.986672 0.146417 -0.070993
vn -0.988428 0.139037 -0.060657
vn -0.988428 0.139037 -0.060657
vn -0.988428 0.139037 -0.060657
vn -0.995533 0.062439 -0.070817
vn -0.995533 0.062439 -0.070817
vn -0.995533 0.062439 -0.070817
vn -0.996773 0.054052 -0.059352
vn -0.996773 0.054052 -0.059352
vn -0.996773 0.054052 -0.059352
vn -0.997239 -0.020791 -0.071283
vn -0.997239 -0.020791 -0.071283
vn -0.997239 -0.020791 -0.071283
vn -0.997819 -0.030281 -0.058650
vn -0.997819 -0.030281 -0.058650
vn -0.997819 -0.030281 -0.058650
vn -0.991911 -0.104264 -0.072404
vn -0.991911 -0.104264 -0.072404
vn -0.991911 -0.104264 -0.072404
vn -0.991641 -0.114988 -0.058538
vn -0.991641 -0.114988 -0.058538
vn -0.991641 -0.114988 -0.058538
vn -0.979179 -0.188947 -0.074212
vn -0.979179 -0.188947 -0.074212
vn -0.979179 -0.188947 -0.074212
vn -0.977795 -0.201086 -0.059002
vn -0.977795 -0.201086 -0.059002
vn -0.977795 -0.201086 -0.059002
vn -0.958157 -0.275764 -0.076737
vn -0.958157 -0.275764 -0.076737
vn -0.958157 -0.275764 -0.076737
vn -0.955286 -0.289524 -0.060045
vn -0.955286 -0.289524 -0.060045
vn -0.955286 -0.289524 -0.060045
vn -0.927364 -0.365504 -0.080020
vn -0.927364 -0.365504 -0.080020
vn -0.927364 -0.365504 -0.080020
vn -0.922474 -0.381100 -0.061675
vn -0.922474 -0.381100 -0.061675
vn -0.922474 -0.381100 -0.061675
vn -0.884621 -0.458665 -0.084098
vn -0.884621 -0.458665 -0.084098
vn -0.884621 -0.458665 -0.084098
vn -0.876968 -0.476282 -0.063886
vn -0.876968 -0.476282 -0.063886
vn -0.876968 -0.476282 -0.063886
vn -0.843642 -0.530744 -0.081109
vn -0.843642 -0.530744 -0.081109
vn -0.843642 -0.530744 -0.081109
vn -0.058121 0.019714 -0.998115
vn -0.058121 0.019714 -0.998115
vn -0.058121 0.019714 -0.998115
vn -0.173720 0.058924 -0.983031
vn -0.173720 0.058924 -0.983031
vn -0.173720 0.058924 -0.983031
vn -0.183690 0.043950 -0.982001
vn -0.183690 0.043950 -0.982001
vn -0.183690 0.043950 -0.982001
vn -0.303301 0.072569 -0.950127
vn -0.303301 0.072569 -0.950127
vn -0.303301 0.072569 -0.950127
vn -0.314424 0.046659 -0.948135
vn -0.314424 0.046659 -0.948135
vn -0.314424 0.046659 -0.948135
vn -0.433131 0.064275 -0.899036
vn -0.433131 0.064275 -0.899036
vn -0.433131 0.064275 -0.899036
vn -0.441205 0.027674 -0.896979
vn -0.441205 0.027674 -0.896979
vn -0.441205 0.027674 -0.896979
vn -0.554246 0.034764 -0.831627
vn -0.554246 0.034764 -0.831627
vn -0.554246 0.034764 -0.831627
vn -0.556125 -0.011595 -0.831018
vn -0.556125 -0.011595 -0.831018
vn -0.556125 -0.011595 -0.831018
vn -0.659858 -0.013757 -0.751264
vn -0.659858 -0.013757 -0.751264
vn -0.659858 -0.013757 -0.751264
vn -0.653748 -0.068718 -0.753585
vn -0.653748 -0.068718 -0.753585
vn -0.653748 -0.068718 -0.753585
vn -0.745978 -0.078412 -0.661338
vn -0.745978 -0.078412 -0.661338
vn -0.745978 -0.078412 -0.661338
vn -0.731148 -0.141086 -0.667470
vn -0.731148 -0.141086 -0.667470
vn -0.731148 -0.141086 -0.667470
vn -0.810832 -0.156463 -0.563978
vn -0.810832 -0.156463 -0.563978
vn -0.810832 -0.156463 -0.563978
vn -0.786990 -0.226501 -0.573886
vn -0.786990 -0.226501 -0.573886
vn -0.786990 -0.226501 -0.573886
vn -0.853584 -0.245667 -0.459393
vn -0.853584 -0.245667 -0.459393
vn -0.853584 -0.245667 -0.459393
vn -0.820186 -0.323262 -0.472013
vn -0.820186 -0.323262 -0.472013
vn -0.820186 -0.323262 -0.472013
vn -0.872949 -0.344057 -0.345811
vn -0.872949 -0.344057 -0.345811
vn -0.872949 -0.344057 -0.345811
vn -0.828581 -0.429609 -0.359013
vn -0.828581 -0.429609 -0.359013
vn -0.828581 -0.429609 -0.359013
vn -0.866039 -0.449030 -0.219883
vn -0.866039 -0.449030 -0.219883
vn -0.866039 -0.449030 -0.219883
vn -0.807892 -0.542375 -0.230521
vn -0.807892 -0.542375 -0.230521
vn -0.807892 -0.542375 -0.230521
vn -0.825560 -0.554236 -0.106171
vn -0.825560 -0.554236 -0.106171
vn -0.825560 -0.554236 -0.106171
vn -0.821418 -0.561167 -0.101803
vn -0.821418 -0.561167 -0.101803
vn -0.821418 -0.561167 -0.101803
vn -0.792209 -0.601986 -0.100088
vn -0.792209 -0.601986 -0.100088
vn -0.792209 -0.601986 -0.100088
vn -0.762879 -0.633300 -0.130178
vn -0.762879 -0.633300 -0.130178
vn -0.762879 -0.633300 -0.130178
vn -0.741528 -0.645988 -0.181207
vn -0.741528 -0.645988 -0.181207
vn -0.741528 -0.645988 -0.181207
vn -0.668472 -0.741478 -0.057920
vn -0.668472 -0.741478 -0.057920
vn -0.668472 -0.741478 -0.057920
vn -0.681803 -0.687404 -0.250240
vn -0.681803 -0.687404 -0.250240
vn -0.681803 -0.687404 -0.250240
vn -0.634813 -0.720961 -0.277900
vn -0.634813 -0.720961 -0.277900
vn -0.634813 -0.720961 -0.277900
vn -0.625034 -0.721559 -0.297801
vn -0.625034 -0.721559 -0.297801
vn -0.625034 -0.721559 -0.297801
vn -0.226930 -0.364428 -0.903158
vn -0.226930 -0.364428 -0.903158
vn -0.226930 -0.364428 -0.903158
vn -0.279794 -0.449322 -0.848425
vn -0.279794 -0.449322 -0.848425
vn -0.279794 -0.449322 -0.848425
vn -0.279792 -0.449322 -0.848426
vn -0.279792 -0.449322 -0.848426
vn -0.279792 -0.449322 -0.848426
vn -0.333004 -0.534775 -0.776611
vn -0.333004 -0.534775 -0.776611
vn -0.333004 -0.534775 -0.776611
vn -0.333005 -0.534775 -0.776610
vn -0.333005 -0.534775 -0.776610
vn -0.333005 -0.534775 -0.776610
vn -0.385293 -0.618746 -0.684619
vn -0.385293 -0.618746 -0.684619
vn -0.385293 -0.618746 -0.684619
vn -0.385291 -0.618746 -0.684620
vn -0.385291 -0.618746 -0.684620
vn -0.385291 -0.618746 -0.684620
vn -0.434422 -0.697645 -0.569710
vn -0.434422 -0.697645 -0.569710
vn -0.434422 -0.697645 -0.569710
vn -0.434423 -0.697645 -0.569708
vn -0.434423 -0.697645 -0.569708
vn -0.434423 -0.697645 -0.569708
vn -0.473565 -0.760503 -0.444264
vn -0.473565 -0.760503 -0.444264
vn -0.473565 -0.760503 -0.444264
vn -0.493591 -0.756716 -0.428659
vn -0.493591 -0.756716 -0.428659
vn -0.493591 -0.756716 -0.428659
vn -0.513948 -0.796213 -0.319220
vn -0.513948 -0.796213 -0.319220
vn -0.513948 -0.796213 -0.319220
vn -0.441577 -0.780765 -0.442058
vn -0.441577 -0.780765 -0.442058
vn -0.441577 -0.780765 -0.442058
vn -0.368107 -0.804442 -0.466229
vn -0.368107 -0.804442 -0.466229
vn -0.368107 -0.804442 -0.466229
vn -0.323423 -0.801881 -0.502378
vn -0.323423 -0.801881 -0.502378
vn -0.323423 -0.801881 -0.502378
vn -0.292026 -0.822807 -0.487555
vn -0.292026 -0.822807 -0.487555
vn -0.292026 -0.822807 -0.487555
vn -0.213439 -0.838999 -0.500525
vn -0.213439 -0.838999 -0.500525
vn -0.213439 -0.838999 -0.500525
vn -0.162403 -0.818915 -0.550457
vn -0.162403 -0.818915 -0.550457
vn -0.162403 -0.818915 -0.550457
vn -0.134068 -0.843854 -0.519554
vn -0.134068 -0.843854 -0.519554
vn -0.134068 -0.843854 -0.519554
vn -0.051706 -0.855923 -0.514511
vn -0.051706 -0.855923 -0.514511
vn -0.051706 -0.855923 -0.514511
vn -0.000000 -0.818682 -0.574247
vn -0.000000 -0.818682 -0.574247
vn -0.000000 -0.818682 -0.574247
vn 0.029619 -0.847685 -0.529672
vn 0.029619 -0.847685 -0.529672
vn 0.029619 -0.847685 -0.529672
vn 0.108947 -0.854636 -0.507670
vn 0.108947 -0.854636 -0.507670
vn 0.108947 -0.854636 -0.507670
vn 0.162249 -0.818139 -0.551655
vn 0.162249 -0.818139 -0.551655
vn 0.162249 -0.818139 -0.551655
vn 0.191759 -0.835212 -0.515412
vn 0.191759 -0.835212 -0.515412
vn 0.191759 -0.835212 -0.515412
vn 0.268774 -0.831524 -0.486136
vn 0.268774 -0.831524 -0.486136
vn 0.268774 -0.831524 -0.486136
vn -0.045623 -0.030629 -0.998489
vn -0.045623 -0.030629 -0.998489
vn -0.045623 -0.030629 -0.998489
vn -0.136770 -0.091820 -0.986338
vn -0.136770 -0.091820 -0.986338
vn -0.136770 -0.091820 -0.986338
vn -0.117754 -0.102582 -0.987730
vn -0.117754 -0.102582 -0.987730
vn -0.117754 -0.102582 -0.987730
vn -0.196424 -0.171116 -0.965472
vn -0.196424 -0.171116 -0.965472
vn -0.196424 -0.171116 -0.965472
vn -0.161745 -0.186723 -0.969006
vn -0.161745 -0.186723 -0.969006
vn -0.161745 -0.186723 -0.969006
vn -0.227399 -0.262516 -0.937750
vn -0.227399 -0.262516 -0.937750
vn -0.227399 -0.262516 -0.937750
vn -0.174986 -0.281014 -0.943616
vn -0.174986 -0.281014 -0.943616
vn -0.174986 -0.281014 -0.943616
vn -0.226928 -0.364428 -0.903159
vn -0.226928 -0.364428 -0.903159
vn -0.226928 -0.364428 -0.903159
vn -0.154642 -0.383411 -0.910540
vn -0.154642 -0.383411 -0.910540
vn -0.154642 -0.383411 -0.910540
vn -0.191485 -0.474758 -0.859033
vn -0.191485 -0.474758 -0.859033
vn -0.191485 -0.474758 -0.859033
vn -0.097306 -0.490669 -0.865896
vn -0.097306 -0.490669 -0.865896
vn -0.097306 -0.490669 -0.865896
vn -0.116829 -0.589113 -0.799561
vn -0.116829 -0.589113 -0.799561
vn -0.116829 -0.589113 -0.799561
vn -0.000000 -0.596343 -0.802730
vn -0.000000 -0.596343 -0.802730
vn -0.000000 -0.596343 -0.802730
vn -0.000000 -0.596343 -0.802730
vn -0.000000 -0.698116 -0.715985
vn -0.000000 -0.698116 -0.715985
vn -0.000000 -0.698116 -0.715985
vn -0.000000 -0.698116 -0.715985
vn 0.136566 -0.688647 -0.712120
vn 0.136566 -0.688647 -0.712120
vn 0.136566 -0.688647 -0.712120
vn 0.155721 -0.785237 -0.599295
vn 0.155721 -0.785237 -0.599295
vn 0.155721 -0.785237 -0.599295
vn 0.302732 -0.750581 -0.587351
vn 0.302732 -0.750581 -0.587351
vn 0.302732 -0.750581 -0.587351
vn 0.323424 -0.801883 -0.502375
vn 0.323424 -0.801883 -0.502375
vn 0.323424 -0.801883 -0.502375
vn 0.348523 -0.806258 -0.477995
vn 0.348523 -0.806258 -0.477995
vn 0.348523 -0.806258 -0.477995
vn 0.596628 -0.688766 -0.411870
vn 0.596628 -0.688766 -0.411870
vn 0.596628 -0.688766 -0.411870
vn 0.489511 -0.759075 -0.429167
vn 0.489511 -0.759075 -0.429167
vn 0.489511 -0.759075 -0.429167
vn 0.473874 -0.760999 -0.443084
vn 0.473874 -0.760999 -0.443084
vn 0.473874 -0.760999 -0.443084
vn 0.419552 -0.790954 -0.445385
vn 0.419552 -0.790954 -0.445385
vn 0.419552 -0.790954 -0.445385
vn 0.661644 -0.746608 -0.069312
vn 0.661644 -0.746608 -0.069312
vn 0.661644 -0.746608 -0.069312
vn 0.501616 -0.794372 -0.342571
vn 0.501616 -0.794372 -0.342571
vn 0.501616 -0.794372 -0.342571
vn 0.620860 -0.731563 -0.281688
vn 0.620860 -0.731563 -0.281688
vn 0.620860 -0.731563 -0.281688
vn 0.627116 -0.723962 -0.287408
vn 0.627116 -0.723962 -0.287408
vn 0.627116 -0.723962 -0.287408
vn 0.679168 -0.689881 -0.250590
vn 0.679168 -0.689881 -0.250590
vn 0.679168 -0.689881 -0.250590
vn 0.731456 -0.637213 -0.242759
vn 0.731456 -0.637213 -0.242759
vn 0.731456 -0.637213 -0.242759
vn 0.741708 -0.646144 -0.179906
vn 0.741708 -0.646144 -0.179906
vn 0.741708 -0.646144 -0.179906
vn 0.757977 -0.637740 -0.136962
vn 0.757977 -0.637740 -0.136962
vn 0.757977 -0.637740 -0.136962
vn 0.786460 -0.609177 -0.101903
vn 0.786460 -0.609177 -0.101903
vn 0.786460 -0.609177 -0.101903
vn 0.815903 -0.569907 -0.097514
vn 0.815903 -0.569907 -0.097514
vn 0.815903 -0.569907 -0.097514
vn 0.825627 -0.554281 -0.105416
vn 0.825627 -0.554281 -0.105416
vn 0.825627 -0.554281 -0.105416
vn 0.839211 -0.537225 -0.084340
vn 0.839211 -0.537225 -0.084340
vn 0.839211 -0.537225 -0.084340
vn 0.872418 -0.484990 -0.060602
vn 0.872418 -0.484990 -0.060602
vn 0.872418 -0.484990 -0.060602
vn 0.057500 0.020487 0.998135
vn 0.057500 0.020487 0.998135
vn 0.057500 0.020487 0.998135
vn -0.057500 0.020487 0.998135
vn -0.057500 0.020487 0.998135
vn -0.057500 0.020487 0.998135
vn 0.013204 -0.128246 0.991655
vn 0.013204 -0.128246 0.991655
vn 0.013204 -0.128246 0.991655
vn 0.013205 -0.128246 0.991655
vn 0.013205 -0.128246 0.991655
vn 0.013205 -0.128246 0.991655
vn 0.039362 -0.125907 0.991261
vn 0.039362 -0.125907 0.991261
vn 0.039362 -0.125907 0.991261
vn 0.039362 -0.125907 0.991261
vn 0.039362 -0.125907 0.991261
vn 0.039362 -0.125907 0.991261
vn 0.064773 -0.121280 0.990503
vn 0.064773 -0.121280 0.990503
vn 0.064773 -0.121280 0.990503
vn 0.064773 -0.121280 0.990503
vn 0.064773 -0.121280 0.990503
vn 0.064773 -0.121280 0.990503
vn 0.088962 -0.114461 0.989436
vn 0.088962 -0.114461 0.989436
vn 0.088962 -0.114461 0.989436
vn 0.088963 -0.114461 0.989436
vn 0.088963 -0.114461 0.989436
vn 0.088963 -0.114461 0.989436
vn 0.111488 -0.105592 0.988140
vn 0.111488 -0.105592 0.988140
vn 0.111488 -0.105592 0.988140
vn 0.111487 -0.105592 0.988140
vn 0.111487 -0.105592 0.988140
vn 0.111487 -0.105592 0.988140
vn 0.131948 -0.094851 0.986708
vn 0.131948 -0.094851 0.986708
vn 0.131948 -0.094851 0.986708
vn 0.131948 -0.094851 0.986708
vn 0.131948 -0.094851 0.986708
vn 0.131948 -0.094851 0.986708
vn 0.149993 -0.082448 0.985243
vn 0.149993 -0.082448 0.985243
vn 0.149993 -0.082448 0.985243
vn 0.149993 -0.082448 0.985243
vn 0.149993 -0.082448 0.985243
vn 0.149993 -0.082448 0.985243
vn 0.165323 -0.068617 0.983850
vn 0.165323 -0.068617 0.983850
vn 0.165323 -0.068617 0.983850
vn 0.165323 -0.068617 0.983850
vn 0.165323 -0.068617 0.983850
vn 0.165323 -0.068617 0.983850
vn 0.177693 -0.053611 0.982625
vn 0.177693 -0.053611 0.982625
vn 0.177693 -0.053611 0.982625
vn 0.177693 -0.053612 0.982625
vn 0.177693 -0.053612 0.982625
vn 0.177693 -0.053612 0.982625
vn 0.186913 -0.037697 0.981653
vn 0.186913 -0.037697 0.981653
vn 0.186913 -0.037697 0.981653
vn 0.186913 -0.037697 0.981653
vn 0.186913 -0.037697 0.981653
vn 0.186913 -0.037697 0.981653
vn 0.192845 -0.021149 0.981001
vn 0.192845 -0.021149 0.981001
vn 0.192845 -0.021149 0.981001
vn 0.192846 -0.021149 0.981001
vn 0.192846 -0.021149 0.981001
vn 0.192846 -0.021149 0.981001
vn 0.195403 -0.004248 0.980714
vn 0.195403 -0.004248 0.980714
vn 0.195403 -0.004248 0.980714
vn 0.195403 -0.004248 0.980714
vn 0.195403 -0.004248 0.980714
vn 0.195403 -0.004248 0.980714
vn 0.194549 0.012725 0.980810
vn 0.194549 0.012725 0.980810
vn 0.194549 0.012725 0.980810
vn 0.194549 0.012725 0.980810
vn 0.194549 0.012725 0.980810
vn 0.194549 0.012725 0.980810
vn 0.190297 0.029485 0.981284
vn 0.190297 0.029485 0.981284
vn 0.190297 0.029485 0.981284
vn 0.190297 0.029485 0.981284
vn 0.190297 0.029485 0.981284
vn 0.190297 0.029485 0.981284
vn 0.182707 0.045751 0.982102
vn 0.182707 0.045751 0.982102
vn 0.182707 0.045751 0.982102
vn 0.182707 0.045751 0.982102
vn 0.182707 0.045751 0.982102
vn 0.182707 0.045751 0.982102
vn 0.171891 0.061245 0.983210
vn 0.171891 0.061245 0.983210
vn 0.171891 0.061245 0.983210
vn 0.171891 0.061245 0.983210
vn 0.171891 0.061245 0.983210
vn 0.171891 0.061245 0.983210
vn 0.158014 0.075696 0.984531
vn 0.158014 0.075696 0.984531
vn 0.158014 0.075696 0.984531
vn 0.158014 0.075695 0.984531
vn 0.158014 0.075695 0.984531
vn 0.158014 0.075695 0.984531
vn 0.141293 0.088843 0.985973
vn 0.141293 0.088843 0.985973
vn 0.141293 0.088843 0.985973
vn 0.141293 0.088843 0.985973
vn 0.141293 0.088843 0.985973
vn 0.141293 0.088843 0.985973
vn 0.121999 0.100443 0.987435
vn 0.121999 0.100443 0.987435
vn 0.121999 0.100443 0.987435
vn 0.121999 0.100443 0.987435
vn 0.121999 0.100443 0.987435
vn 0.121999 0.100443 0.987435
vn 0.100459 0.110273 0.988811
vn 0.100459 0.110273 0.988811
vn 0.100459 0.110273 0.988811
vn 0.100459 0.110273 0.988811
vn 0.100459 0.110273 0.988811
vn 0.100459 0.110273 0.988811
vn 0.077049 0.118137 0.990004
vn 0.077049 0.118137 0.990004
vn 0.077049 0.118137 0.990004
vn 0.077049 0.118137 0.990004
vn 0.077049 0.118137 0.990004
vn 0.077049 0.118137 0.990004
vn 0.052191 0.123875 0.990924
vn 0.052191 0.123875 0.990924
vn 0.052191 0.123875 0.990924
vn 0.052192 0.123874 0.990924
vn 0.052192 0.123874 0.990924
vn 0.052192 0.123874 0.990924
vn 0.026346 0.127367 0.991506
vn 0.026346 0.127367 0.991506
vn 0.026346 0.127367 0.991506
vn 0.026346 0.127367 0.991506
vn 0.026346 0.127367 0.991506
vn 0.026346 0.127367 0.991506
vn -0.000000 0.128539 0.991704
vn -0.000000 0.128539 0.991704
vn -0.000000 0.128539 0.991704
vn -0.000000 0.128539 0.991704
vn -0.026346 0.127367 0.991506
vn -0.026346 0.127367 0.991506
vn -0.026346 0.127367 0.991506
vn -0.026346 0.127367 0.991506
vn -0.026346 0.127367 0.991506
vn -0.026346 0.127367 0.991506
vn -0.052191 0.123875 0.990924
vn -0.052191 0.123875 0.990924
vn -0.052191 0.123875 0.990924
vn -0.052192 0.123875 0.990924
vn -0.052192 0.123875 0.990924
vn -0.052192 0.123875 0.990924
vn -0.077049 0.118137 0.990004
vn -0.077049 0.118137 0.990004
vn -0.077049 0.118137 0.990004
vn -0.077049 0.118137 0.990004
vn -0.077049 0.118137 0.990004
vn -0.077049 0.118137 0.990004
vn -0.100459 0.110273 0.988811
vn -0.100459 0.110273 0.988811
vn -0.100459 0.110273 0.988811
vn -0.100459 0.110273 0.988811
vn -0.100459 0.110273 0.988811
vn -0.100459 0.110273 0.988811
vn -0.121999 0.100443 0.987435
vn -0.121999 0.100443 0.987435
vn -0.121999 0.100443 0.987435
vn -0.121999 0.100443 0.987435
vn -0.121999 0.100443 0.987435
vn -0.121999 0.100443 0.987435
vn -0.141293 0.088843 0.985973
vn -0.141293 0.088843 0.985973
vn -0.141293 0.088843 0.985973
vn -0.141293 0.088843 0.985973
vn -0.141293 0.088843 0.985973
vn -0.141293 0.088843 0.985973
vn -0.158014 0.075695 0.984531
vn -0.158014 0.075695 0.984531
vn -0.158014 0.075695 0.984531
vn -0.158014 0.075695 0.984531
vn -0.158014 0.075695 0.984531
vn -0.158014 0.075695 0.984531
vn -0.171891 0.061245 0.983210
vn -0.171891 0.061245 0.983210
vn -0.171891 0.061245 0.983210
vn -0.171891 0.061245 0.983210
vn -0.171891 0.061245 0.983210
vn -0.171891 0.061245 0.983210
vn -0.182707 0.045751 0.982102
vn -0.182707 0.045751 0.982102
vn -0.182707 0.045751 0.982102
vn -0.182707 0.045751 0.982102
vn -0.182707 0.045751 0.982102
vn -0.182707 0.045751 0.982102
vn -0.190297 0.029485 0.981284
vn -0.190297 0.029485 0.981284
vn -0.190297 0.029485 0.981284
vn -0.190297 0.029485 0.981284
vn -0.190297 0.029485 0.981284
vn -0.190297 0.029485 0.981284
vn -0.194550 0.012725 0.980810
vn -0.194550 0.012725 0.980810
vn -0.194550 0.012725 0.980810
vn -0.194549 0.012725 0.980810
vn -0.194549 0.012725 0.980810
vn -0.194549 0.012725 0.980810
vn -0.195403 -0.004248 0.980714
vn -0.195403 -0.004248 0.980714
vn -0.195403 -0.004248 0.980714
vn -0.195403 -0.004248 0.980714
vn -0.195403 -0.004248 0.980714
vn -0.195403 -0.004248 0.980714
vn -0.192845 -0.021149 0.981001
vn -0.192845 -0.021149 0.981001
vn -0.192845 -0.021149 0.981001
vn -0.192845 -0.021149 0.981001
vn -0.192845 -0.021149 0.981001
vn -0.192845 -0.021149 0.981001
vn -0.186913 -0.037697 0.981653
vn -0.186913 -0.037697 0.981653
vn -0.186913 -0.037697 0.981653
vn -0.186913 -0.037697 0.981653
vn -0.186913 -0.037697 0.981653
vn -0.186913 -0.037697 0.981653
vn -0.177693 -0.053611 0.982625
vn -0.177693 -0.053611 0.982625
vn -0.177693 -0.053611 0.982625
vn -0.177693 -0.053612 0.982625
vn -0.177693 -0.053612 0.982625
vn -0.177693 -0.053612 0.982625
vn -0.165323 -0.068617 0.983850
vn -0.165323 -0.068617 0.983850
vn -0.165323 -0.068617 0.983850
vn -0.165323 -0.068617 0.983850
vn -0.165323 -0.068617 0.983850
vn -0.165323 -0.068617 0.983850
vn -0.149993 -0.082448 0.985243
vn -0.149993 -0.082448 0.985243
vn -0.149993 -0.082448 0.985243
vn -0.149993 -0.082448 0.985243
vn -0.149993 -0.082448 0.985243
vn -0.149993 -0.082448 0.985243
vn -0.131948 -0.094851 0.986708
vn -0.131948 -0.094851 0.986708
vn -0.131948 -0.094851 0.986708
vn -0.131948 -0.094851 0.986708
vn -0.131948 -0.094851 0.986708
vn -0.131948 -0.094851 0.986708
vn -0.111488 -0.105592 0.988140
vn -0.111488 -0.105592 0.988140
vn -0.111488 -0.105592 0.988140
vn -0.111487 -0.105592 0.988140
vn -0.111487 -0.105592 0.988140
vn -0.111487 -0.105592 0.988140
vn -0.088962 -0.114461 0.989436
vn -0.088962 -0.114461 0.989436
vn -0.088962 -0.114461 0.989436
vn -0.088963 -0.114461 0.989436
vn -0.088963 -0.114461 0.989436
vn -0.088963 -0.114461 0.989436
vn -0.064773 -0.121280 0.990503
vn -0.064773 -0.121280 0.990503
vn -0.064773 -0.121280 0.990503
vn -0.064773 -0.121280 0.990503
vn -0.064773 -0.121280 0.990503
vn -0.064773 -0.121280 0.990503
vn -0.039362 -0.125907 0.991261
vn -0.039362 -0.125907 0.991261
vn -0.039362 -0.125907 0.991261
vn -0.039362 -0.125907 0.991261
vn -0.039362 -0.125907 0.991261
vn -0.039362 -0.125907 0.991261
vn -0.013204 -0.128246 0.991655
vn -0.013204 -0.128246 0.991655
vn -0.013204 -0.128246 0.991655
vn -0.013205 -0.128246 0.991655
vn -0.013205 -0.128246 0.991655
vn -0.013205 -0.128246 0.991655
vn 0.022185 -0.215461 0.976260
vn 0.022185 -0.215461 0.976260
vn 0.022185 -0.215461 0.976260
vn 0.022185 -0.215461 0.976260
vn 0.022185 -0.215461 0.976260
vn 0.022185 -0.215461 0.976260
vn 0.066083 -0.211379 0.975168
vn 0.066083 -0.211379 0.975168
vn 0.066083 -0.211379 0.975168
vn 0.066083 -0.211379 0.975168
vn 0.066083 -0.211379 0.975168
vn 0.066083 -0.211379 0.975168
vn 0.108594 -0.203328 0.973070
vn 0.108594 -0.203328 0.973070
vn 0.108594 -0.203328 0.973070
vn 0.108593 -0.203328 0.973070
vn 0.108593 -0.203328 0.973070
vn 0.108593 -0.203328 0.973070
vn 0.148858 -0.191524 0.970134
vn 0.148858 -0.191524 0.970134
vn 0.148858 -0.191524 0.970134
vn 0.148856 -0.191524 0.970134
vn 0.148856 -0.191524 0.970134
vn 0.148856 -0.191524 0.970134
vn 0.186109 -0.176269 0.966588
vn 0.186109 -0.176269 0.966588
vn 0.186109 -0.176269 0.966588
vn 0.186110 -0.176268 0.966588
vn 0.186110 -0.176268 0.966588
vn 0.186110 -0.176268 0.966588
vn 0.219698 -0.157930 0.962700
vn 0.219698 -0.157930 0.962700
vn 0.219698 -0.157930 0.962700
vn 0.219698 -0.157930 0.962700
vn 0.219698 -0.157930 0.962700
vn 0.219698 -0.157930 0.962700
vn 0.249089 -0.136919 0.958753
vn 0.249089 -0.136919 0.958753
vn 0.249089 -0.136919 0.958753
vn 0.249090 -0.136918 0.958753
vn 0.249090 -0.136918 0.958753
vn 0.249090 -0.136918 0.958753
vn 0.273867 -0.113668 0.955027
vn 0.273867 -0.113668 0.955027
vn 0.273867 -0.113668 0.955027
vn 0.273867 -0.113668 0.955027
vn 0.273867 -0.113668 0.955027
vn 0.273867 -0.113668 0.955027
vn 0.293722 -0.088619 0.951774
vn 0.293722 -0.088619 0.951774
vn 0.293722 -0.088619 0.951774
vn 0.293722 -0.088619 0.951774
vn 0.293722 -0.088619 0.951774
vn 0.293722 -0.088619 0.951774
vn 0.308435 -0.062206 0.949209
vn 0.308435 -0.062206 0.949209
vn 0.308435 -0.062206 0.949209
vn 0.308435 -0.062206 0.949209
vn 0.308435 -0.062206 0.949209
vn 0.308435 -0.062206 0.949209
vn 0.317861 -0.034859 0.947496
vn 0.317861 -0.034859 0.947496
vn 0.317861 -0.034859 0.947496
vn 0.317861 -0.034859 0.947496
vn 0.317861 -0.034859 0.947496
vn 0.317861 -0.034859 0.947496
vn 0.321915 -0.006998 0.946743
vn 0.321915 -0.006998 0.946743
vn 0.321915 -0.006998 0.946743
vn 0.321915 -0.006998 0.946743
vn 0.321915 -0.006998 0.946743
vn 0.321915 -0.006998 0.946743
vn 0.320563 0.020968 0.946995
vn 0.320563 0.020968 0.946995
vn 0.320563 0.020968 0.946995
vn 0.320562 0.020967 0.946995
vn 0.320562 0.020967 0.946995
vn 0.320562 0.020967 0.946995
vn 0.313815 0.048623 0.948238
vn 0.313815 0.048623 0.948238
vn 0.313815 0.048623 0.948238
vn 0.313815 0.048623 0.948238
vn 0.313815 0.048623 0.948238
vn 0.313815 0.048623 0.948238
vn 0.301732 0.075555 0.950394
vn 0.301732 0.075555 0.950394
vn 0.301732 0.075555 0.950394
vn 0.301732 0.075555 0.950394
vn 0.301732 0.075555 0.950394
vn 0.301732 0.075555 0.950394
vn 0.284425 0.101341 0.953327
vn 0.284425 0.101341 0.953327
vn 0.284425 0.101341 0.953327
vn 0.284425 0.101341 0.953327
vn 0.284425 0.101341 0.953327
vn 0.284425 0.101341 0.953327
vn 0.262076 0.125545 0.956846
vn 0.262076 0.125545 0.956846
vn 0.262076 0.125545 0.956846
vn 0.262076 0.125546 0.956846
vn 0.262076 0.125546 0.956846
vn 0.262076 0.125546 0.956846
vn 0.234947 0.147732 0.960716
vn 0.234947 0.147732 0.960716
vn 0.234947 0.147732 0.960716
vn 0.234947 0.147731 0.960716
vn 0.234947 0.147731 0.960716
vn 0.234947 0.147731 0.960716
vn 0.203398 0.167460 0.964669
vn 0.203398 0.167460 0.964669
vn 0.203398 0.167460 0.964669
vn 0.203398 0.167460 0.964669
vn 0.203398 0.167460 0.964669
vn 0.203398 0.167460 0.964669
vn 0.167903 0.184306 0.968421
vn 0.167903 0.184306 0.968421
vn 0.167903 0.184306 0.968421
vn 0.167903 0.184306 0.968421
vn 0.167903 0.184306 0.968421
vn 0.167903 0.184306 0.968421
vn 0.129056 0.197878 0.971694
vn 0.129056 0.197878 0.971694
vn 0.129056 0.197878 0.971694
vn 0.129056 0.197878 0.971694
vn 0.129056 0.197878 0.971694
vn 0.129056 0.197878 0.971694
vn 0.087569 0.207838 0.974236
vn 0.087569 0.207838 0.974236
vn 0.087569 0.207838 0.974236
vn 0.087568 0.207838 0.974236
vn 0.087568 0.207838 0.974236
vn 0.087568 0.207838 0.974236
vn 0.044250 0.213926 0.975847
vn 0.044250 0.213926 0.975847
vn 0.044250 0.213926 0.975847
vn 0.044250 0.213926 0.975847
vn 0.044250 0.213926 0.975847
vn 0.044250 0.213926 0.975847
vn -0.000000 0.215974 0.976399
vn -0.000000 0.215974 0.976399
vn -0.000000 0.215974 0.976399
vn -0.000000 0.215974 0.976399
vn -0.044250 0.213926 0.975847
vn -0.044250 0.213926 0.975847
vn -0.044250 0.213926 0.975847
vn -0.044250 0.213926 0.975847
vn -0.044250 0.213926 0.975847
vn -0.044250 0.213926 0.975847
vn -0.087569 0.207838 0.974236
vn -0.087569 0.207838 0.974236
vn -0.087569 0.207838 0.974236
vn -0.087568 0.207838 0.974236
vn -0.087568 0.207838 0.974236
vn -0.087568 0.207838 0.974236
vn -0.129056 0.197878 0.971694
vn -0.129056 0.197878 0.971694
vn -0.129056 0.197878 0.971694
vn -0.129056 0.197878 0.971694
vn -0.129056 0.197878 0.971694
vn -0.129056 0.197878 0.971694
vn -0.167903 0.184306 0.968421
vn -0.167903 0.184306 0.968421
vn -0.167903 0.184306 0.968421
vn -0.167903 0.184306 0.968421
vn -0.167903 0.184306 0.968421
vn -0.167903 0.184306 0.968421
vn -0.203398 0.167460 0.964669
vn -0.203398 0.167460 0.964669
vn -0.203398 0.167460 0.964669
vn -0.203398 0.167460 0.964669
vn -0.203398 0.167460 0.964669
vn -0.203398 0.167460 0.964669
vn -0.234947 0.147732 0.960716
vn -0.234947 0.147732 0.960716
vn -0.234947 0.147732 0.960716
vn -0.234947 0.147731 0.960716
vn -0.234947 0.147731 0.960716
vn -0.234947 0.147731 0.960716
vn -0.262077 0.125546 0.956846
vn -0.262077 0.125546 0.956846
vn -0.262077 0.125546 0.956846
vn -0.262076 0.125546 0.956846
vn -0.262076 0.125546 0.956846
vn -0.262076 0.125546 0.956846
vn -0.284425 0.101341 0.953327
vn -0.284425 0.101341 0.953327
vn -0.284425 0.101341 0.953327
vn -0.284425 0.101341 0.953327
vn -0.284425 0.101341 0.953327
vn -0.284425 0.101341 0.953327
vn -0.301732 0.075555 0.950394
vn -0.301732 0.075555 0.950394
vn -0.301732 0.075555 0.950394
vn -0.301732 0.075555 0.950394
vn -0.301732 0.075555 0.950394
vn -0.301732 0.075555 0.950394
vn -0.313815 0.048623 0.948238
vn -0.313815 0.048623 0.948238
vn -0.313815 0.048623 0.948238
vn -0.313815 0.048623 0.948238
vn -0.313815 0.048623 0.948238
vn -0.313815 0.048623 0.948238
vn -0.320562 0.020968 0.946995
vn -0.320562 0.020968 0.946995
vn -0.320562 0.020968 0.946995
vn -0.320563 0.020967 0.946995
vn -0.320563 0.020967 0.946995
vn -0.320563 0.020967 0.946995
vn -0.321915 -0.006998 0.946743
vn -0.321915 -0.006998 0.946743
vn -0.321915 -0.006998 0.946743
vn -0.321915 -0.006998 0.946743
vn -0.321915 -0.006998 0.946743
vn -0.321915 -0.006998 0.946743
vn -0.317861 -0.034859 0.947496
vn -0.317861 -0.034859 0.947496
vn -0.317861 -0.034859 0.947496
vn -0.317861 -0.034859 0.947496
vn -0.317861 -0.034859 0.947496
vn -0.317861 -0.034859 0.947496
vn -0.308435 -0.062206 0.949209
vn -0.308435 -0.062206 0.949209
vn -0.308435 -0.062206 0.949209
vn -0.308435 -0.062206 0.949209
vn -0.308435 -0.062206 0.949209
vn -0.308435 -0.062206 0.949209
vn -0.293722 -0.088619 0.951774
vn -0.293722 -0.088619 0.951774
vn -0.293722 -0.088619 0.951774
vn -0.293722 -0.088619 0.951774
vn -0.293722 -0.088619 0.951774
vn -0.293722 -0.088619 0.951774
vn -0.273867 -0.113668 0.955027
vn -0.273867 -0.113668 0.955027
vn -0.273867 -0.113668 0.955027
vn -0.273867 -0.113668 0.955027
vn -0.273867 -0.113668 0.955027
vn -0.273867 -0.113668 0.955027
vn -0.249089 -0.136919 0.958753
vn -0.249089 -0.136919 0.958753
vn -0.249089 -0.136919 0.958753
vn -0.249089 -0.136918 0.958753
vn -0.249089 -0.136918 0.958753
vn -0.249089 -0.136918 0.958753
vn -0.219698 -0.157930 0.962700
vn -0.219698 -0.157930 0.962700
vn -0.219698 -0.157930 0.962700
vn -0.219698 -0.157930 0.962700
vn -0.219698 -0.157930 0.962700
vn -0.219698 -0.157930 0.962700
vn -0.186109 -0.176269 0.966588
vn -0.186109 -0.176269 0.966588
vn -0.186109 -0.176269 0.966588
vn -0.186110 -0.176268 0.966588
vn -0.186110 -0.176268 0.966588
vn -0.186110 -0.176268 0.966588
vn -0.148858 -0.191523 0.970134
vn -0.148858 -0.191523 0.970134
vn -0.148858 -0.191523 0.970134
vn -0.148856 -0.191524 0.970134
vn -0.148856 -0.191524 0.970134
vn -0.148856 -0.191524 0.970134
vn -0.108593 -0.203328 0.973070
vn -0.108593 -0.203328 0.973070
vn -0.108593 -0.203328 0.973070
vn -0.108593 -0.203328 0.973070
vn -0.108593 -0.203328 0.973070
vn -0.108593 -0.203328 0.973070
vn -0.066083 -0.211379 0.975168
vn -0.066083 -0.211379 0.975168
vn -0.066083 -0.211379 0.975168
vn -0.066083 -0.211379 0.975168
vn -0.066083 -0.211379 0.975168
vn -0.066083 -0.211379 0.975168
vn -0.022185 -0.215461 0.976260
vn -0.022185 -0.215461 0.976260
vn -0.022185 -0.215461 0.976260
vn -0.022185 -0.215461 0.976260
vn -0.022185 -0.215461 0.976260
vn -0.022185 -0.215461 0.976260
vn 0.031421 -0.305165 0.951781
vn 0.031421 -0.305165 0.951781
vn 0.031421 -0.305165 0.951781
vn 0.031421 -0.305165 0.951781
vn 0.031421 -0.305165 0.951781
vn 0.031421 -0.305165 0.951781
vn 0.093491 -0.299047 0.949647
vn 0.093491 -0.299047 0.949647
vn 0.093491 -0.299047 0.949647
vn 0.093491 -0.299047 0.949648
vn 0.093491 -0.299047 0.949648
vn 0.093491 -0.299047 0.949648
vn 0.153302 -0.287040 0.945572
vn 0.153302 -0.287040 0.945572
vn 0.153302 -0.287040 0.945572
vn 0.153301 -0.287040 0.945572
vn 0.153301 -0.287040 0.945572
vn 0.153301 -0.287040 0.945572
vn 0.209516 -0.269571 0.939912
vn 0.209516 -0.269571 0.939912
vn 0.209516 -0.269571 0.939912
vn 0.209517 -0.269571 0.939912
vn 0.209517 -0.269571 0.939912
vn 0.209517 -0.269571 0.939912
vn 0.261018 -0.247216 0.933142
vn 0.261018 -0.247216 0.933142
vn 0.261018 -0.247216 0.933142
vn 0.261017 -0.247216 0.933142
vn 0.261017 -0.247216 0.933142
vn 0.261017 -0.247216 0.933142
vn 0.306935 -0.220641 0.925801
vn 0.306935 -0.220641 0.925801
vn 0.306935 -0.220641 0.925801
vn 0.306936 -0.220641 0.925801
vn 0.306936 -0.220641 0.925801
vn 0.306936 -0.220641 0.925801
vn 0.346651 -0.190545 0.918437
vn 0.346651 -0.190545 0.918437
vn 0.346651 -0.190545 0.918437
vn 0.346650 -0.190546 0.918437
vn 0.346650 -0.190546 0.918437
vn 0.346650 -0.190546 0.918437
vn 0.379755 -0.157617 0.911561
vn 0.379755 -0.157617 0.911561
vn 0.379755 -0.157617 0.911561
vn 0.379755 -0.157617 0.911561
vn 0.379755 -0.157617 0.911561
vn 0.379755 -0.157617 0.911561
vn 0.406015 -0.122498 0.905619
vn 0.406015 -0.122498 0.905619
vn 0.406015 -0.122498 0.905619
vn 0.406016 -0.122498 0.905619
vn 0.406016 -0.122498 0.905619
vn 0.406016 -0.122498 0.905619
vn 0.425312 -0.085778 0.900973
vn 0.425312 -0.085778 0.900973
vn 0.425312 -0.085778 0.900973
vn 0.425312 -0.085778 0.900973
vn 0.425312 -0.085778 0.900973
vn 0.425312 -0.085778 0.900973
vn 0.437599 -0.047991 0.897889
vn 0.437599 -0.047991 0.897889
vn 0.437599 -0.047991 0.897889
vn 0.437599 -0.047991 0.897889
vn 0.437599 -0.047991 0.897889
vn 0.437599 -0.047991 0.897889
vn 0.442865 -0.009627 0.896537
vn 0.442865 -0.009627 0.896537
vn 0.442865 -0.009627 0.896537
vn 0.442865 -0.009627 0.896537
vn 0.442865 -0.009627 0.896537
vn 0.442865 -0.009627 0.896537
vn 0.441110 0.028852 0.896989
vn 0.441110 0.028852 0.896989
vn 0.441110 0.028852 0.896989
vn 0.441110 0.028852 0.896989
vn 0.441110 0.028852 0.896989
vn 0.441110 0.028852 0.896989
vn 0.432333 0.066986 0.899223
vn 0.432333 0.066986 0.899223
vn 0.432333 0.066986 0.899223
vn 0.432333 0.066986 0.899223
vn 0.432333 0.066986 0.899223
vn 0.432333 0.066986 0.899223
vn 0.416538 0.104303 0.903115
vn 0.416538 0.104303 0.903115
vn 0.416538 0.104303 0.903115
vn 0.416538 0.104304 0.903115
vn 0.416538 0.104304 0.903115
vn 0.416538 0.104304 0.903115
vn 0.393750 0.140293 0.908448
vn 0.393750 0.140293 0.908448
vn 0.393750 0.140293 0.908448
vn 0.393750 0.140293 0.908448
vn 0.393750 0.140293 0.908448
vn 0.393750 0.140293 0.908448
vn 0.364047 0.174394 0.914908
vn 0.364047 0.174394 0.914908
vn 0.364047 0.174394 0.914908
vn 0.364047 0.174394 0.914908
vn 0.364047 0.174394 0.914908
vn 0.364047 0.174394 0.914908
vn 0.327599 0.205989 0.922089
vn 0.327599 0.205989 0.922089
vn 0.327599 0.205989 0.922089
vn 0.327598 0.205990 0.922089
vn 0.327598 0.205990 0.922089
vn 0.327598 0.205990 0.922089
vn 0.284719 0.234412 0.929509
vn 0.284719 0.234412 0.929509
vn 0.284719 0.234412 0.929509
vn 0.284719 0.234412 0.929509
vn 0.284719 0.234412 0.929509
vn 0.284719 0.234412 0.929509
vn 0.235916 0.258964 0.936633
vn 0.235916 0.258964 0.936633
vn 0.235916 0.258964 0.936633
vn 0.235916 0.258964 0.936633
vn 0.235916 0.258964 0.936633
vn 0.235916 0.258964 0.936633
vn 0.181934 0.278955 0.942913
vn 0.181934 0.278955 0.942913
vn 0.181934 0.278955 0.942913
vn 0.181935 0.278954 0.942913
vn 0.181935 0.278954 0.942913
vn 0.181935 0.278954 0.942913
vn 0.123768 0.293757 0.947834
vn 0.123768 0.293757 0.947834
vn 0.123768 0.293757 0.947834
vn 0.123767 0.293757 0.947834
vn 0.123767 0.293757 0.947834
vn 0.123767 0.293757 0.947834
vn 0.062647 0.302862 0.950973
vn 0.062647 0.302862 0.950973
vn 0.062647 0.302862 0.950973
vn 0.062647 0.302861 0.950973
vn 0.062647 0.302861 0.950973
vn 0.062647 0.302861 0.950973
vn -0.000000 0.305935 0.952052
vn -0.000000 0.305935 0.952052
vn -0.000000 0.305935 0.952052
vn -0.000000 0.305935 0.952052
vn -0.062647 0.302861 0.950973
vn -0.062647 0.302861 0.950973
vn -0.062647 0.302861 0.950973
vn -0.062647 0.302862 0.950973
vn -0.062647 0.302862 0.950973
vn -0.062647 0.302862 0.950973
vn -0.123768 0.293757 0.947833
vn -0.123768 0.293757 0.947833
vn -0.123768 0.293757 0.947833
vn -0.123766 0.293757 0.947834
vn -0.123766 0.293757 0.947834
vn -0.123766 0.293757 0.947834
vn -0.181934 0.278955 0.942913
vn -0.181934 0.278955 0.942913
vn -0.181934 0.278955 0.942913
vn -0.181935 0.278955 0.942912
vn -0.181935 0.278955 0.942912
vn -0.181935 0.278955 0.942912
vn -0.235917 0.258964 0.936633
vn -0.235917 0.258964 0.936633
vn -0.235917 0.258964 0.936633
vn -0.235916 0.258964 0.936633
vn -0.235916 0.258964 0.936633
vn -0.235916 0.258964 0.936633
vn -0.284719 0.234412 0.929509
vn -0.284719 0.234412 0.929509
vn -0.284719 0.234412 0.929509
vn -0.284719 0.234412 0.929509
vn -0.284719 0.234412 0.929509
vn -0.284719 0.234412 0.929509
vn -0.327599 0.205989 0.922089
vn -0.327599 0.205989 0.922089
vn -0.327599 0.205989 0.922089
vn -0.327598 0.205989 0.922089
vn -0.327598 0.205989 0.922089
vn -0.327598 0.205989 0.922089
vn -0.364046 0.174394 0.914908
vn -0.364046 0.174394 0.914908
vn -0.364046 0.174394 0.914908
vn -0.364047 0.174394 0.914908
vn -0.364047 0.174394 0.914908
vn -0.364047 0.174394 0.914908
vn -0.393750 0.140293 0.908448
vn -0.393750 0.140293 0.908448
vn -0.393750 0.140293 0.908448
vn -0.393750 0.140293 0.908448
vn -0.393750 0.140293 0.908448
vn -0.393750 0.140293 0.908448
vn -0.416538 0.104304 0.903115
vn -0.416538 0.104304 0.903115
vn -0.416538 0.104304 0.903115
vn -0.416538 0.104304 0.903115
vn -0.416538 0.104304 0.903115
vn -0.416538 0.104304 0.903115
vn -0.432333 0.066986 0.899223
vn -0.432333 0.066986 0.899223
vn -0.432333 0.066986 0.899223
vn -0.432333 0.066986 0.899223
vn -0.432333 0.066986 0.899223
vn -0.432333 0.066986 0.899223
vn -0.441110 0.028852 0.896989
vn -0.441110 0.028852 0.896989
vn -0.441110 0.028852 0.896989
vn -0.441110 0.028852 0.896989
vn -0.441110 0.028852 0.896989
vn -0.441110 0.028852 0.896989
vn -0.442865 -0.009627 0.896537
vn -0.442865 -0.009627 0.896537
vn -0.442865 -0.009627 0.896537
vn -0.442865 -0.009627 0.896537
vn -0.442865 -0.009627 0.896537
vn -0.442865 -0.009627 0.896537
vn -0.437599 -0.047991 0.897889
vn -0.437599 -0.047991 0.897889
vn -0.437599 -0.047991 0.897889
vn -0.437599 -0.047991 0.897889
vn -0.437599 -0.047991 0.897889
vn -0.437599 -0.047991 0.897889
vn -0.425312 -0.085778 0.900973
vn -0.425312 -0.085778 0.900973
vn -0.425312 -0.085778 0.900973
vn -0.425312 -0.085778 0.900973
vn -0.425312 -0.085778 0.900973
vn -0.425312 -0.085778 0.900973
vn -0.406015 -0.122499 0.905619
vn -0.406015 -0.122499 0.905619
vn -0.406015 -0.122499 0.905619
vn -0.406015 -0.122497 0.905619
vn -0.406015 -0.122497 0.905619
vn -0.406015 -0.122497 0.905619
vn -0.379755 -0.157617 0.911561
vn -0.379755 -0.157617 0.911561
vn -0.379755 -0.157617 0.911561
vn -0.379755 -0.157617 0.911561
vn -0.379755 -0.157617 0.911561
vn -0.379755 -0.157617 0.911561
vn -0.346651 -0.190545 0.918437
vn -0.346651 -0.190545 0.918437
vn -0.346651 -0.190545 0.918437
vn -0.346650 -0.190546 0.918437
vn -0.346650 -0.190546 0.918437
vn -0.346650 -0.190546 0.918437
vn -0.306936 -0.220641 0.925801
vn -0.306936 -0.220641 0.925801
vn -0.306936 -0.220641 0.925801
vn -0.306936 -0.220640 0.925801
vn -0.306936 -0.220640 0.925801
vn -0.306936 -0.220640 0.925801
vn -0.261017 -0.247215 0.933142
vn -0.261017 -0.247215 0.933142
vn -0.261017 -0.247215 0.933142
vn -0.261017 -0.247216 0.933142
vn -0.261017 -0.247216 0.933142
vn -0.261017 -0.247216 0.933142
vn -0.209516 -0.269571 0.939912
vn -0.209516 -0.269571 0.939912
vn -0.209516 -0.269571 0.939912
vn -0.209517 -0.269570 0.939912
vn -0.209517 -0.269570 0.939912
vn -0.209517 -0.269570 0.939912
vn -0.153302 -0.287040 0.945572
vn -0.153302 -0.287040 0.945572
vn -0.153302 -0.287040 0.945572
vn -0.153301 -0.287040 0.945572
vn -0.153301 -0.287040 0.945572
vn -0.153301 -0.287040 0.945572
vn -0.093491 -0.299047 0.949648
vn -0.093491 -0.299047 0.949648
vn -0.093491 -0.299047 0.949648
vn -0.093491 -0.299047 0.949648
vn -0.093491 -0.299047 0.949648
vn -0.093491 -0.299047 0.949648
vn -0.031421 -0.305164 0.951781
vn -0.031421 -0.305164 0.951781
vn -0.031421 -0.305164 0.951781
vn -0.031421 -0.305165 0.951781
vn -0.031421 -0.305165 0.951781
vn -0.031421 -0.305165 0.951781
vn 0.040991 -0.398115 0.916419
vn 0.040991 -0.398115 0.916419
vn 0.040991 -0.398115 0.916419
vn 0.040991 -0.398115 0.916419
vn 0.040991 -0.398115 0.916419
vn 0.040991 -0.398115 0.916419
vn 0.121776 -0.389523 0.912931
vn 0.121776 -0.389523 0.912931
vn 0.121776 -0.389523 0.912931
vn 0.121775 -0.389523 0.912931
vn 0.121775 -0.389523 0.912931
vn 0.121775 -0.389523 0.912931
vn 0.199089 -0.372772 0.906314
vn 0.199089 -0.372772 0.906314
vn 0.199089 -0.372772 0.906314
vn 0.199091 -0.372773 0.906313
vn 0.199091 -0.372773 0.906313
vn 0.199091 -0.372773 0.906313
vn 0.270988 -0.348660 0.897219
vn 0.270988 -0.348660 0.897219
vn 0.270988 -0.348660 0.897219
vn 0.270987 -0.348660 0.897219
vn 0.270987 -0.348660 0.897219
vn 0.270987 -0.348660 0.897219
vn 0.335978 -0.318213 0.886487
vn 0.335978 -0.318213 0.886487
vn 0.335978 -0.318213 0.886487
vn 0.335980 -0.318213 0.886486
vn 0.335980 -0.318213 0.886486
vn 0.335980 -0.318213 0.886486
vn 0.393067 -0.282556 0.875020
vn 0.393067 -0.282556 0.875020
vn 0.393067 -0.282556 0.875020
vn 0.393066 -0.282556 0.875021
vn 0.393066 -0.282556 0.875021
vn 0.393066 -0.282556 0.875021
vn 0.441691 -0.242788 0.863692
vn 0.441691 -0.242788 0.863692
vn 0.441691 -0.242788 0.863692
vn 0.441690 -0.242788 0.863692
vn 0.441690 -0.242788 0.863692
vn 0.441690 -0.242788 0.863692
vn 0.481637 -0.199903 0.853267
vn 0.481637 -0.199903 0.853267
vn 0.481637 -0.199903 0.853267
vn 0.481639 -0.199902 0.853266
vn 0.481639 -0.199902 0.853266
vn 0.481639 -0.199902 0.853266
vn 0.512920 -0.154751 0.844373
vn 0.512920 -0.154751 0.844373
vn 0.512920 -0.154751 0.844373
vn 0.512919 -0.154752 0.844373
vn 0.512919 -0.154752 0.844373
vn 0.512919 -0.154752 0.844373
vn 0.535665 -0.108035 0.837491
vn 0.535665 -0.108035 0.837491
vn 0.535665 -0.108035 0.837491
vn 0.535666 -0.108035 0.837491
vn 0.535666 -0.108035 0.837491
vn 0.535666 -0.108035 0.837491
vn 0.550040 -0.060322 0.832957
vn 0.550040 -0.060322 0.832957
vn 0.550040 -0.060322 0.832957
vn 0.550040 -0.060322 0.832957
vn 0.550040 -0.060322 0.832957
vn 0.550040 -0.060322 0.832957
vn 0.556174 -0.012090 0.830978
vn 0.556174 -0.012090 0.830978
vn 0.556174 -0.012090 0.830978
vn 0.556174 -0.012090 0.830978
vn 0.556174 -0.012090 0.830978
vn 0.556174 -0.012090 0.830978
vn 0.554132 0.036244 0.831640
vn 0.554132 0.036244 0.831640
vn 0.554132 0.036244 0.831640
vn 0.554132 0.036244 0.831640
vn 0.554132 0.036244 0.831640
vn 0.554132 0.036244 0.831640
vn 0.543890 0.084271 0.834914
vn 0.543890 0.084271 0.834914
vn 0.543890 0.084271 0.834914
vn 0.543890 0.084271 0.834914
vn 0.543890 0.084271 0.834914
vn 0.543890 0.084271 0.834914
vn 0.525349 0.131551 0.840656
vn 0.525349 0.131551 0.840656
vn 0.525349 0.131551 0.840656
vn 0.525349 0.131550 0.840656
vn 0.525349 0.131550 0.840656
vn 0.525349 0.131550 0.840656
vn 0.498355 0.177564 0.848595
vn 0.498355 0.177564 0.848595
vn 0.498355 0.177564 0.848595
vn 0.498355 0.177564 0.848595
vn 0.498355 0.177564 0.848595
vn 0.498355 0.177564 0.848595
vn 0.462753 0.221678 0.858323
vn 0.462753 0.221678 0.858323
vn 0.462753 0.221678 0.858323
vn 0.462753 0.221678 0.858323
vn 0.462753 0.221678 0.858323
vn 0.462753 0.221678 0.858323
vn 0.418457 0.263120 0.869288
vn 0.418457 0.263120 0.869288
vn 0.418457 0.263120 0.869288
vn 0.418457 0.263121 0.869288
vn 0.418457 0.263121 0.869288
vn 0.418457 0.263121 0.869288
vn 0.365555 0.300966 0.880789
vn 0.365555 0.300966 0.880789
vn 0.365555 0.300966 0.880789
vn 0.365555 0.300965 0.880789
vn 0.365555 0.300965 0.880789
vn 0.365555 0.300965 0.880789
vn 0.304419 0.334159 0.892001
vn 0.304419 0.334159 0.892001
vn 0.304419 0.334159 0.892001
vn 0.304420 0.334158 0.892002
vn 0.304420 0.334158 0.892002
vn 0.304420 0.334158 0.892002
vn 0.235821 0.361575 0.902026
vn 0.235821 0.361575 0.902026
vn 0.235821 0.361575 0.902026
vn 0.235820 0.361576 0.902026
vn 0.235820 0.361576 0.902026
vn 0.235820 0.361576 0.902026
vn 0.160998 0.382125 0.909978
vn 0.160998 0.382125 0.909978
vn 0.160998 0.382125 0.909978
vn 0.160998 0.382125 0.909978
vn 0.160998 0.382125 0.909978
vn 0.160998 0.382125 0.909978
vn 0.081681 0.394876 0.915096
vn 0.081681 0.394876 0.915096
vn 0.081681 0.394876 0.915096
vn 0.081681 0.394876 0.915096
vn 0.081681 0.394876 0.915096
vn 0.081681 0.394876 0.915096
vn -0.000000 0.399200 0.916864
vn -0.000000 0.399200 0.916864
vn -0.000000 0.399200 0.916864
vn -0.000000 0.399200 0.916864
vn -0.081681 0.394876 0.915096
vn -0.081681 0.394876 0.915096
vn -0.081681 0.394876 0.915096
vn -0.081681 0.394876 0.915096
vn -0.081681 0.394876 0.915096
vn -0.081681 0.394876 0.915096
vn -0.160998 0.382125 0.909978
vn -0.160998 0.382125 0.909978
vn -0.160998 0.382125 0.909978
vn -0.160998 0.382125 0.909978
vn -0.160998 0.382125 0.909978
vn -0.160998 0.382125 0.909978
vn -0.235821 0.361576 0.902026
vn -0.235821 0.361576 0.902026
vn -0.235821 0.361576 0.902026
vn -0.235820 0.361576 0.902027
vn -0.235820 0.361576 0.902027
vn -0.235820 0.361576 0.902027
vn -0.304419 0.334159 0.892002
vn -0.304419 0.334159 0.892002
vn -0.304419 0.334159 0.892002
vn -0.304420 0.334159 0.892001
vn -0.304420 0.334159 0.892001
vn -0.304420 0.334159 0.892001
vn -0.365555 0.300965 0.880789
vn -0.365555 0.300965 0.880789
vn -0.365555 0.300965 0.880789
vn -0.365556 0.300965 0.880789
vn -0.365556 0.300965 0.880789
vn -0.365556 0.300965 0.880789
vn -0.418457 0.263121 0.869288
vn -0.418457 0.263121 0.869288
vn -0.418457 0.263121 0.869288
vn -0.418456 0.263121 0.869288
vn -0.418456 0.263121 0.869288
vn -0.418456 0.263121 0.869288
vn -0.462753 0.221678 0.858323
vn -0.462753 0.221678 0.858323
vn -0.462753 0.221678 0.858323
vn -0.462753 0.221678 0.858323
vn -0.462753 0.221678 0.858323
vn -0.462753 0.221678 0.858323
vn -0.498355 0.177564 0.848595
vn -0.498355 0.177564 0.848595
vn -0.498355 0.177564 0.848595
vn -0.498355 0.177564 0.848595
vn -0.498355 0.177564 0.848595
vn -0.498355 0.177564 0.848595
vn -0.525349 0.131551 0.840656
vn -0.525349 0.131551 0.840656
vn -0.525349 0.131551 0.840656
vn -0.525349 0.131550 0.840656
vn -0.525349 0.131550 0.840656
vn -0.525349 0.131550 0.840656
vn -0.543890 0.084271 0.834914
vn -0.543890 0.084271 0.834914
vn -0.543890 0.084271 0.834914
vn -0.543890 0.084271 0.834914
vn -0.543890 0.084271 0.834914
vn -0.543890 0.084271 0.834914
vn -0.554132 0.036244 0.831640
vn -0.554132 0.036244 0.831640
vn -0.554132 0.036244 0.831640
vn -0.554132 0.036244 0.831640
vn -0.554132 0.036244 0.831640
vn -0.554132 0.036244 0.831640
vn -0.556175 -0.012090 0.830978
vn -0.556175 -0.012090 0.830978
vn -0.556175 -0.012090 0.830978
vn -0.556174 -0.012090 0.830978
vn -0.556174 -0.012090 0.830978
vn -0.556174 -0.012090 0.830978
vn -0.550040 -0.060322 0.832957
vn -0.550040 -0.060322 0.832957
vn -0.550040 -0.060322 0.832957
vn -0.550040 -0.060322 0.832957
vn -0.550040 -0.060322 0.832957
vn -0.550040 -0.060322 0.832957
vn -0.535666 -0.108035 0.837491
vn -0.535666 -0.108035 0.837491
vn -0.535666 -0.108035 0.837491
vn -0.535665 -0.108035 0.837491
vn -0.535665 -0.108035 0.837491
vn -0.535665 -0.108035 0.837491
vn -0.512919 -0.154751 0.844373
vn -0.512919 -0.154751 0.844373
vn -0.512919 -0.154751 0.844373
vn -0.512919 -0.154752 0.844373
vn -0.512919 -0.154752 0.844373
vn -0.512919 -0.154752 0.844373
vn -0.481638 -0.199904 0.853266
vn -0.481638 -0.199904 0.853266
vn -0.481638 -0.199904 0.853266
vn -0.481638 -0.199902 0.853267
vn -0.481638 -0.199902 0.853267
vn -0.481638 -0.199902 0.853267
vn -0.441691 -0.242787 0.863692
vn -0.441691 -0.242787 0.863692
vn -0.441691 -0.242787 0.863692
vn -0.441690 -0.242788 0.863692
vn -0.441690 -0.242788 0.863692
vn -0.441690 -0.242788 0.863692
vn -0.393067 -0.282555 0.875021
vn -0.393067 -0.282555 0.875021
vn -0.393067 -0.282555 0.875021
vn -0.393066 -0.282556 0.875020
vn -0.393066 -0.282556 0.875020
vn -0.393066 -0.282556 0.875020
vn -0.335979 -0.318214 0.886487
vn -0.335979 -0.318214 0.886487
vn -0.335979 -0.318214 0.886487
vn -0.335979 -0.318213 0.886487
vn -0.335979 -0.318213 0.886487
vn -0.335979 -0.318213 0.886487
vn -0.270987 -0.348660 0.897219
vn -0.270987 -0.348660 0.897219
vn -0.270987 -0.348660 0.897219
vn -0.270987 -0.348660 0.897219
vn -0.270987 -0.348660 0.897219
vn -0.270987 -0.348660 0.897219
vn -0.199089 -0.372773 0.906313
vn -0.199089 -0.372773 0.906313
vn -0.199089 -0.372773 0.906313
vn -0.199091 -0.372772 0.906313
vn -0.199091 -0.372772 0.906313
vn -0.199091 -0.372772 0.906313
vn -0.121776 -0.389522 0.912931
vn -0.121776 -0.389522 0.912931
vn -0.121776 -0.389522 0.912931
vn -0.121775 -0.389523 0.912931
vn -0.121775 -0.389523 0.912931
vn -0.121775 -0.389523 0.912931
vn -0.040991 -0.398115 0.916419
vn -0.040991 -0.398115 0.916419
vn -0.040991 -0.398115 0.916419
vn -0.040991 -0.398115 0.916419
vn -0.040991 -0.398115 0.916419
vn -0.040991 -0.398115 0.916419
vn 0.050934 -0.494677 0.867583
vn 0.050934 -0.494677 0.867583
vn 0.050934 -0.494677 0.867583
vn 0.050933 -0.494676 0.867584
vn 0.050933 -0.494676 0.867584
vn 0.050933 -0.494676 0.867584
vn 0.150999 -0.483002 0.862501
vn 0.150999 -0.483002 0.862501
vn 0.150999 -0.483002 0.862501
vn 0.151001 -0.483003 0.862500
vn 0.151001 -0.483003 0.862500
vn 0.151001 -0.483003 0.862500
vn 0.245917 -0.460448 0.852943
vn 0.245917 -0.460448 0.852943
vn 0.245917 -0.460448 0.852943
vn 0.245914 -0.460448 0.852944
vn 0.245914 -0.460448 0.852944
vn 0.245914 -0.460448 0.852944
vn 0.332979 -0.428421 0.839988
vn 0.332979 -0.428421 0.839988
vn 0.332979 -0.428421 0.839988
vn 0.332980 -0.428421 0.839988
vn 0.332980 -0.428421 0.839988
vn 0.332980 -0.428421 0.839988
vn 0.410359 -0.388660 0.824954
vn 0.410359 -0.388660 0.824954
vn 0.410359 -0.388660 0.824954
vn 0.410360 -0.388660 0.824954
vn 0.410360 -0.388660 0.824954
vn 0.410360 -0.388660 0.824954
vn 0.477079 -0.342949 0.809186
vn 0.477079 -0.342949 0.809186
vn 0.477079 -0.342949 0.809186
vn 0.477080 -0.342948 0.809185
vn 0.477080 -0.342948 0.809185
vn 0.477080 -0.342948 0.809185
vn 0.532863 -0.292904 0.793892
vn 0.532863 -0.292904 0.793892
vn 0.532863 -0.292904 0.793892
vn 0.532863 -0.292904 0.793892
vn 0.532863 -0.292904 0.793892
vn 0.532863 -0.292904 0.793892
vn 0.577908 -0.239859 0.780058
vn 0.577908 -0.239859 0.780058
vn 0.577908 -0.239859 0.780058
vn 0.577907 -0.239859 0.780058
vn 0.577907 -0.239859 0.780058
vn 0.577907 -0.239859 0.780058
vn 0.612654 -0.184843 0.768433
vn 0.612654 -0.184843 0.768433
vn 0.612654 -0.184843 0.768433
vn 0.612655 -0.184842 0.768432
vn 0.612655 -0.184842 0.768432
vn 0.612655 -0.184842 0.768432
vn 0.637619 -0.128597 0.759543
vn 0.637619 -0.128597 0.759543
vn 0.637619 -0.128597 0.759543
vn 0.637618 -0.128597 0.759543
vn 0.637618 -0.128597 0.759543
vn 0.637618 -0.128597 0.759543
vn 0.653260 -0.071642 0.753736
vn 0.653260 -0.071642 0.753736
vn 0.653260 -0.071642 0.753736
vn 0.653260 -0.071642 0.753737
vn 0.653260 -0.071642 0.753737
vn 0.653260 -0.071642 0.753737
vn 0.659902 -0.014345 0.751215
vn 0.659902 -0.014345 0.751215
vn 0.659902 -0.014345 0.751215
vn 0.659903 -0.014344 0.751214
vn 0.659903 -0.014344 0.751214
vn 0.659903 -0.014344 0.751214
vn 0.657692 0.043018 0.752057
vn 0.657692 0.043018 0.752057
vn 0.657692 0.043018 0.752057
vn 0.657693 0.043018 0.752057
vn 0.657693 0.043018 0.752057
vn 0.657693 0.043018 0.752057
vn 0.646581 0.100182 0.756239
vn 0.646581 0.100182 0.756239
vn 0.646581 0.100182 0.756239
vn 0.646581 0.100183 0.756238
vn 0.646581 0.100183 0.756238
vn 0.646581 0.100183 0.756238
vn 0.626328 0.156836 0.763620
vn 0.626328 0.156836 0.763620
vn 0.626328 0.156836 0.763620
vn 0.626328 0.156835 0.763620
vn 0.626328 0.156835 0.763620
vn 0.626328 0.156835 0.763620
vn 0.596535 0.212545 0.773932
vn 0.596535 0.212545 0.773932
vn 0.596535 0.212545 0.773932
vn 0.596535 0.212545 0.773932
vn 0.596535 0.212545 0.773932
vn 0.596535 0.212545 0.773932
vn 0.556703 0.266684 0.786741
vn 0.556703 0.266684 0.786741
vn 0.556703 0.266684 0.786741
vn 0.556703 0.266684 0.786741
vn 0.556703 0.266684 0.786741
vn 0.556703 0.266684 0.786741
vn 0.506334 0.318377 0.801413
vn 0.506334 0.318377 0.801413
vn 0.506334 0.318377 0.801413
vn 0.506334 0.318377 0.801413
vn 0.506334 0.318377 0.801413
vn 0.506334 0.318377 0.801413
vn 0.445083 0.366441 0.817082
vn 0.445083 0.366441 0.817082
vn 0.445083 0.366441 0.817082
vn 0.445083 0.366441 0.817081
vn 0.445083 0.366441 0.817081
vn 0.445083 0.366441 0.817081
vn 0.372960 0.409394 0.832645
vn 0.372960 0.409394 0.832645
vn 0.372960 0.409394 0.832645
vn 0.372960 0.409394 0.832645
vn 0.372960 0.409394 0.832645
vn 0.372960 0.409394 0.832645
vn 0.290564 0.445515 0.846811
vn 0.290564 0.445515 0.846811
vn 0.290564 0.445515 0.846811
vn 0.290565 0.445514 0.846811
vn 0.290565 0.445514 0.846811
vn 0.290565 0.445514 0.846811
vn 0.199289 0.473008 0.858223
vn 0.199289 0.473008 0.858223
vn 0.199289 0.473008 0.858223
vn 0.199289 0.473008 0.858223
vn 0.199289 0.473008 0.858223
vn 0.199289 0.473008 0.858223
vn 0.101412 0.490266 0.865653
vn 0.101412 0.490266 0.865653
vn 0.101412 0.490266 0.865653
vn 0.101412 0.490266 0.865653
vn 0.101412 0.490266 0.865653
vn 0.101412 0.490266 0.865653
vn 0.000000 0.496154 0.868234
vn 0.000000 0.496154 0.868234
vn 0.000000 0.496154 0.868234
vn 0.000000 0.496154 0.868234
vn -0.101412 0.490266 0.865653
vn -0.101412 0.490266 0.865653
vn -0.101412 0.490266 0.865653
vn -0.101412 0.490266 0.865653
vn -0.101412 0.490266 0.865653
vn -0.101412 0.490266 0.865653
vn -0.199289 0.473008 0.858223
vn -0.199289 0.473008 0.858223
vn -0.199289 0.473008 0.858223
vn -0.199289 0.473008 0.858223
vn -0.199289 0.473008 0.858223
vn -0.199289 0.473008 0.858223
vn -0.290564 0.445514 0.846812
vn -0.290564 0.445514 0.846812
vn -0.290564 0.445514 0.846812
vn -0.290565 0.445514 0.846811
vn -0.290565 0.445514 0.846811
vn -0.290565 0.445514 0.846811
vn -0.372960 0.409394 0.832645
vn -0.372960 0.409394 0.832645
vn -0.372960 0.409394 0.832645
vn -0.372960 0.409394 0.832645
vn -0.372960 0.409394 0.832645
vn -0.372960 0.409394 0.832645
vn -0.445083 0.366441 0.817081
vn -0.445083 0.366441 0.817081
vn -0.445083 0.366441 0.817081
vn -0.445082 0.366441 0.817082
vn -0.445082 0.366441 0.817082
vn -0.445082 0.366441 0.817082
vn -0.506334 0.318377 0.801413
vn -0.506334 0.318377 0.801413
vn -0.506334 0.318377 0.801413
vn -0.506333 0.318377 0.801413
vn -0.506333 0.318377 0.801413
vn -0.506333 0.318377 0.801413
vn -0.556703 0.266684 0.786741
vn -0.556703 0.266684 0.786741
vn -0.556703 0.266684 0.786741
vn -0.556703 0.266684 0.786741
vn -0.556703 0.266684 0.786741
vn -0.556703 0.266684 0.786741
vn -0.596534 0.212545 0.773932
vn -0.596534 0.212545 0.773932
vn -0.596534 0.212545 0.773932
vn -0.596535 0.212545 0.773932
vn -0.596535 0.212545 0.773932
vn -0.596535 0.212545 0.773932
vn -0.626328 0.156836 0.763620
vn -0.626328 0.156836 0.763620
vn -0.626328 0.156836 0.763620
vn -0.626329 0.156835 0.763620
vn -0.626329 0.156835 0.763620
vn -0.626329 0.156835 0.763620
vn -0.646581 0.100182 0.756238
vn -0.646581 0.100182 0.756238
vn -0.646581 0.100182 0.756238
vn -0.646581 0.100183 0.756239
vn -0.646581 0.100183 0.756239
vn -0.646581 0.100183 0.756239
vn -0.657693 0.043018 0.752057
vn -0.657693 0.043018 0.752057
vn -0.657693 0.043018 0.752057
vn -0.657692 0.043018 0.752057
vn -0.657692 0.043018 0.752057
vn -0.657692 0.043018 0.752057
vn -0.659903 -0.014345 0.751214
vn -0.659903 -0.014345 0.751214
vn -0.659903 -0.014345 0.751214
vn -0.659902 -0.014344 0.751215
vn -0.659902 -0.014344 0.751215
vn -0.659902 -0.014344 0.751215
vn -0.653260 -0.071642 0.753737
vn -0.653260 -0.071642 0.753737
vn -0.653260 -0.071642 0.753737
vn -0.653260 -0.071642 0.753736
vn -0.653260 -0.071642 0.753736
vn -0.653260 -0.071642 0.753736
vn -0.637619 -0.128597 0.759543
vn -0.637619 -0.128597 0.759543
vn -0.637619 -0.128597 0.759543
vn -0.637619 -0.128597 0.759543
vn -0.637619 -0.128597 0.759543
vn -0.637619 -0.128597 0.759543
vn -0.612654 -0.184843 0.768432
vn -0.612654 -0.184843 0.768432
vn -0.612654 -0.184843 0.768432
vn -0.612654 -0.184842 0.768432
vn -0.612654 -0.184842 0.768432
vn -0.612654 -0.184842 0.768432
vn -0.577907 -0.239858 0.780058
vn -0.577907 -0.239858 0.780058
vn -0.577907 -0.239858 0.780058
vn -0.577907 -0.239859 0.780058
vn -0.577907 -0.239859 0.780058
vn -0.577907 -0.239859 0.780058
vn -0.532863 -0.292904 0.793892
vn -0.532863 -0.292904 0.793892
vn -0.532863 -0.292904 0.793892
vn -0.532863 -0.292904 0.793892
vn -0.532863 -0.292904 0.793892
vn -0.532863 -0.292904 0.793892
vn -0.477079 -0.342949 0.809186
vn -0.477079 -0.342949 0.809186
vn -0.477079 -0.342949 0.809186
vn -0.477080 -0.342948 0.809186
vn -0.477080 -0.342948 0.809186
vn -0.477080 -0.342948 0.809186
vn -0.410359 -0.388660 0.824954
vn -0.410359 -0.388660 0.824954
vn -0.410359 -0.388660 0.824954
vn -0.410360 -0.388660 0.824954
vn -0.410360 -0.388660 0.824954
vn -0.410360 -0.388660 0.824954
vn -0.332979 -0.428421 0.839988
vn -0.332979 -0.428421 0.839988
vn -0.332979 -0.428421 0.839988
vn -0.332979 -0.428421 0.839988
vn -0.332979 -0.428421 0.839988
vn -0.332979 -0.428421 0.839988
vn -0.245916 -0.460447 0.852944
vn -0.245916 -0.460447 0.852944
vn -0.245916 -0.460447 0.852944
vn -0.245915 -0.460449 0.852944
vn -0.245915 -0.460449 0.852944
vn -0.245915 -0.460449 0.852944
vn -0.151000 -0.483003 0.862501
vn -0.151000 -0.483003 0.862501
vn -0.151000 -0.483003 0.862501
vn -0.151001 -0.483002 0.862501
vn -0.151001 -0.483002 0.862501
vn -0.151001 -0.483002 0.862501
vn -0.050934 -0.494676 0.867584
vn -0.050934 -0.494676 0.867584
vn -0.050934 -0.494676 0.867584
vn -0.050933 -0.494677 0.867583
vn -0.050933 -0.494677 0.867583
vn -0.050933 -0.494677 0.867583
vn 0.061204 -0.594436 0.801810
vn 0.061204 -0.594436 0.801810
vn 0.061204 -0.594436 0.801810
vn 0.061204 -0.594436 0.801810
vn 0.061204 -0.594436 0.801810
vn 0.061204 -0.594436 0.801810
vn 0.180984 -0.578909 0.795053
vn 0.180984 -0.578909 0.795053
vn 0.180984 -0.578909 0.795053
vn 0.180983 -0.578908 0.795054
vn 0.180983 -0.578908 0.795054
vn 0.180983 -0.578908 0.795054
vn 0.293336 -0.549240 0.782489
vn 0.293336 -0.549240 0.782489
vn 0.293336 -0.549240 0.782489
vn 0.293337 -0.549240 0.782489
vn 0.293337 -0.549240 0.782489
vn 0.293337 -0.549240 0.782489
vn 0.394683 -0.507811 0.765737
vn 0.394683 -0.507811 0.765737
vn 0.394683 -0.507811 0.765737
vn 0.394684 -0.507811 0.765737
vn 0.394684 -0.507811 0.765737
vn 0.394684 -0.507811 0.765737
vn 0.482946 -0.457408 0.746687
vn 0.482946 -0.457408 0.746687
vn 0.482946 -0.457408 0.746687
vn 0.482944 -0.457408 0.746688
vn 0.482944 -0.457408 0.746688
vn 0.482944 -0.457408 0.746688
vn 0.557418 -0.400699 0.727135
vn 0.557418 -0.400699 0.727135
vn 0.557418 -0.400699 0.727135
vn 0.557417 -0.400700 0.727135
vn 0.557417 -0.400700 0.727135
vn 0.557417 -0.400700 0.727135
vn 0.618382 -0.339912 0.708565
vn 0.618382 -0.339912 0.708565
vn 0.618382 -0.339912 0.708565
vn 0.618383 -0.339912 0.708564
vn 0.618383 -0.339912 0.708564
vn 0.618383 -0.339912 0.708564
vn 0.666675 -0.276702 0.692085
vn 0.666675 -0.276702 0.692085
vn 0.666675 -0.276702 0.692085
vn 0.666675 -0.276702 0.692084
vn 0.666675 -0.276702 0.692084
vn 0.666675 -0.276702 0.692084
vn 0.703326 -0.212198 0.678458
vn 0.703326 -0.212198 0.678458
vn 0.703326 -0.212198 0.678458
vn 0.703325 -0.212199 0.678459
vn 0.703325 -0.212199 0.678459
vn 0.703325 -0.212199 0.678459
vn 0.729322 -0.147093 0.668171
vn 0.729322 -0.147093 0.668171
vn 0.729322 -0.147093 0.668171
vn 0.729323 -0.147091 0.668170
vn 0.729323 -0.147091 0.668170
vn 0.729323 -0.147091 0.668170
vn 0.745466 -0.081754 0.661511
vn 0.745466 -0.081754 0.661511
vn 0.745466 -0.081754 0.661511
vn 0.745466 -0.081754 0.661511
vn 0.745466 -0.081754 0.661511
vn 0.745466 -0.081754 0.661511
vn 0.752287 -0.016352 0.658632
vn 0.752287 -0.016352 0.658632
vn 0.752287 -0.016352 0.658632
vn 0.752287 -0.016353 0.658632
vn 0.752287 -0.016353 0.658632
vn 0.752287 -0.016353 0.658632
vn 0.750020 0.049057 0.659593
vn 0.750020 0.049057 0.659593
vn 0.750020 0.049057 0.659593
vn 0.750019 0.049056 0.659594
vn 0.750019 0.049056 0.659594
vn 0.750019 0.049056 0.659594
vn 0.738586 0.114438 0.664376
vn 0.738586 0.114438 0.664376
vn 0.738586 0.114438 0.664376
vn 0.738586 0.114438 0.664376
vn 0.738586 0.114438 0.664376
vn 0.738586 0.114438 0.664376
vn 0.717600 0.179690 0.672875
vn 0.717600 0.179690 0.672875
vn 0.717600 0.179690 0.672875
vn 0.717601 0.179691 0.672875
vn 0.717601 0.179691 0.672875
vn 0.717601 0.179691 0.672875
vn 0.686390 0.244561 0.684879
vn 0.686390 0.244561 0.684879
vn 0.686390 0.244561 0.684879
vn 0.686390 0.244561 0.684879
vn 0.686390 0.244561 0.684879
vn 0.686390 0.244561 0.684879
vn 0.644050 0.308527 0.700008
vn 0.644050 0.308527 0.700008
vn 0.644050 0.308527 0.700008
vn 0.644050 0.308526 0.700008
vn 0.644050 0.308526 0.700008
vn 0.644050 0.308526 0.700008
vn 0.589544 0.370699 0.717649
vn 0.589544 0.370699 0.717649
vn 0.589544 0.370699 0.717649
vn 0.589544 0.370699 0.717649
vn 0.589544 0.370699 0.717649
vn 0.589544 0.370699 0.717649
vn 0.521905 0.429690 0.736873
vn 0.521905 0.429690 0.736873
vn 0.521905 0.429690 0.736873
vn 0.521905 0.429690 0.736873
vn 0.521905 0.429690 0.736873
vn 0.521905 0.429690 0.736873
vn 0.440522 0.483556 0.756382
vn 0.440522 0.483556 0.756382
vn 0.440522 0.483556 0.756382
vn 0.440522 0.483556 0.756382
vn 0.440522 0.483556 0.756382
vn 0.440522 0.483556 0.756382
vn 0.345552 0.529823 0.774520
vn 0.345552 0.529823 0.774520
vn 0.345552 0.529823 0.774520
vn 0.345551 0.529825 0.774519
vn 0.345551 0.529825 0.774519
vn 0.345551 0.529825 0.774519
vn 0.238347 0.565710 0.789407
vn 0.238347 0.565710 0.789407
vn 0.238347 0.565710 0.789407
vn 0.238347 0.565710 0.789407
vn 0.238347 0.565710 0.789407
vn 0.238347 0.565710 0.789407
vn 0.121744 0.588556 0.799237
vn 0.121744 0.588556 0.799237
vn 0.121744 0.588556 0.799237
vn 0.121744 0.588556 0.799237
vn 0.121744 0.588556 0.799237
vn 0.121744 0.588556 0.799237
vn 0.000000 0.596412 0.802678
vn 0.000000 0.596412 0.802678
vn 0.000000 0.596412 0.802678
vn 0.000000 0.596412 0.802678
vn -0.121744 0.588556 0.799237
vn -0.121744 0.588556 0.799237
vn -0.121744 0.588556 0.799237
vn -0.121744 0.588556 0.799237
vn -0.121744 0.588556 0.799237
vn -0.121744 0.588556 0.799237
vn -0.238347 0.565710 0.789407
vn -0.238347 0.565710 0.789407
vn -0.238347 0.565710 0.789407
vn -0.238347 0.565710 0.789407
vn -0.238347 0.565710 0.789407
vn -0.238347 0.565710 0.789407
vn -0.345552 0.529824 0.774519
vn -0.345552 0.529824 0.774519
vn -0.345552 0.529824 0.774519
vn -0.345551 0.529824 0.774520
vn -0.345551 0.529824 0.774520
vn -0.345551 0.529824 0.774520
vn -0.440522 0.483556 0.756382
vn -0.440522 0.483556 0.756382
vn -0.440522 0.483556 0.756382
vn -0.440522 0.483556 0.756382
vn -0.440522 0.483556 0.756382
vn -0.440522 0.483556 0.756382
vn -0.521905 0.429690 0.736873
vn -0.521905 0.429690 0.736873
vn -0.521905 0.429690 0.736873
vn -0.521905 0.429690 0.736873
vn -0.521905 0.429690 0.736873
vn -0.521905 0.429690 0.736873
vn -0.589544 0.370699 0.717649
vn -0.589544 0.370699 0.717649
vn -0.589544 0.370699 0.717649
vn -0.589544 0.370699 0.717649
vn -0.589544 0.370699 0.717649
vn -0.589544 0.370699 0.717649
vn -0.644050 0.308527 0.700008
vn -0.644050 0.308527 0.700008
vn -0.644050 0.308527 0.700008
vn -0.644050 0.308527 0.700007
vn -0.644050 0.308527 0.700007
vn -0.644050 0.308527 0.700007
vn -0.686390 0.244561 0.684879
vn -0.686390 0.244561 0.684879
vn -0.686390 0.244561 0.684879
vn -0.686390 0.244561 0.684879
vn -0.686390 0.244561 0.684879
vn -0.686390 0.244561 0.684879
vn -0.717601 0.179690 0.672875
vn -0.717601 0.179690 0.672875
vn -0.717601 0.179690 0.672875
vn -0.717600 0.179690 0.672875
vn -0.717600 0.179690 0.672875
vn -0.717600 0.179690 0.672875
vn -0.738586 0.114438 0.664376
vn -0.738586 0.114438 0.664376
vn -0.738586 0.114438 0.664376
vn -0.738586 0.114438 0.664376
vn -0.738586 0.114438 0.664376
vn -0.738586 0.114438 0.664376
vn -0.750019 0.049057 0.659594
vn -0.750019 0.049057 0.659594
vn -0.750019 0.049057 0.659594
vn -0.750020 0.049056 0.659593
vn -0.750020 0.049056 0.659593
vn -0.750020 0.049056 0.659593
vn -0.752287 -0.016352 0.658632
vn -0.752287 -0.016352 0.658632
vn -0.752287 -0.016352 0.658632
vn -0.752287 -0.016353 0.658632
vn -0.752287 -0.016353 0.658632
vn -0.752287 -0.016353 0.658632
vn -0.745466 -0.081754 0.661511
vn -0.745466 -0.081754 0.661511
vn -0.745466 -0.081754 0.661511
vn -0.745466 -0.081754 0.661511
vn -0.745466 -0.081754 0.661511
vn -0.745466 -0.081754 0.661511
vn -0.729323 -0.147093 0.668170
vn -0.729323 -0.147093 0.668170
vn -0.729323 -0.147093 0.668170
vn -0.729323 -0.147091 0.668171
vn -0.729323 -0.147091 0.668171
vn -0.729323 -0.147091 0.668171
vn -0.703325 -0.212198 0.678459
vn -0.703325 -0.212198 0.678459
vn -0.703325 -0.212198 0.678459
vn -0.703325 -0.212199 0.678458
vn -0.703325 -0.212199 0.678458
vn -0.703325 -0.212199 0.678458
vn -0.666675 -0.276702 0.692084
vn -0.666675 -0.276702 0.692084
vn -0.666675 -0.276702 0.692084
vn -0.666675 -0.276702 0.692085
vn -0.666675 -0.276702 0.692085
vn -0.666675 -0.276702 0.692085
vn -0.618382 -0.339912 0.708564
vn -0.618382 -0.339912 0.708564
vn -0.618382 -0.339912 0.708564
vn -0.618382 -0.339911 0.708565
vn -0.618382 -0.339911 0.708565
vn -0.618382 -0.339911 0.708565
vn -0.557418 -0.400699 0.727135
vn -0.557418 -0.400699 0.727135
vn -0.557418 -0.400699 0.727135
vn -0.557418 -0.400700 0.727135
vn -0.557418 -0.400700 0.727135
vn -0.557418 -0.400700 0.727135
vn -0.482945 -0.457407 0.746688
vn -0.482945 -0.457407 0.746688
vn -0.482945 -0.457407 0.746688
vn -0.482945 -0.457408 0.746687
vn -0.482945 -0.457408 0.746687
vn -0.482945 -0.457408 0.746687
vn -0.394683 -0.507811 0.765737
vn -0.394683 -0.507811 0.765737
vn -0.394683 -0.507811 0.765737
vn -0.394684 -0.507810 0.765737
vn -0.394684 -0.507810 0.765737
vn -0.394684 -0.507810 0.765737
vn -0.293336 -0.549241 0.782489
vn -0.293336 -0.549241 0.782489
vn -0.293336 -0.549241 0.782489
vn -0.293337 -0.549240 0.782489
vn -0.293337 -0.549240 0.782489
vn -0.293337 -0.549240 0.782489
vn -0.180984 -0.578908 0.795054
vn -0.180984 -0.578908 0.795054
vn -0.180984 -0.578908 0.795054
vn -0.180983 -0.578909 0.795053
vn -0.180983 -0.578909 0.795053
vn -0.180983 -0.578909 0.795053
vn -0.061204 -0.594436 0.801810
vn -0.061204 -0.594436 0.801810
vn -0.061204 -0.594436 0.801810
vn -0.061204 -0.594436 0.801810
vn -0.061204 -0.594436 0.801810
vn -0.061204 -0.594436 0.801810
vn 0.071619 -0.695588 0.714863
vn 0.071619 -0.695588 0.714863
vn 0.071619 -0.695588 0.714863
vn 0.071619 -0.695588 0.714863
vn 0.071619 -0.695588 0.714863
vn 0.071619 -0.695588 0.714863
vn 0.211126 -0.675328 0.706652
vn 0.211126 -0.675328 0.706652
vn 0.211126 -0.675328 0.706652
vn 0.211127 -0.675328 0.706652
vn 0.211127 -0.675328 0.706652
vn 0.211127 -0.675328 0.706652
vn 0.340274 -0.637124 0.691583
vn 0.340274 -0.637124 0.691583
vn 0.340274 -0.637124 0.691583
vn 0.340276 -0.637125 0.691581
vn 0.340276 -0.637125 0.691581
vn 0.340276 -0.637125 0.691581
vn 0.454523 -0.584801 0.671876
vn 0.454523 -0.584801 0.671876
vn 0.454523 -0.584801 0.671876
vn 0.454521 -0.584801 0.671877
vn 0.454521 -0.584801 0.671877
vn 0.454521 -0.584801 0.671877
vn 0.551760 -0.522585 0.649974
vn 0.551760 -0.522585 0.649974
vn 0.551760 -0.522585 0.649974
vn 0.551759 -0.522585 0.649974
vn 0.551759 -0.522585 0.649974
vn 0.551759 -0.522585 0.649974
vn 0.631879 -0.454227 0.628018
vn 0.631879 -0.454227 0.628018
vn 0.631879 -0.454227 0.628018
vn 0.631879 -0.454227 0.628018
vn 0.631879 -0.454227 0.628018
vn 0.631879 -0.454227 0.628018
vn 0.696004 -0.382578 0.607628
vn 0.696004 -0.382578 0.607628
vn 0.696004 -0.382578 0.607628
vn 0.696005 -0.382578 0.607628
vn 0.696005 -0.382578 0.607628
vn 0.696005 -0.382578 0.607628
vn 0.745798 -0.309542 0.589889
vn 0.745798 -0.309542 0.589889
vn 0.745798 -0.309542 0.589889
vn 0.745797 -0.309542 0.589890
vn 0.745797 -0.309542 0.589890
vn 0.745797 -0.309542 0.589890
vn 0.782969 -0.236228 0.575461
vn 0.782969 -0.236228 0.575461
vn 0.782969 -0.236228 0.575461
vn 0.782970 -0.236228 0.575460
vn 0.782970 -0.236228 0.575460
vn 0.782970 -0.236228 0.575460
vn 0.809004 -0.163162 0.564705
vn 0.809004 -0.163162 0.564705
vn 0.809004 -0.163162 0.564705
vn 0.809003 -0.163162 0.564705
vn 0.809003 -0.163162 0.564705
vn 0.809003 -0.163162 0.564705
vn 0.825026 -0.090480 0.557804
vn 0.825026 -0.090480 0.557804
vn 0.825026 -0.090480 0.557804
vn 0.825026 -0.090480 0.557804
vn 0.825026 -0.090480 0.557804
vn 0.825026 -0.090480 0.557804
vn 0.831764 -0.018080 0.554836
vn 0.831764 -0.018080 0.554836
vn 0.831764 -0.018080 0.554836
vn 0.831764 -0.018080 0.554835
vn 0.831764 -0.018080 0.554835
vn 0.831764 -0.018080 0.554835
vn 0.829527 0.054256 0.555825
vn 0.829527 0.054256 0.555825
vn 0.829527 0.054256 0.555825
vn 0.829527 0.054256 0.555825
vn 0.829527 0.054256 0.555825
vn 0.829527 0.054256 0.555825
vn 0.818211 0.126775 0.560766
vn 0.818211 0.126775 0.560766
vn 0.818211 0.126775 0.560766
vn 0.818211 0.126775 0.560766
vn 0.818211 0.126775 0.560766
vn 0.818211 0.126775 0.560766
vn 0.797299 0.199647 0.569609
vn 0.797299 0.199647 0.569609
vn 0.797299 0.199647 0.569609
vn 0.797300 0.199648 0.569609
vn 0.797300 0.199648 0.569609
vn 0.797300 0.199648 0.569609
vn 0.765861 0.272877 0.582232
vn 0.765861 0.272877 0.582232
vn 0.765861 0.272877 0.582232
vn 0.765861 0.272875 0.582234
vn 0.765861 0.272875 0.582234
vn 0.765861 0.272875 0.582234
vn 0.722583 0.346147 0.598378
vn 0.722583 0.346147 0.598378
vn 0.722583 0.346147 0.598378
vn 0.722583 0.346148 0.598377
vn 0.722583 0.346148 0.598377
vn 0.722583 0.346148 0.598377
vn 0.665843 0.418674 0.617548
vn 0.665843 0.418674 0.617548
vn 0.665843 0.418674 0.617548
vn 0.665842 0.418675 0.617547
vn 0.665842 0.418675 0.617547
vn 0.665842 0.418675 0.617547
vn 0.593910 0.488972 0.638888
vn 0.593910 0.488972 0.638888
vn 0.593910 0.488972 0.638888
vn 0.593910 0.488971 0.638888
vn 0.593910 0.488971 0.638888
vn 0.593910 0.488971 0.638888
vn 0.505312 0.554676 0.661055
vn 0.505312 0.554676 0.661055
vn 0.505312 0.554676 0.661055
vn 0.505312 0.554677 0.661055
vn 0.505312 0.554677 0.661055
vn 0.505312 0.554677 0.661055
vn 0.399446 0.612461 0.682154
vn 0.399446 0.612461 0.682154
vn 0.399446 0.612461 0.682154
vn 0.399447 0.612460 0.682155
vn 0.399447 0.612460 0.682155
vn 0.399447 0.612460 0.682155
vn 0.277338 0.658253 0.699848
vn 0.277338 0.658253 0.699848
vn 0.277338 0.658253 0.699848
vn 0.277337 0.658253 0.699848
vn 0.277337 0.658253 0.699848
vn 0.277337 0.658253 0.699848
vn 0.142292 0.687894 0.711727
vn 0.142292 0.687894 0.711727
vn 0.142292 0.687894 0.711727
vn 0.142292 0.687894 0.711727
vn 0.142292 0.687894 0.711727
vn 0.142292 0.687894 0.711727
vn 0.000000 0.698179 0.715923
vn 0.000000 0.698179 0.715923
vn 0.000000 0.698179 0.715923
vn 0.000000 0.698179 0.715923
vn -0.142292 0.687894 0.711727
vn -0.142292 0.687894 0.711727
vn -0.142292 0.687894 0.711727
vn -0.142293 0.687894 0.711727
vn -0.142293 0.687894 0.711727
vn -0.142293 0.687894 0.711727
vn -0.277338 0.658253 0.699848
vn -0.277338 0.658253 0.699848
vn -0.277338 0.658253 0.699848
vn -0.277337 0.658253 0.699848
vn -0.277337 0.658253 0.699848
vn -0.277337 0.658253 0.699848
vn -0.399446 0.612460 0.682155
vn -0.399446 0.612460 0.682155
vn -0.399446 0.612460 0.682155
vn -0.399447 0.612460 0.682154
vn -0.399447 0.612460 0.682154
vn -0.399447 0.612460 0.682154
vn -0.505312 0.554676 0.661055
vn -0.505312 0.554676 0.661055
vn -0.505312 0.554676 0.661055
vn -0.505312 0.554676 0.661055
vn -0.505312 0.554676 0.661055
vn -0.505312 0.554676 0.661055
vn -0.593909 0.488972 0.638888
vn -0.593909 0.488972 0.638888
vn -0.593909 0.488972 0.638888
vn -0.593910 0.488972 0.638887
vn -0.593910 0.488972 0.638887
vn -0.593910 0.488972 0.638887
vn -0.665843 0.418675 0.617547
vn -0.665843 0.418675 0.617547
vn -0.665843 0.418675 0.617547
vn -0.665842 0.418675 0.617548
vn -0.665842 0.418675 0.617548
vn -0.665842 0.418675 0.617548
vn -0.722584 0.346147 0.598377
vn -0.722584 0.346147 0.598377
vn -0.722584 0.346147 0.598377
vn -0.722582 0.346148 0.598378
vn -0.722582 0.346148 0.598378
vn -0.722582 0.346148 0.598378
vn -0.765860 0.272876 0.582234
vn -0.765860 0.272876 0.582234
vn -0.765860 0.272876 0.582234
vn -0.765862 0.272875 0.582232
vn -0.765862 0.272875 0.582232
vn -0.765862 0.272875 0.582232
vn -0.797300 0.199648 0.569608
vn -0.797300 0.199648 0.569608
vn -0.797300 0.199648 0.569608
vn -0.797299 0.199648 0.569609
vn -0.797299 0.199648 0.569609
vn -0.797299 0.199648 0.569609
vn -0.818211 0.126775 0.560766
vn -0.818211 0.126775 0.560766
vn -0.818211 0.126775 0.560766
vn -0.818211 0.126775 0.560766
vn -0.818211 0.126775 0.560766
vn -0.818211 0.126775 0.560766
vn -0.829527 0.054256 0.555825
vn -0.829527 0.054256 0.555825
vn -0.829527 0.054256 0.555825
vn -0.829527 0.054256 0.555825
vn -0.829527 0.054256 0.555825
vn -0.829527 0.054256 0.555825
vn -0.831764 -0.018080 0.554835
vn -0.831764 -0.018080 0.554835
vn -0.831764 -0.018080 0.554835
vn -0.831764 -0.018080 0.554835
vn -0.831764 -0.018080 0.554835
vn -0.831764 -0.018080 0.554835
vn -0.825026 -0.090480 0.557804
vn -0.825026 -0.090480 0.557804
vn -0.825026 -0.090480 0.557804
vn -0.825026 -0.090480 0.557804
vn -0.825026 -0.090480 0.557804
vn -0.825026 -0.090480 0.557804
vn -0.809003 -0.163161 0.564705
vn -0.809003 -0.163161 0.564705
vn -0.809003 -0.163161 0.564705
vn -0.809004 -0.163162 0.564705
vn -0.809004 -0.163162 0.564705
vn -0.809004 -0.163162 0.564705
vn -0.782970 -0.236228 0.575460
vn -0.782970 -0.236228 0.575460
vn -0.782970 -0.236228 0.575460
vn -0.782970 -0.236227 0.575461
vn -0.782970 -0.236227 0.575461
vn -0.782970 -0.236227 0.575461
vn -0.745798 -0.309542 0.589890
vn -0.745798 -0.309542 0.589890
vn -0.745798 -0.309542 0.589890
vn -0.745798 -0.309542 0.589889
vn -0.745798 -0.309542 0.589889
vn -0.745798 -0.309542 0.589889
vn -0.696004 -0.382579 0.607628
vn -0.696004 -0.382579 0.607628
vn -0.696004 -0.382579 0.607628
vn -0.696004 -0.382578 0.607628
vn -0.696004 -0.382578 0.607628
vn -0.696004 -0.382578 0.607628
vn -0.631879 -0.454227 0.628018
vn -0.631879 -0.454227 0.628018
vn -0.631879 -0.454227 0.628018
vn -0.631879 -0.454227 0.628018
vn -0.631879 -0.454227 0.628018
vn -0.631879 -0.454227 0.628018
vn -0.551760 -0.522585 0.649974
vn -0.551760 -0.522585 0.649974
vn -0.551760 -0.522585 0.649974
vn -0.551759 -0.522585 0.649974
vn -0.551759 -0.522585 0.649974
vn -0.551759 -0.522585 0.649974
vn -0.454523 -0.584800 0.671877
vn -0.454523 -0.584800 0.671877
vn -0.454523 -0.584800 0.671877
vn -0.454522 -0.584801 0.671876
vn -0.454522 -0.584801 0.671876
vn -0.454522 -0.584801 0.671876
vn -0.340274 -0.637125 0.691582
vn -0.340274 -0.637125 0.691582
vn -0.340274 -0.637125 0.691582
vn -0.340275 -0.637124 0.691582
vn -0.340275 -0.637124 0.691582
vn -0.340275 -0.637124 0.691582
vn -0.211127 -0.675329 0.706652
vn -0.211127 -0.675329 0.706652
vn -0.211127 -0.675329 0.706652
vn -0.211127 -0.675328 0.706652
vn -0.211127 -0.675328 0.706652
vn -0.211127 -0.675328 0.706652
vn -0.071619 -0.695588 0.714863
vn -0.071619 -0.695588 0.714863
vn -0.071619 -0.695588 0.714863
vn -0.071619 -0.695587 0.714863
vn -0.071619 -0.695587 0.714863
vn -0.071619 -0.695587 0.714863
vn 0.081760 -0.794072 0.602300
vn 0.081760 -0.794072 0.602300
vn 0.081760 -0.794072 0.602300
vn 0.081759 -0.794071 0.602301
vn 0.081759 -0.794071 0.602301
vn 0.081759 -0.794071 0.602301
vn 0.240189 -0.768288 0.593332
vn 0.240189 -0.768288 0.593332
vn 0.240189 -0.768288 0.593332
vn 0.240190 -0.768288 0.593331
vn 0.240190 -0.768288 0.593331
vn 0.240190 -0.768288 0.593331
vn 0.384733 -0.720367 0.577107
vn 0.384733 -0.720367 0.577107
vn 0.384733 -0.720367 0.577107
vn 0.384732 -0.720366 0.577108
vn 0.384732 -0.720366 0.577108
vn 0.384732 -0.720366 0.577108
vn 0.509934 -0.656097 0.556331
vn 0.509934 -0.656097 0.556331
vn 0.509934 -0.656097 0.556331
vn 0.509935 -0.656096 0.556331
vn 0.509935 -0.656096 0.556331
vn 0.509935 -0.656096 0.556331
vn 0.613955 -0.581492 0.533785
vn 0.613955 -0.581492 0.533785
vn 0.613955 -0.581492 0.533785
vn 0.613957 -0.581491 0.533783
vn 0.613957 -0.581491 0.533783
vn 0.613957 -0.581491 0.533783
vn 0.697611 -0.501478 0.511720
vn 0.697611 -0.501478 0.511720
vn 0.697611 -0.501478 0.511720
vn 0.697609 -0.501479 0.511723
vn 0.697609 -0.501479 0.511723
vn 0.697609 -0.501479 0.511723
vn 0.763090 -0.419454 0.491683
vn 0.763090 -0.419454 0.491683
vn 0.763090 -0.419454 0.491683
vn 0.763091 -0.419454 0.491682
vn 0.763091 -0.419454 0.491682
vn 0.763091 -0.419454 0.491682
vn 0.812971 -0.337423 0.474578
vn 0.812971 -0.337423 0.474578
vn 0.812971 -0.337423 0.474578
vn 0.812971 -0.337422 0.474577
vn 0.812971 -0.337422 0.474577
vn 0.812971 -0.337422 0.474577
vn 0.849636 -0.256341 0.460878
vn 0.849636 -0.256341 0.460878
vn 0.849636 -0.256341 0.460878
vn 0.849635 -0.256342 0.460879
vn 0.849635 -0.256342 0.460879
vn 0.849635 -0.256342 0.460879
vn 0.875014 -0.176475 0.450786
vn 0.875014 -0.176475 0.450786
vn 0.875014 -0.176475 0.450786
vn 0.875014 -0.176474 0.450785
vn 0.875014 -0.176474 0.450785
vn 0.875014 -0.176474 0.450785
vn 0.890509 -0.097661 0.444360
vn 0.890509 -0.097661 0.444360
vn 0.890509 -0.097661 0.444360
vn 0.890510 -0.097661 0.444359
vn 0.890510 -0.097661 0.444359
vn 0.890510 -0.097661 0.444359
vn 0.896996 -0.019498 0.441608
vn 0.896996 -0.019498 0.441608
vn 0.896996 -0.019498 0.441608
vn 0.896996 -0.019499 0.441609
vn 0.896996 -0.019499 0.441609
vn 0.896996 -0.019499 0.441609
vn 0.894844 0.058528 0.442526
vn 0.894844 0.058528 0.442526
vn 0.894844 0.058528 0.442526
vn 0.894844 0.058529 0.442526
vn 0.894844 0.058529 0.442526
vn 0.894844 0.058529 0.442526
vn 0.883930 0.136958 0.447113
vn 0.883930 0.136958 0.447113
vn 0.883930 0.136958 0.447113
vn 0.883930 0.136958 0.447113
vn 0.883930 0.136958 0.447113
vn 0.883930 0.136958 0.447113
vn 0.863635 0.216259 0.455375
vn 0.863635 0.216259 0.455375
vn 0.863635 0.216259 0.455375
vn 0.863635 0.216258 0.455376
vn 0.863635 0.216258 0.455376
vn 0.863635 0.216258 0.455376
vn 0.832822 0.296733 0.467286
vn 0.832822 0.296733 0.467286
vn 0.832822 0.296733 0.467286
vn 0.832823 0.296735 0.467285
vn 0.832823 0.296735 0.467285
vn 0.832823 0.296735 0.467285
vn 0.789823 0.378359 0.482725
vn 0.789823 0.378359 0.482725
vn 0.789823 0.378359 0.482725
vn 0.789823 0.378359 0.482725
vn 0.789823 0.378359 0.482725
vn 0.789823 0.378359 0.482725
vn 0.732461 0.460564 0.501379
vn 0.732461 0.460564 0.501379
vn 0.732461 0.460564 0.501379
vn 0.732461 0.460563 0.501380
vn 0.732461 0.460563 0.501380
vn 0.732461 0.460563 0.501380
vn 0.658211 0.541911 0.522581
vn 0.658211 0.541911 0.522581
vn 0.658211 0.541911 0.522581
vn 0.658211 0.541912 0.522580
vn 0.658211 0.541912 0.522580
vn 0.658211 0.541912 0.522580
vn 0.564588 0.619744 0.545122
vn 0.564588 0.619744 0.545122
vn 0.564588 0.619744 0.545122
vn 0.564588 0.619745 0.545121
vn 0.564588 0.619745 0.545121
vn 0.564588 0.619745 0.545121
vn 0.449944 0.689885 0.567106
vn 0.449944 0.689885 0.567106
vn 0.449944 0.689885 0.567106
vn 0.449945 0.689884 0.567106
vn 0.449945 0.689884 0.567106
vn 0.449945 0.689884 0.567106
vn 0.314627 0.746759 0.585970
vn 0.314627 0.746759 0.585970
vn 0.314627 0.746759 0.585970
vn 0.314627 0.746760 0.585969
vn 0.314627 0.746760 0.585969
vn 0.314627 0.746760 0.585969
vn 0.162224 0.784248 0.598864
vn 0.162224 0.784248 0.598864
vn 0.162224 0.784248 0.598864
vn 0.162222 0.784249 0.598863
vn 0.162222 0.784249 0.598863
vn 0.162222 0.784249 0.598863
vn 0.000000 0.797390 0.603465
vn 0.000000 0.797390 0.603465
vn 0.000000 0.797390 0.603465
vn 0.000000 0.797390 0.603465
vn -0.162224 0.784249 0.598863
vn -0.162224 0.784249 0.598863
vn -0.162224 0.784249 0.598863
vn -0.162222 0.784248 0.598864
vn -0.162222 0.784248 0.598864
vn -0.162222 0.784248 0.598864
vn -0.314627 0.746759 0.585969
vn -0.314627 0.746759 0.585969
vn -0.314627 0.746759 0.585969
vn -0.314627 0.746759 0.585970
vn -0.314627 0.746759 0.585970
vn -0.314627 0.746759 0.585970
vn -0.449943 0.689885 0.567107
vn -0.449943 0.689885 0.567107
vn -0.449943 0.689885 0.567107
vn -0.449945 0.689885 0.567106
vn -0.449945 0.689885 0.567106
vn -0.449945 0.689885 0.567106
vn -0.564589 0.619744 0.545121
vn -0.564589 0.619744 0.545121
vn -0.564589 0.619744 0.545121
vn -0.564587 0.619745 0.545122
vn -0.564587 0.619745 0.545122
vn -0.564587 0.619745 0.545122
vn -0.658211 0.541911 0.522580
vn -0.658211 0.541911 0.522580
vn -0.658211 0.541911 0.522580
vn -0.658211 0.541912 0.522581
vn -0.658211 0.541912 0.522581
vn -0.658211 0.541912 0.522581
vn -0.732460 0.460564 0.501381
vn -0.732460 0.460564 0.501381
vn -0.732460 0.460564 0.501381
vn -0.732462 0.460563 0.501379
vn -0.732462 0.460563 0.501379
vn -0.732462 0.460563 0.501379
vn -0.789823 0.378359 0.482725
vn -0.789823 0.378359 0.482725
vn -0.789823 0.378359 0.482725
vn -0.789823 0.378359 0.482725
vn -0.789823 0.378359 0.482725
vn -0.789823 0.378359 0.482725
vn -0.832823 0.296733 0.467285
vn -0.832823 0.296733 0.467285
vn -0.832823 0.296733 0.467285
vn -0.832822 0.296734 0.467286
vn -0.832822 0.296734 0.467286
vn -0.832822 0.296734 0.467286
vn -0.863635 0.216259 0.455376
vn -0.863635 0.216259 0.455376
vn -0.863635 0.216259 0.455376
vn -0.863635 0.216258 0.455375
vn -0.863635 0.216258 0.455375
vn -0.863635 0.216258 0.455375
vn -0.883930 0.136958 0.447113
vn -0.883930 0.136958 0.447113
vn -0.883930 0.136958 0.447113
vn -0.883930 0.136958 0.447113
vn -0.883930 0.136958 0.447113
vn -0.883930 0.136958 0.447113
vn -0.894844 0.058528 0.442526
vn -0.894844 0.058528 0.442526
vn -0.894844 0.058528 0.442526
vn -0.894844 0.058529 0.442526
vn -0.894844 0.058529 0.442526
vn -0.894844 0.058529 0.442526
vn -0.896996 -0.019498 0.441609
vn -0.896996 -0.019498 0.441609
vn -0.896996 -0.019498 0.441609
vn -0.896996 -0.019499 0.441608
vn -0.896996 -0.019499 0.441608
vn -0.896996 -0.019499 0.441608
vn -0.890510 -0.097661 0.444359
vn -0.890510 -0.097661 0.444359
vn -0.890510 -0.097661 0.444359
vn -0.890509 -0.097661 0.444360
vn -0.890509 -0.097661 0.444360
vn -0.890509 -0.097661 0.444360
vn -0.875014 -0.176475 0.450785
vn -0.875014 -0.176475 0.450785
vn -0.875014 -0.176475 0.450785
vn -0.875014 -0.176474 0.450786
vn -0.875014 -0.176474 0.450786
vn -0.875014 -0.176474 0.450786
vn -0.849635 -0.256341 0.460879
vn -0.849635 -0.256341 0.460879
vn -0.849635 -0.256341 0.460879
vn -0.849635 -0.256342 0.460878
vn -0.849635 -0.256342 0.460878
vn -0.849635 -0.256342 0.460878
vn -0.812971 -0.337423 0.474577
vn -0.812971 -0.337423 0.474577
vn -0.812971 -0.337423 0.474577
vn -0.812971 -0.337422 0.474578
vn -0.812971 -0.337422 0.474578
vn -0.812971 -0.337422 0.474578
vn -0.763090 -0.419454 0.491682
vn -0.763090 -0.419454 0.491682
vn -0.763090 -0.419454 0.491682
vn -0.763090 -0.419454 0.491683
vn -0.763090 -0.419454 0.491683
vn -0.763090 -0.419454 0.491683
vn -0.697611 -0.501478 0.511722
vn -0.697611 -0.501478 0.511722
vn -0.697611 -0.501478 0.511722
vn -0.697610 -0.501480 0.511721
vn -0.697610 -0.501480 0.511721
vn -0.697610 -0.501480 0.511721
vn -0.613956 -0.581493 0.533783
vn -0.613956 -0.581493 0.533783
vn -0.613956 -0.581493 0.533783
vn -0.613957 -0.581491 0.533784
vn -0.613957 -0.581491 0.533784
vn -0.613957 -0.581491 0.533784
vn -0.509934 -0.656097 0.556331
vn -0.509934 -0.656097 0.556331
vn -0.509934 -0.656097 0.556331
vn -0.509935 -0.656096 0.556331
vn -0.509935 -0.656096 0.556331
vn -0.509935 -0.656096 0.556331
vn -0.384733 -0.720366 0.577108
vn -0.384733 -0.720366 0.577108
vn -0.384733 -0.720366 0.577108
vn -0.384732 -0.720367 0.577107
vn -0.384732 -0.720367 0.577107
vn -0.384732 -0.720367 0.577107
vn -0.240189 -0.768288 0.593332
vn -0.240189 -0.768288 0.593332
vn -0.240189 -0.768288 0.593332
vn -0.240190 -0.768288 0.593332
vn -0.240190 -0.768288 0.593332
vn -0.240190 -0.768288 0.593332
vn -0.081760 -0.794071 0.602301
vn -0.081760 -0.794071 0.602301
vn -0.081760 -0.794071 0.602301
vn -0.081759 -0.794072 0.602300
vn -0.081759 -0.794072 0.602300
vn -0.081759 -0.794072 0.602300
vn 0.090893 -0.882782 0.460906
vn 0.090893 -0.882782 0.460906
vn 0.090893 -0.882782 0.460906
vn 0.090892 -0.882782 0.460906
vn 0.090892 -0.882782 0.460906
vn 0.090892 -0.882782 0.460906
vn 0.266096 -0.851155 0.452468
vn 0.266096 -0.851155 0.452468
vn 0.266096 -0.851155 0.452468
vn 0.266095 -0.851155 0.452469
vn 0.266095 -0.851155 0.452469
vn 0.266095 -0.851155 0.452469
vn 0.423639 -0.793216 0.437422
vn 0.423639 -0.793216 0.437422
vn 0.423639 -0.793216 0.437422
vn 0.423639 -0.793216 0.437422
vn 0.423639 -0.793216 0.437422
vn 0.423639 -0.793216 0.437422
vn 0.557332 -0.717079 0.418542
vn 0.557332 -0.717079 0.418542
vn 0.557332 -0.717079 0.418542
vn 0.557332 -0.717079 0.418542
vn 0.557332 -0.717079 0.418542
vn 0.557332 -0.717079 0.418542
vn 0.665899 -0.630686 0.398514
vn 0.665899 -0.630686 0.398514
vn 0.665899 -0.630686 0.398514
vn 0.665898 -0.630687 0.398515
vn 0.665898 -0.630687 0.398515
vn 0.665898 -0.630687 0.398515
vn 0.751285 -0.540064 0.379345
vn 0.751285 -0.540064 0.379345
vn 0.751285 -0.540064 0.379345
vn 0.751286 -0.540063 0.379343
vn 0.751286 -0.540063 0.379343
vn 0.751286 -0.540063 0.379343
vn 0.816808 -0.448981 0.362272
vn 0.816808 -0.448981 0.362272
vn 0.816808 -0.448981 0.362272
vn 0.816807 -0.448981 0.362273
vn 0.816807 -0.448981 0.362273
vn 0.816807 -0.448981 0.362273
vn 0.865897 -0.359389 0.347941
vn 0.865897 -0.359389 0.347941
vn 0.865897 -0.359389 0.347941
vn 0.865897 -0.359388 0.347939
vn 0.865897 -0.359388 0.347939
vn 0.865897 -0.359388 0.347939
vn 0.901506 -0.271992 0.336611
vn 0.901506 -0.271992 0.336611
vn 0.901506 -0.271992 0.336611
vn 0.901506 -0.271992 0.336610
vn 0.901506 -0.271992 0.336610
vn 0.901506 -0.271992 0.336610
vn 0.925915 -0.186740 0.328345
vn 0.925915 -0.186740 0.328345
vn 0.925915 -0.186740 0.328345
vn 0.925914 -0.186740 0.328345
vn 0.925914 -0.186740 0.328345
vn 0.925914 -0.186740 0.328345
vn 0.940718 -0.103167 0.323118
vn 0.940718 -0.103167 0.323118
vn 0.940718 -0.103167 0.323118
vn 0.940718 -0.103168 0.323120
vn 0.940718 -0.103168 0.323120
vn 0.940718 -0.103168 0.323120
vn 0.946893 -0.020584 0.320890
vn 0.946893 -0.020584 0.320890
vn 0.946893 -0.020584 0.320890
vn 0.946893 -0.020583 0.320889
vn 0.946893 -0.020583 0.320889
vn 0.946893 -0.020583 0.320889
vn 0.944846 0.061799 0.321631
vn 0.944846 0.061799 0.321631
vn 0.944846 0.061799 0.321631
vn 0.944847 0.061800 0.321630
vn 0.944847 0.061800 0.321630
vn 0.944847 0.061800 0.321630
vn 0.934442 0.144785 0.325354
vn 0.934442 0.144785 0.325354
vn 0.934442 0.144785 0.325354
vn 0.934442 0.144783 0.325356
vn 0.934442 0.144783 0.325356
vn 0.934442 0.144783 0.325356
vn 0.914995 0.229119 0.332097
vn 0.914995 0.229119 0.332097
vn 0.914995 0.229119 0.332097
vn 0.914995 0.229120 0.332096
vn 0.914995 0.229120 0.332096
vn 0.914995 0.229120 0.332096
vn 0.885228 0.315406 0.341893
vn 0.885228 0.315406 0.341893
vn 0.885228 0.315406 0.341893
vn 0.885228 0.315405 0.341894
vn 0.885228 0.315405 0.341894
vn 0.885228 0.315405 0.341894
vn 0.843207 0.403932 0.354742
vn 0.843207 0.403932 0.354742
vn 0.843207 0.403932 0.354742
vn 0.843207 0.403933 0.354741
vn 0.843207 0.403933 0.354741
vn 0.843207 0.403933 0.354741
vn 0.786309 0.494422 0.370494
vn 0.786309 0.494422 0.370494
vn 0.786309 0.494422 0.370494
vn 0.786309 0.494422 0.370493
vn 0.786309 0.494422 0.370493
vn 0.786309 0.494422 0.370493
vn 0.711297 0.585618 0.388726
vn 0.711297 0.585618 0.388726
vn 0.711297 0.585618 0.388726
vn 0.711297 0.585619 0.388725
vn 0.711297 0.585619 0.388725
vn 0.711297 0.585619 0.388725
vn 0.614685 0.674737 0.408525
vn 0.614685 0.674737 0.408525
vn 0.614685 0.674737 0.408525
vn 0.614686 0.674734 0.408528
vn 0.614686 0.674734 0.408528
vn 0.614686 0.674734 0.408528
vn 0.493648 0.756893 0.428282
vn 0.493648 0.756893 0.428282
vn 0.493648 0.756893 0.428282
vn 0.493647 0.756894 0.428281
vn 0.493647 0.756894 0.428281
vn 0.493647 0.756894 0.428281
vn 0.347589 0.824995 0.445606
vn 0.347589 0.824995 0.445606
vn 0.347589 0.824995 0.445606
vn 0.347588 0.824996 0.445605
vn 0.347588 0.824996 0.445605
vn 0.347588 0.824996 0.445605
vn 0.180103 0.870694 0.457662
vn 0.180103 0.870694 0.457662
vn 0.180103 0.870694 0.457662
vn 0.180104 0.870694 0.457663
vn 0.180104 0.870694 0.457663
vn 0.180104 0.870694 0.457663
vn 0.000000 0.886875 0.462009
vn 0.000000 0.886875 0.462009
vn 0.000000 0.886875 0.462009
vn 0.000000 0.886875 0.462009
vn -0.180103 0.870694 0.457663
vn -0.180103 0.870694 0.457663
vn -0.180103 0.870694 0.457663
vn -0.180104 0.870694 0.457662
vn -0.180104 0.870694 0.457662
vn -0.180104 0.870694 0.457662
vn -0.347589 0.824995 0.445605
vn -0.347589 0.824995 0.445605
vn -0.347589 0.824995 0.445605
vn -0.347588 0.824995 0.445606
vn -0.347588 0.824995 0.445606
vn -0.347588 0.824995 0.445606
vn -0.493648 0.756893 0.428281
vn -0.493648 0.756893 0.428281
vn -0.493648 0.756893 0.428281
vn -0.493646 0.756893 0.428282
vn -0.493646 0.756893 0.428282
vn -0.493646 0.756893 0.428282
vn -0.614684 0.674736 0.408528
vn -0.614684 0.674736 0.408528
vn -0.614684 0.674736 0.408528
vn -0.614687 0.674735 0.408525
vn -0.614687 0.674735 0.408525
vn -0.614687 0.674735 0.408525
vn -0.711297 0.585618 0.388725
vn -0.711297 0.585618 0.388725
vn -0.711297 0.585618 0.388725
vn -0.711297 0.585619 0.388726
vn -0.711297 0.585619 0.388726
vn -0.711297 0.585619 0.388726
vn -0.786309 0.494422 0.370493
vn -0.786309 0.494422 0.370493
vn -0.786309 0.494422 0.370493
vn -0.786308 0.494422 0.370494
vn -0.786308 0.494422 0.370494
vn -0.786308 0.494422 0.370494
vn -0.843207 0.403932 0.354740
vn -0.843207 0.403932 0.354740
vn -0.843207 0.403932 0.354740
vn -0.843206 0.403933 0.354742
vn -0.843206 0.403933 0.354742
vn -0.843206 0.403933 0.354742
vn -0.885227 0.315406 0.341895
vn -0.885227 0.315406 0.341895
vn -0.885227 0.315406 0.341895
vn -0.885228 0.315405 0.341893
vn -0.885228 0.315405 0.341893
vn -0.885228 0.315405 0.341893
vn -0.914996 0.229119 0.332095
vn -0.914996 0.229119 0.332095
vn -0.914996 0.229119 0.332095
vn -0.914995 0.229120 0.332097
vn -0.914995 0.229120 0.332097
vn -0.914995 0.229120 0.332097
vn -0.934441 0.144785 0.325356
vn -0.934441 0.144785 0.325356
vn -0.934441 0.144785 0.325356
vn -0.934443 0.144783 0.325354
vn -0.934443 0.144783 0.325354
vn -0.934443 0.144783 0.325354
vn -0.944847 0.061799 0.321630
vn -0.944847 0.061799 0.321630
vn -0.944847 0.061799 0.321630
vn -0.944846 0.061800 0.321631
vn -0.944846 0.061800 0.321631
vn -0.944846 0.061800 0.321631
vn -0.946893 -0.020584 0.320889
vn -0.946893 -0.020584 0.320889
vn -0.946893 -0.020584 0.320889
vn -0.946893 -0.020583 0.320890
vn -0.946893 -0.020583 0.320890
vn -0.946893 -0.020583 0.320890
vn -0.940718 -0.103167 0.323120
vn -0.940718 -0.103167 0.323120
vn -0.940718 -0.103167 0.323120
vn -0.940718 -0.103168 0.323118
vn -0.940718 -0.103168 0.323118
vn -0.940718 -0.103168 0.323118
vn -0.925915 -0.186740 0.328345
vn -0.925915 -0.186740 0.328345
vn -0.925915 -0.186740 0.328345
vn -0.925915 -0.186740 0.328345
vn -0.925915 -0.186740 0.328345
vn -0.925915 -0.186740 0.328345
vn -0.901506 -0.271992 0.336610
vn -0.901506 -0.271992 0.336610
vn -0.901506 -0.271992 0.336610
vn -0.901506 -0.271992 0.336611
vn -0.901506 -0.271992 0.336611
vn -0.901506 -0.271992 0.336611
vn -0.865897 -0.359389 0.347940
vn -0.865897 -0.359389 0.347940
vn -0.865897 -0.359389 0.347940
vn -0.865897 -0.359388 0.347941
vn -0.865897 -0.359388 0.347941
vn -0.865897 -0.359388 0.347941
vn -0.816808 -0.448981 0.362273
vn -0.816808 -0.448981 0.362273
vn -0.816808 -0.448981 0.362273
vn -0.816808 -0.448981 0.362272
vn -0.816808 -0.448981 0.362272
vn -0.816808 -0.448981 0.362272
vn -0.751285 -0.540064 0.379344
vn -0.751285 -0.540064 0.379344
vn -0.751285 -0.540064 0.379344
vn -0.751285 -0.540063 0.379345
vn -0.751285 -0.540063 0.379345
vn -0.751285 -0.540063 0.379345
vn -0.665899 -0.630686 0.398514
vn -0.665899 -0.630686 0.398514
vn -0.665899 -0.630686 0.398514
vn -0.665899 -0.630687 0.398514
vn -0.665899 -0.630687 0.398514
vn -0.665899 -0.630687 0.398514
vn -0.557332 -0.717079 0.418542
vn -0.557332 -0.717079 0.418542
vn -0.557332 -0.717079 0.418542
vn -0.557332 -0.717079 0.418542
vn -0.557332 -0.717079 0.418542
vn -0.557332 -0.717079 0.418542
vn -0.423639 -0.793216 0.437422
vn -0.423639 -0.793216 0.437422
vn -0.423639 -0.793216 0.437422
vn -0.423639 -0.793216 0.437422
vn -0.423639 -0.793216 0.437422
vn -0.423639 -0.793216 0.437422
vn -0.266096 -0.851155 0.452469
vn -0.266096 -0.851155 0.452469
vn -0.266096 -0.851155 0.452469
vn -0.266096 -0.851155 0.452468
vn -0.266096 -0.851155 0.452468
vn -0.266096 -0.851155 0.452468
vn -0.090893 -0.882782 0.460906
vn -0.090893 -0.882782 0.460906
vn -0.090893 -0.882782 0.460906
vn -0.090892 -0.882782 0.460906
vn -0.090892 -0.882782 0.460906
vn -0.090892 -0.882782 0.460906
vn 0.097983 -0.951647 0.291148
vn 0.097983 -0.951647 0.291148
vn 0.097983 -0.951647 0.291148
vn 0.097982 -0.951647 0.291149
vn 0.097982 -0.951647 0.291149
vn 0.097982 -0.951647 0.291149
vn 0.286014 -0.914867 0.284982
vn 0.286014 -0.914867 0.284982
vn 0.286014 -0.914867 0.284982
vn 0.286013 -0.914867 0.284982
vn 0.286013 -0.914867 0.284982
vn 0.286013 -0.914867 0.284982
vn 0.453055 -0.848293 0.274117
vn 0.453055 -0.848293 0.274117
vn 0.453055 -0.848293 0.274117
vn 0.453055 -0.848293 0.274117
vn 0.453055 -0.848293 0.274117
vn 0.453055 -0.848293 0.274117
vn 0.592447 -0.762259 0.260707
vn 0.592447 -0.762259 0.260707
vn 0.592447 -0.762259 0.260707
vn 0.592448 -0.762258 0.260706
vn 0.592448 -0.762258 0.260706
vn 0.592448 -0.762258 0.260706
vn 0.703595 -0.666390 0.246737
vn 0.703595 -0.666390 0.246737
vn 0.703595 -0.666390 0.246737
vn 0.703595 -0.666390 0.246737
vn 0.703595 -0.666390 0.246737
vn 0.703595 -0.666390 0.246737
vn 0.789512 -0.567542 0.233595
vn 0.789512 -0.567542 0.233595
vn 0.789512 -0.567542 0.233595
vn 0.789511 -0.567543 0.233597
vn 0.789511 -0.567543 0.233597
vn 0.789511 -0.567543 0.233597
vn 0.854454 -0.469675 0.222067
vn 0.854454 -0.469675 0.222067
vn 0.854454 -0.469675 0.222067
vn 0.854455 -0.469674 0.222066
vn 0.854455 -0.469674 0.222066
vn 0.854455 -0.469674 0.222066
vn 0.902512 -0.374585 0.212505
vn 0.902512 -0.374585 0.212505
vn 0.902512 -0.374585 0.212505
vn 0.902511 -0.374586 0.212507
vn 0.902511 -0.374586 0.212507
vn 0.902511 -0.374586 0.212507
vn 0.937038 -0.282712 0.205022
vn 0.937038 -0.282712 0.205022
vn 0.937038 -0.282712 0.205022
vn 0.937038 -0.282711 0.205021
vn 0.937038 -0.282711 0.205021
vn 0.937038 -0.282711 0.205021
vn 0.960537 -0.193723 0.199598
vn 0.960537 -0.193723 0.199598
vn 0.960537 -0.193723 0.199598
vn 0.960537 -0.193723 0.199598
vn 0.960537 -0.193723 0.199598
vn 0.960537 -0.193723 0.199598
vn 0.974723 -0.106898 0.196185
vn 0.974723 -0.106898 0.196185
vn 0.974723 -0.106898 0.196185
vn 0.974723 -0.106897 0.196184
vn 0.974723 -0.106897 0.196184
vn 0.974723 -0.106897 0.196184
vn 0.980625 -0.021316 0.194731
vn 0.980625 -0.021316 0.194731
vn 0.980625 -0.021316 0.194731
vn 0.980625 -0.021317 0.194732
vn 0.980625 -0.021317 0.194732
vn 0.980625 -0.021317 0.194732
vn 0.978669 0.064013 0.195216
vn 0.978669 0.064013 0.195216
vn 0.978669 0.064013 0.195216
vn 0.978669 0.064012 0.195216
vn 0.978669 0.064012 0.195216
vn 0.978669 0.064012 0.195216
vn 0.968715 0.150093 0.197644
vn 0.968715 0.150093 0.197644
vn 0.968715 0.150093 0.197644
vn 0.968715 0.150094 0.197642
vn 0.968715 0.150094 0.197642
vn 0.968715 0.150094 0.197642
vn 0.950042 0.237896 0.202054
vn 0.950042 0.237896 0.202054
vn 0.950042 0.237896 0.202054
vn 0.950042 0.237896 0.202054
vn 0.950042 0.237896 0.202054
vn 0.950042 0.237896 0.202054
vn 0.921290 0.328254 0.208503
vn 0.921290 0.328254 0.208503
vn 0.921290 0.328254 0.208503
vn 0.921290 0.328254 0.208503
vn 0.921290 0.328254 0.208503
vn 0.921290 0.328254 0.208503
vn 0.880363 0.421733 0.217030
vn 0.880363 0.421733 0.217030
vn 0.880363 0.421733 0.217030
vn 0.880364 0.421732 0.217030
vn 0.880364 0.421732 0.217030
vn 0.880364 0.421732 0.217030
vn 0.824335 0.518333 0.227600
vn 0.824335 0.518333 0.227600
vn 0.824335 0.518333 0.227600
vn 0.824336 0.518333 0.227601
vn 0.824336 0.518333 0.227601
vn 0.824336 0.518333 0.227601
vn 0.749448 0.617030 0.240003
vn 0.749448 0.617030 0.240003
vn 0.749448 0.617030 0.240003
vn 0.749448 0.617030 0.240003
vn 0.749448 0.617030 0.240003
vn 0.749448 0.617030 0.240003
vn 0.651416 0.715051 0.253691
vn 0.651416 0.715051 0.253691
vn 0.651416 0.715051 0.253691
vn 0.651416 0.715051 0.253692
vn 0.651416 0.715051 0.253692
vn 0.651416 0.715051 0.253692
vn 0.526361 0.807054 0.267596
vn 0.526361 0.807054 0.267596
vn 0.526361 0.807054 0.267596
vn 0.526361 0.807055 0.267595
vn 0.526361 0.807055 0.267595
vn 0.526361 0.807055 0.267595
vn 0.372736 0.884683 0.280007
vn 0.372736 0.884683 0.280007
vn 0.372736 0.884683 0.280007
vn 0.372737 0.884682 0.280008
vn 0.372737 0.884682 0.280008
vn 0.372737 0.884682 0.280008
vn 0.193933 0.937550 0.288774
vn 0.193933 0.937550 0.288774
vn 0.193933 0.937550 0.288774
vn 0.193933 0.937550 0.288774
vn 0.193933 0.937550 0.288774
vn 0.193933 0.937550 0.288774
vn 0.000000 0.956430 0.291961
vn 0.000000 0.956430 0.291961
vn 0.000000 0.956430 0.291961
vn 0.000000 0.956430 0.291961
vn -0.193933 0.937550 0.288774
vn -0.193933 0.937550 0.288774
vn -0.193933 0.937550 0.288774
vn -0.193933 0.937550 0.288774
vn -0.193933 0.937550 0.288774
vn -0.193933 0.937550 0.288774
vn -0.372736 0.884683 0.280008
vn -0.372736 0.884683 0.280008
vn -0.372736 0.884683 0.280008
vn -0.372737 0.884683 0.280007
vn -0.372737 0.884683 0.280007
vn -0.372737 0.884683 0.280007
vn -0.526361 0.807054 0.267595
vn -0.526361 0.807054 0.267595
vn -0.526361 0.807054 0.267595
vn -0.526361 0.807054 0.267596
vn -0.526361 0.807054 0.267596
vn -0.526361 0.807054 0.267596
vn -0.651416 0.715051 0.253692
vn -0.651416 0.715051 0.253692
vn -0.651416 0.715051 0.253692
vn -0.651416 0.715051 0.253691
vn -0.651416 0.715051 0.253691
vn -0.651416 0.715051 0.253691
vn -0.749448 0.617030 0.240003
vn -0.749448 0.617030 0.240003
vn -0.749448 0.617030 0.240003
vn -0.749448 0.617030 0.240003
vn -0.749448 0.617030 0.240003
vn -0.749448 0.617030 0.240003
vn -0.824335 0.518333 0.227601
vn -0.824335 0.518333 0.227601
vn -0.824335 0.518333 0.227601
vn -0.824336 0.518333 0.227600
vn -0.824336 0.518333 0.227600
vn -0.824336 0.518333 0.227600
vn -0.880363 0.421733 0.217030
vn -0.880363 0.421733 0.217030
vn -0.880363 0.421733 0.217030
vn -0.880364 0.421732 0.217030
vn -0.880364 0.421732 0.217030
vn -0.880364 0.421732 0.217030
vn -0.921290 0.328254 0.208503
vn -0.921290 0.328254 0.208503
vn -0.921290 0.328254 0.208503
vn -0.921290 0.328254 0.208503
vn -0.921290 0.328254 0.208503
vn -0.921290 0.328254 0.208503
vn -0.950042 0.237896 0.202054
vn -0.950042 0.237896 0.202054
vn -0.950042 0.237896 0.202054
vn -0.950042 0.237896 0.202054
vn -0.950042 0.237896 0.202054
vn -0.950042 0.237896 0.202054
vn -0.968715 0.150093 0.197642
vn -0.968715 0.150093 0.197642
vn -0.968715 0.150093 0.197642
vn -0.968715 0.150094 0.197644
vn -0.968715 0.150094 0.197644
vn -0.968715 0.150094 0.197644
vn -0.978669 0.064013 0.195216
vn -0.978669 0.064013 0.195216
vn -0.978669 0.064013 0.195216
vn -0.978669 0.064012 0.195216
vn -0.978669 0.064012 0.195216
vn -0.978669 0.064012 0.195216
vn -0.980625 -0.021316 0.194732
vn -0.980625 -0.021316 0.194732
vn -0.980625 -0.021316 0.194732
vn -0.980625 -0.021317 0.194731
vn -0.980625 -0.021317 0.194731
vn -0.980625 -0.021317 0.194731
vn -0.974723 -0.106898 0.196184
vn -0.974723 -0.106898 0.196184
vn -0.974723 -0.106898 0.196184
vn -0.974723 -0.106897 0.196185
vn -0.974723 -0.106897 0.196185
vn -0.974723 -0.106897 0.196185
vn -0.960537 -0.193723 0.199598
vn -0.960537 -0.193723 0.199598
vn -0.960537 -0.193723 0.199598
vn -0.960537 -0.193723 0.199598
vn -0.960537 -0.193723 0.199598
vn -0.960537 -0.193723 0.199598
vn -0.937038 -0.282712 0.205021
vn -0.937038 -0.282712 0.205021
vn -0.937038 -0.282712 0.205021
vn -0.937038 -0.282711 0.205022
vn -0.937038 -0.282711 0.205022
vn -0.937038 -0.282711 0.205022
vn -0.902512 -0.374585 0.212507
vn -0.902512 -0.374585 0.212507
vn -0.902512 -0.374585 0.212507
vn -0.902511 -0.374586 0.212505
vn -0.902511 -0.374586 0.212505
vn -0.902511 -0.374586 0.212505
vn -0.854454 -0.469675 0.222066
vn -0.854454 -0.469675 0.222066
vn -0.854454 -0.469675 0.222066
vn -0.854454 -0.469674 0.222067
vn -0.854454 -0.469674 0.222067
vn -0.854454 -0.469674 0.222067
vn -0.789512 -0.567542 0.233597
vn -0.789512 -0.567542 0.233597
vn -0.789512 -0.567542 0.233597
vn -0.789511 -0.567543 0.233595
vn -0.789511 -0.567543 0.233595
vn -0.789511 -0.567543 0.233595
vn -0.703595 -0.666390 0.246737
vn -0.703595 -0.666390 0.246737
vn -0.703595 -0.666390 0.246737
vn -0.703595 -0.666390 0.246737
vn -0.703595 -0.666390 0.246737
vn -0.703595 -0.666390 0.246737
vn -0.592447 -0.762259 0.260706
vn -0.592447 -0.762259 0.260706
vn -0.592447 -0.762259 0.260706
vn -0.592448 -0.762258 0.260707
vn -0.592448 -0.762258 0.260707
vn -0.592448 -0.762258 0.260707
vn -0.453055 -0.848293 0.274117
vn -0.453055 -0.848293 0.274117
vn -0.453055 -0.848293 0.274117
vn -0.453055 -0.848293 0.274117
vn -0.453055 -0.848293 0.274117
vn -0.453055 -0.848293 0.274117
vn -0.286013 -0.914867 0.284982
vn -0.286013 -0.914867 0.284982
vn -0.286013 -0.914867 0.284982
vn -0.286013 -0.914867 0.284982
vn -0.286013 -0.914867 0.284982
vn -0.286013 -0.914867 0.284982
vn -0.097983 -0.951647 0.291149
vn -0.097983 -0.951647 0.291149
vn -0.097983 -0.951647 0.291149
vn -0.097982 -0.951647 0.291148
vn -0.097982 -0.951647 0.291148
vn -0.097982 -0.951647 0.291148
vn 0.004384 -0.042575 0.999084
vn 0.004384 -0.042575 0.999084
vn 0.004384 -0.042575 0.999084
vn 0.013072 -0.041813 0.999040
vn 0.013072 -0.041813 0.999040
vn 0.013072 -0.041813 0.999040
vn 0.021526 -0.040304 0.998956
vn 0.021526 -0.040304 0.998956
vn 0.021526 -0.040304 0.998956
vn 0.029593 -0.038075 0.998837
vn 0.029593 -0.038075 0.998837
vn 0.029593 -0.038075 0.998837
vn 0.037129 -0.035165 0.998692
vn 0.037129 -0.035165 0.998692
vn 0.037129 -0.035165 0.998692
vn 0.043999 -0.031629 0.998531
vn 0.043999 -0.031629 0.998531
vn 0.043999 -0.031629 0.998531
vn 0.050083 -0.027529 0.998366
vn 0.050083 -0.027529 0.998366
vn 0.050083 -0.027529 0.998366
vn 0.055271 -0.022940 0.998208
vn 0.055271 -0.022940 0.998208
vn 0.055271 -0.022940 0.998208
vn 0.059472 -0.017943 0.998069
vn 0.059472 -0.017943 0.998069
vn 0.059472 -0.017943 0.998069
vn 0.062613 -0.012628 0.997958
vn 0.062613 -0.012628 0.997958
vn 0.062613 -0.012628 0.997958
vn 0.064638 -0.007089 0.997884
vn 0.064638 -0.007089 0.997884
vn 0.064638 -0.007089 0.997884
vn 0.065513 -0.001424 0.997851
vn 0.065513 -0.001424 0.997851
vn 0.065513 -0.001424 0.997851
vn 0.065221 0.004266 0.997862
vn 0.065221 0.004266 0.997862
vn 0.065221 0.004266 0.997862
vn 0.063768 0.009880 0.997916
vn 0.063768 0.009880 0.997916
vn 0.063768 0.009880 0.997916
vn 0.061179 0.015320 0.998009
vn 0.061179 0.015320 0.998009
vn 0.061179 0.015320 0.998009
vn 0.052795 0.025291 0.998285
vn 0.052795 0.025291 0.998285
vn 0.052795 0.025291 0.998285
vn 0.047147 0.029645 0.998448
vn 0.047147 0.029645 0.998448
vn 0.047147 0.029645 0.998448
vn 0.040655 0.033472 0.998612
vn 0.040655 0.033472 0.998612
vn 0.040655 0.033472 0.998612
vn 0.033436 0.036702 0.998767
vn 0.033436 0.036702 0.998767
vn 0.033436 0.036702 0.998767
vn 0.025617 0.039277 0.998900
vn 0.025617 0.039277 0.998900
vn 0.025617 0.039277 0.998900
vn 0.017338 0.041151 0.999003
vn 0.017338 0.041151 0.999003
vn 0.017338 0.041151 0.999003
vn 0.008748 0.042289 0.999067
vn 0.008748 0.042289 0.999067
vn 0.008748 0.042289 0.999067
vn -0.000000 0.042671 0.999089
vn -0.000000 0.042671 0.999089
vn -0.000000 0.042671 0.999089
vn -0.008748 0.042289 0.999067
vn -0.008748 0.042289 0.999067
vn -0.008748 0.042289 0.999067
vn -0.017338 0.041151 0.999003
vn -0.017338 0.041151 0.999003
vn -0.017338 0.041151 0.999003
vn -0.025617 0.039277 0.998900
vn -0.025617 0.039277 0.998900
vn -0.025617 0.039277 0.998900
vn -0.033436 0.036702 0.998767
vn -0.033436 0.036702 0.998767
vn -0.033436 0.036702 0.998767
vn -0.040655 0.033472 0.998612
vn -0.040655 0.033472 0.998612
vn -0.040655 0.033472 0.998612
vn -0.047147 0.029645 0.998448
vn -0.047147 0.029645 0.998448
vn -0.047147 0.029645 0.998448
vn -0.052795 0.025291 0.998285
vn -0.052795 0.025291 0.998285
vn -0.052795 0.025291 0.998285
vn -0.061179 0.015320 0.998009
vn -0.061179 0.015320 0.998009
vn -0.061179 0.015320 0.998009
vn -0.063768 0.009880 0.997916
vn -0.063768 0.009880 0.997916
vn -0.063768 0.009880 0.997916
vn -0.065221 0.004266 0.997862
vn -0.065221 0.004266 0.997862
vn -0.065221 0.004266 0.997862
vn -0.065513 -0.001424 0.997851
vn -0.065513 -0.001424 0.997851
vn -0.065513 -0.001424 0.997851
vn -0.064638 -0.007089 0.997884
vn -0.064638 -0.007089 0.997884
vn -0.064638 -0.007089 0.997884
vn -0.062613 -0.012628 0.997958
vn -0.062613 -0.012628 0.997958
vn -0.062613 -0.012628 0.997958
vn -0.059472 -0.017943 0.998069
vn -0.059472 -0.017943 0.998069
vn -0.059472 -0.017943 0.998069
vn -0.055271 -0.022940 0.998208
vn -0.055271 -0.022940 0.998208
vn -0.055271 -0.022940 0.998208
vn -0.050083 -0.027529 0.998366
vn -0.050083 -0.027529 0.998366
vn -0.050083 -0.027529 0.998366
vn -0.043999 -0.031629 0.998531
vn -0.043999 -0.031629 0.998531
vn -0.043999 -0.031629 0.998531
vn -0.037129 -0.035165 0.998692
vn -0.037129 -0.035165 0.998692
vn -0.037129 -0.035165 0.998692
vn -0.029593 -0.038075 0.998837
vn -0.029593 -0.038075 0.998837
vn -0.029593 -0.038075 0.998837
vn -0.021526 -0.040304 0.998956
vn -0.021526 -0.040304 0.998956
vn -0.021526 -0.040304 0.998956
vn -0.013072 -0.041813 0.999040
vn -0.013072 -0.041813 0.999040
vn -0.013072 -0.041813 0.999040
vn -0.004384 -0.042575 0.999084
vn -0.004384 -0.042575 0.999084
vn -0.004384 -0.042575 0.999084
vn -0.990964 -0.108678 0.078615
vn -0.990964 -0.108678 0.078615
vn -0.990964 -0.108678 0.078615
vn -0.989976 -0.130827 0.053215
vn -0.989976 -0.130827 0.053215
vn -0.989976 -0.130827 0.053215
vn -0.977118 -0.197067 0.080030
vn -0.977118 -0.197067 0.080030
vn -0.977118 -0.197067 0.080030
vn -0.974011 -0.219893 0.054312
vn -0.974011 -0.219893 0.054312
vn -0.974011 -0.219893 0.054312
vn -0.954129 -0.287868 0.082283
vn -0.954129 -0.287868 0.082283
vn -0.954129 -0.287868 0.082283
vn -0.948550 -0.311638 0.055983
vn -0.948550 -0.311638 0.055983
vn -0.948550 -0.311638 0.055983
vn -0.920232 -0.381941 0.085405
vn -0.920232 -0.381941 0.085405
vn -0.920232 -0.381941 0.085405
vn -0.911627 -0.406870 0.058247
vn -0.911627 -0.406870 0.058247
vn -0.911627 -0.406870 0.058247
vn -0.872825 -0.479773 0.089410
vn -0.872825 -0.479773 0.089410
vn -0.872825 -0.479773 0.089410
vn -0.860398 -0.505945 0.061109
vn -0.860398 -0.505945 0.061109
vn -0.860398 -0.505945 0.061109
vn -0.808360 -0.581092 0.094271
vn -0.808360 -0.581092 0.094271
vn -0.808360 -0.581092 0.094271
vn -0.791054 -0.608333 0.064543
vn -0.791054 -0.608333 0.064543
vn -0.791054 -0.608333 0.064543
vn -0.722413 -0.684213 0.099855
vn -0.722413 -0.684213 0.099855
vn -0.722413 -0.684213 0.099855
vn -0.698968 -0.711872 0.068428
vn -0.698968 -0.711872 0.068428
vn -0.698968 -0.711872 0.068428
vn -0.610223 -0.785128 0.105843
vn -0.610223 -0.785128 0.105843
vn -0.610223 -0.785128 0.105843
vn -0.579417 -0.811799 0.072509
vn -0.579417 -0.811799 0.072509
vn -0.579417 -0.811799 0.072509
vn -0.468154 -0.876565 0.111646
vn -0.468154 -0.876565 0.111646
vn -0.468154 -0.876565 0.111646
vn -0.429357 -0.899903 0.076338
vn -0.429357 -0.899903 0.076338
vn -0.429357 -0.899903 0.076338
vn -0.296358 -0.947958 0.116390
vn -0.296358 -0.947958 0.116390
vn -0.296358 -0.947958 0.116390
vn -0.250337 -0.964907 0.079282
vn -0.250337 -0.964907 0.079282
vn -0.250337 -0.964907 0.079282
vn -0.101690 -0.987661 0.119101
vn -0.101690 -0.987661 0.119101
vn -0.101690 -0.987661 0.119101
vn -0.051188 -0.995424 0.080696
vn -0.051188 -0.995424 0.080696
vn -0.051188 -0.995424 0.080696
vn 0.101690 -0.987661 0.119101
vn 0.101690 -0.987661 0.119101
vn 0.101690 -0.987661 0.119101
vn 0.152420 -0.985055 0.080212
vn 0.152420 -0.985055 0.080212
vn 0.152420 -0.985055 0.080212
vn 0.296358 -0.947958 0.116389
vn 0.296358 -0.947958 0.116389
vn 0.296358 -0.947958 0.116389
vn 0.343105 -0.936056 0.077962
vn 0.343105 -0.936056 0.077962
vn 0.343105 -0.936056 0.077962
vn 0.468155 -0.876565 0.111644
vn 0.468155 -0.876565 0.111644
vn 0.468155 -0.876565 0.111644
vn 0.508250 -0.857982 0.074490
vn 0.508250 -0.857982 0.074490
vn 0.508250 -0.857982 0.074490
vn 0.610223 -0.785128 0.105842
vn 0.610223 -0.785128 0.105842
vn 0.610223 -0.785128 0.105842
vn 0.642884 -0.762715 0.070467
vn 0.642884 -0.762715 0.070467
vn 0.642884 -0.762715 0.070467
vn 0.722413 -0.684213 0.099855
vn 0.722413 -0.684213 0.099855
vn 0.722413 -0.684213 0.099855
vn 0.748161 -0.660183 0.066440
vn 0.748161 -0.660183 0.066440
vn 0.748161 -0.660183 0.066440
vn 0.808359 -0.581092 0.094272
vn 0.808359 -0.581092 0.094272
vn 0.808359 -0.581092 0.094272
vn 0.828264 -0.556812 0.062760
vn 0.828264 -0.556812 0.062760
vn 0.828264 -0.556812 0.062760
vn 0.872825 -0.479772 0.089411
vn 0.872825 -0.479772 0.089411
vn 0.872825 -0.479772 0.089411
vn 0.888016 -0.455932 0.059605
vn 0.888016 -0.455932 0.059605
vn 0.888016 -0.455932 0.059605
vn 0.920232 -0.381941 0.085405
vn 0.920232 -0.381941 0.085405
vn 0.920232 -0.381941 0.085405
vn 0.931677 -0.358782 0.057041
vn 0.931677 -0.358782 0.057041
vn 0.931677 -0.358782 0.057041
vn 0.954129 -0.287868 0.082284
vn 0.954129 -0.287868 0.082284
vn 0.954129 -0.287868 0.082284
vn 0.962571 -0.265373 0.055075
vn 0.962571 -0.265373 0.055075
vn 0.962571 -0.265373 0.055075
vn 0.977118 -0.197067 0.080030
vn 0.977118 -0.197067 0.080030
vn 0.977118 -0.197067 0.080030
vn 0.983088 -0.175086 0.053694
vn 0.983088 -0.175086 0.053694
vn 0.983088 -0.175086 0.053694
vn 0.990963 -0.108678 0.078616
vn 0.990963 -0.108678 0.078616
vn 0.990963 -0.108678 0.078616
vn 0.994806 -0.086984 0.052875
vn 0.994806 -0.086984 0.052875
vn 0.994806 -0.086984 0.052875
vn 0.996717 -0.021666 0.078014
vn 0.996717 -0.021666 0.078014
vn 0.996717 -0.021666 0.078014
vn 0.998616 -0.000000 0.052603
vn 0.998616 -0.000000 0.052603
vn 0.998616 -0.000000 0.052603
vn 0.994811 0.065068 0.078214
vn 0.994811 0.065068 0.078214
vn 0.994811 0.065068 0.078214
vn 0.994806 0.086984 0.052874
vn 0.994806 0.086984 0.052874
vn 0.994806 0.086984 0.052874
vn 0.985103 0.152633 0.079220
vn 0.985103 0.152633 0.079220
vn 0.985103 0.152633 0.079220
vn 0.983088 0.175086 0.053693
vn 0.983088 0.175086 0.053693
vn 0.983088 0.175086 0.053693
vn 0.966858 0.242107 0.081050
vn 0.966858 0.242107 0.081050
vn 0.966858 0.242107 0.081050
vn 0.962571 0.265373 0.055076
vn 0.962571 0.265373 0.055076
vn 0.962571 0.265373 0.055076
vn 0.938685 0.334452 0.083735
vn 0.938685 0.334452 0.083735
vn 0.938685 0.334452 0.083735
vn 0.931677 0.358782 0.057040
vn 0.931677 0.358782 0.057040
vn 0.931677 0.358782 0.057040
vn 0.898416 0.430380 0.087298
vn 0.898416 0.430380 0.087298
vn 0.898416 0.430380 0.087298
vn 0.888016 0.455932 0.059605
vn 0.888016 0.455932 0.059605
vn 0.888016 0.455932 0.059605
vn 0.842984 0.530059 0.091740
vn 0.842984 0.530059 0.091740
vn 0.842984 0.530059 0.091740
vn 0.828264 0.556812 0.062760
vn 0.828264 0.556812 0.062760
vn 0.828264 0.556812 0.062760
vn 0.768373 0.632611 0.096987
vn 0.768373 0.632611 0.096987
vn 0.768373 0.632611 0.096987
vn 0.748161 0.660183 0.066439
vn 0.748161 0.660183 0.066439
vn 0.748161 0.660183 0.066439
vn 0.669878 0.735316 0.102827
vn 0.669878 0.735316 0.102827
vn 0.669878 0.735316 0.102827
vn 0.642885 0.762715 0.070465
vn 0.642885 0.762715 0.070465
vn 0.642885 0.762715 0.070465
vn 0.543039 0.832627 0.108814
vn 0.543039 0.832627 0.108814
vn 0.543039 0.832627 0.108814
vn 0.508250 0.857982 0.074490
vn 0.508250 0.857982 0.074490
vn 0.508250 0.857982 0.074490
vn 0.385727 0.915516 0.114211
vn 0.385727 0.915516 0.114211
vn 0.385727 0.915516 0.114211
vn 0.343105 0.936056 0.077963
vn 0.343105 0.936056 0.077963
vn 0.343105 0.936056 0.077963
vn 0.201146 0.972421 0.118054
vn 0.201146 0.972421 0.118054
vn 0.201146 0.972421 0.118054
vn 0.152420 0.985055 0.080213
vn 0.152420 0.985055 0.080213
vn 0.152420 0.985055 0.080213
vn 0.000000 0.992839 0.119458
vn 0.000000 0.992839 0.119458
vn 0.000000 0.992839 0.119458
vn -0.051188 0.995424 0.080696
vn -0.051188 0.995424 0.080696
vn -0.051188 0.995424 0.080696
vn -0.201146 0.972421 0.118055
vn -0.201146 0.972421 0.118055
vn -0.201146 0.972421 0.118055
vn -0.250337 0.964907 0.079282
vn -0.250337 0.964907 0.079282
vn -0.250337 0.964907 0.079282
vn -0.385727 0.915516 0.114213
vn -0.385727 0.915516 0.114213
vn -0.385727 0.915516 0.114213
vn -0.429357 0.899903 0.076339
vn -0.429357 0.899903 0.076339
vn -0.429357 0.899903 0.076339
vn -0.543039 0.832627 0.108816
vn -0.543039 0.832627 0.108816
vn -0.543039 0.832627 0.108816
vn -0.579417 0.811799 0.072509
vn -0.579417 0.811799 0.072509
vn -0.579417 0.811799 0.072509
vn -0.669878 0.735316 0.102827
vn -0.669878 0.735316 0.102827
vn -0.669878 0.735316 0.102827
vn -0.698968 0.711872 0.068427
vn -0.698968 0.711872 0.068427
vn -0.698968 0.711872 0.068427
vn -0.768373 0.632611 0.096987
vn -0.768373 0.632611 0.096987
vn -0.768373 0.632611 0.096987
vn -0.791054 0.608333 0.064542
vn -0.791054 0.608333 0.064542
vn -0.791054 0.608333 0.064542
vn -0.842984 0.530059 0.091739
vn -0.842984 0.530059 0.091739
vn -0.842984 0.530059 0.091739
vn -0.860398 0.505945 0.061110
vn -0.860398 0.505945 0.061110
vn -0.860398 0.505945 0.061110
vn -0.898416 0.430380 0.087296
vn -0.898416 0.430380 0.087296
vn -0.898416 0.430380 0.087296
vn -0.911627 0.406870 0.058247
vn -0.911627 0.406870 0.058247
vn -0.911627 0.406870 0.058247
vn -0.938685 0.334452 0.083734
vn -0.938685 0.334452 0.083734
vn -0.938685 0.334452 0.083734
vn -0.948550 0.311638 0.055983
vn -0.948550 0.311638 0.055983
vn -0.948550 0.311638 0.055983
vn -0.966858 0.242107 0.081050
vn -0.966858 0.242107 0.081050
vn -0.966858 0.242107 0.081050
vn -0.974011 0.219893 0.054312
vn -0.974011 0.219893 0.054312
vn -0.974011 0.219893 0.054312
vn -0.985103 0.152633 0.079219
vn -0.985103 0.152633 0.079219
vn -0.985103 0.152633 0.079219
vn -0.989976 0.130827 0.053214
vn -0.989976 0.130827 0.053214
vn -0.989976 0.130827 0.053214
vn -0.994811 0.065068 0.078213
vn -0.994811 0.065068 0.078213
vn -0.994811 0.065068 0.078213
vn -0.997667 0.043422 0.052670
vn -0.997667 0.043422 0.052670
vn -0.997667 0.043422 0.052670
vn -0.996717 -0.021666 0.078013
vn -0.996717 -0.021666 0.078013
vn -0.996717 -0.021666 0.078013
vn -0.997667 -0.043422 0.052671
vn -0.997667 -0.043422 0.052671
vn -0.997667 -0.043422 0.052671
vn -0.911853 -0.338217 -0.232666
vn -0.911853 -0.338217 -0.232666
vn -0.911853 -0.338217 -0.232666
vn -0.928957 -0.348521 -0.124788
vn -0.928957 -0.348521 -0.124788
vn -0.928957 -0.348521 -0.124788
vn -0.903294 -0.262935 -0.339006
vn -0.903294 -0.262935 -0.339006
vn -0.903294 -0.262935 -0.339006
vn -0.880347 -0.279109 -0.383520
vn -0.880347 -0.279109 -0.383520
vn -0.880347 -0.279109 -0.383520
vn -0.623289 -0.021647 -0.781692
vn -0.623289 -0.021647 -0.781692
vn -0.623289 -0.021647 -0.781692
vn -0.589717 -0.029796 -0.807060
vn -0.589717 -0.029796 -0.807060
vn -0.589717 -0.029796 -0.807060
vn -0.247213 0.098919 -0.963899
vn -0.247213 0.098919 -0.963899
vn -0.247213 0.098919 -0.963899
vn -0.231568 0.100263 -0.967638
vn -0.231568 0.100263 -0.967638
vn -0.231568 0.100263 -0.967638
vn -0.231188 0.094378 -0.968321
vn -0.231188 0.094378 -0.968321
vn -0.231188 0.094378 -0.968321
vn 0.000945 0.117402 -0.993084
vn 0.000945 0.117402 -0.993084
vn 0.000945 0.117402 -0.993084
vn 0.001169 0.117320 -0.993093
vn 0.001169 0.117320 -0.993093
vn 0.001169 0.117320 -0.993093
vn 0.077618 0.116328 -0.990173
vn 0.077618 0.116328 -0.990173
vn 0.077618 0.116328 -0.990173
vn 0.083283 0.114066 -0.989976
vn 0.083283 0.114066 -0.989976
vn 0.083283 0.114066 -0.989976
vn 0.154567 0.110922 -0.981736
vn 0.154567 0.110922 -0.981736
vn 0.154567 0.110922 -0.981736
vn 0.248204 0.093388 -0.964196
vn 0.248204 0.093388 -0.964196
vn 0.248204 0.093388 -0.964196
vn 0.744769 -0.114947 -0.657349
vn 0.744769 -0.114947 -0.657349
vn 0.744769 -0.114947 -0.657349
vn 0.774208 -0.125471 -0.620371
vn 0.774208 -0.125471 -0.620371
vn 0.774208 -0.125471 -0.620371
vn 0.796428 -0.157645 -0.583824
vn 0.796428 -0.157645 -0.583824
vn 0.796428 -0.157645 -0.583824
vn 0.821517 -0.167680 -0.544971
vn 0.821517 -0.167680 -0.544971
vn 0.821517 -0.167680 -0.544971
vn 0.838953 -0.200658 -0.505861
vn 0.838953 -0.200658 -0.505861
vn 0.838953 -0.200658 -0.505861
vn 0.860267 -0.210123 -0.464531
vn 0.860267 -0.210123 -0.464531
vn 0.860267 -0.210123 -0.464531
vn 0.921306 -0.352859 -0.163358
vn 0.921306 -0.352859 -0.163358
vn 0.921306 -0.352859 -0.163358
vn 0.823528 -0.277625 -0.494698
vn 0.823528 -0.277625 -0.494698
vn 0.823528 -0.277625 -0.494698
vn 0.853467 -0.320589 -0.410873
vn 0.853467 -0.320589 -0.410873
vn 0.853467 -0.320589 -0.410873
vn 0.837198 -0.313383 -0.448208
vn 0.837198 -0.313383 -0.448208
vn 0.837198 -0.313383 -0.448208
vn 0.859929 -0.294213 -0.417087
vn 0.859929 -0.294213 -0.417087
vn 0.859929 -0.294213 -0.417087
vn 0.719170 -0.152316 -0.677934
vn 0.719170 -0.152316 -0.677934
vn 0.719170 -0.152316 -0.677934
vn 0.696480 -0.171274 -0.696836
vn 0.696480 -0.171274 -0.696836
vn 0.696480 -0.171274 -0.696836
vn 0.747691 -0.239187 -0.619474
vn 0.747691 -0.239187 -0.619474
vn 0.747691 -0.239187 -0.619474
vn 0.771954 -0.226247 -0.594053
vn 0.771954 -0.226247 -0.594053
vn 0.771954 -0.226247 -0.594053
vn 0.793654 -0.264469 -0.547878
vn 0.793654 -0.264469 -0.547878
vn 0.793654 -0.264469 -0.547878
vn 0.817167 -0.245799 -0.521365
vn 0.817167 -0.245799 -0.521365
vn 0.817167 -0.245799 -0.521365
vn 0.838248 -0.284246 -0.465344
vn 0.838248 -0.284246 -0.465344
vn 0.838248 -0.284246 -0.465344
vn 0.663749 -0.087532 -0.742816
vn 0.663749 -0.087532 -0.742816
vn 0.663749 -0.087532 -0.742816
vn 0.651224 -0.104597 -0.751643
vn 0.651224 -0.104597 -0.751643
vn 0.651224 -0.104597 -0.751643
vn 0.855865 -0.263354 -0.445129
vn 0.855865 -0.263354 -0.445129
vn 0.855865 -0.263354 -0.445129
vn 0.872381 -0.343370 -0.347920
vn 0.872381 -0.343370 -0.347920
vn 0.872381 -0.343370 -0.347920
vn 0.882533 -0.333774 -0.331255
vn 0.882533 -0.333774 -0.331255
vn 0.882533 -0.333774 -0.331255
vn 0.871906 -0.328895 -0.362778
vn 0.871906 -0.328895 -0.362778
vn 0.871906 -0.328895 -0.362778
vn 0.888507 -0.307926 -0.340200
vn 0.888507 -0.307926 -0.340200
vn 0.888507 -0.307926 -0.340200
vn 0.874513 -0.301108 -0.380213
vn 0.874513 -0.301108 -0.380213
vn 0.874513 -0.301108 -0.380213
vn 0.887440 -0.278597 -0.367198
vn 0.887440 -0.278597 -0.367198
vn 0.887440 -0.278597 -0.367198
vn -0.912962 -0.358861 -0.194215
vn -0.912962 -0.358861 -0.194215
vn -0.912962 -0.358861 -0.194215
vn -0.919012 -0.321370 -0.228336
vn -0.919012 -0.321370 -0.228336
vn -0.919012 -0.321370 -0.228336
vn -0.889478 -0.255668 -0.378765
vn -0.889478 -0.255668 -0.378765
vn -0.889478 -0.255668 -0.378765
vn -0.863143 -0.270637 -0.426310
vn -0.863143 -0.270637 -0.426310
vn -0.863143 -0.270637 -0.426310
vn -0.737316 -0.138195 -0.661262
vn -0.737316 -0.138195 -0.661262
vn -0.737316 -0.138195 -0.661262
vn -0.592778 -0.013859 -0.805247
vn -0.592778 -0.013859 -0.805247
vn -0.592778 -0.013859 -0.805247
vn -0.563666 -0.006617 -0.825976
vn -0.563666 -0.006617 -0.825976
vn -0.563666 -0.006617 -0.825976
vn -0.559480 -0.021635 -0.828562
vn -0.559480 -0.021635 -0.828562
vn -0.559480 -0.021635 -0.828562
vn -0.164060 0.109810 -0.980319
vn -0.164060 0.109810 -0.980319
vn -0.164060 0.109810 -0.980319
vn -0.153308 0.106511 -0.982421
vn -0.153308 0.106511 -0.982421
vn -0.153308 0.106511 -0.982421
vn -0.153474 0.110380 -0.981968
vn -0.153474 0.110380 -0.981968
vn -0.153474 0.110380 -0.981968
vn -0.143751 0.107225 -0.983788
vn -0.143751 0.107225 -0.983788
vn -0.143751 0.107225 -0.983788
vn -0.216907 0.095886 -0.971472
vn -0.216907 0.095886 -0.971472
vn -0.216907 0.095886 -0.971472
vn 0.000744 0.117400 -0.993084
vn 0.000744 0.117400 -0.993084
vn 0.000744 0.117400 -0.993084
vn 0.000945 0.117322 -0.993093
vn 0.000945 0.117322 -0.993093
vn 0.000945 0.117322 -0.993093
vn 0.072553 0.116415 -0.990547
vn 0.072553 0.116415 -0.990547
vn 0.072553 0.116415 -0.990547
vn 0.077582 0.114291 -0.990413
vn 0.077582 0.114291 -0.990413
vn 0.077582 0.114291 -0.990413
vn 0.144730 0.111392 -0.983181
vn 0.144730 0.111392 -0.983181
vn 0.144730 0.111392 -0.983181
vn 0.154414 0.106910 -0.982205
vn 0.154414 0.106910 -0.982205
vn 0.154414 0.106910 -0.982205
vn 0.217850 0.102216 -0.970615
vn 0.217850 0.102216 -0.970615
vn 0.217850 0.102216 -0.970615
vn 0.483417 0.027895 -0.874946
vn 0.483417 0.027895 -0.874946
vn 0.483417 0.027895 -0.874946
vn 0.456577 0.045687 -0.888510
vn 0.456577 0.045687 -0.888510
vn 0.456577 0.045687 -0.888510
vn 0.454985 0.033603 -0.889865
vn 0.454985 0.033603 -0.889865
vn 0.454985 0.033603 -0.889865
vn 0.431020 0.050154 -0.900947
vn 0.431020 0.050154 -0.900947
vn 0.431020 0.050154 -0.900947
vn 0.428727 0.038762 -0.902602
vn 0.428727 0.038762 -0.902602
vn 0.428727 0.038762 -0.902602
vn 0.407363 0.054196 -0.911657
vn 0.407363 0.054196 -0.911657
vn 0.407363 0.054196 -0.911657
vn 0.554926 -0.002329 -0.831896
vn 0.554926 -0.002329 -0.831896
vn 0.554926 -0.002329 -0.831896
vn 0.526332 0.019015 -0.850067
vn 0.526332 0.019015 -0.850067
vn 0.526332 0.019015 -0.850067
vn 0.524095 0.004921 -0.851646
vn 0.524095 0.004921 -0.851646
vn 0.524095 0.004921 -0.851646
vn 0.498372 0.024836 -0.866607
vn 0.498372 0.024836 -0.866607
vn 0.498372 0.024836 -0.866607
vn 0.495227 0.011551 -0.868687
vn 0.495227 0.011551 -0.868687
vn 0.495227 0.011551 -0.868687
vn 0.472175 0.030168 -0.880989
vn 0.472175 0.030168 -0.880989
vn 0.472175 0.030168 -0.880989
vn 0.788221 -0.179384 -0.588667
vn 0.788221 -0.179384 -0.588667
vn 0.788221 -0.179384 -0.588667
vn 0.768094 -0.146701 -0.623306
vn 0.768094 -0.146701 -0.623306
vn 0.768094 -0.146701 -0.623306
vn 0.797169 -0.157935 -0.582733
vn 0.797169 -0.157935 -0.582733
vn 0.797169 -0.157935 -0.582733
vn 0.814281 -0.190124 -0.548452
vn 0.814281 -0.190124 -0.548452
vn 0.814281 -0.190124 -0.548452
vn 0.839786 -0.201020 -0.504332
vn 0.839786 -0.201020 -0.504332
vn 0.839786 -0.201020 -0.504332
vn 0.851981 -0.233442 -0.468651
vn 0.851981 -0.233442 -0.468651
vn 0.851981 -0.233442 -0.468651
vn 0.874340 -0.243913 -0.419566
vn 0.874340 -0.243913 -0.419566
vn 0.874340 -0.243913 -0.419566
vn 0.805900 -0.213096 -0.552372
vn 0.805900 -0.213096 -0.552372
vn 0.805900 -0.213096 -0.552372
vn 0.817818 -0.191612 -0.542640
vn 0.817818 -0.191612 -0.542640
vn 0.817818 -0.191612 -0.542640
vn 0.829781 -0.223469 -0.511396
vn 0.829781 -0.223469 -0.511396
vn 0.829781 -0.223469 -0.511396
vn 0.798725 -0.237723 -0.552743
vn 0.798725 -0.237723 -0.552743
vn 0.798725 -0.237723 -0.552743
vn 0.816018 -0.217452 -0.535565
vn 0.816018 -0.217452 -0.535565
vn 0.816018 -0.217452 -0.535565
vn 0.843828 -0.257788 -0.470638
vn 0.843828 -0.257788 -0.470638
vn 0.843828 -0.257788 -0.470638
vn 0.856546 -0.235542 -0.459183
vn 0.856546 -0.235542 -0.459183
vn 0.856546 -0.235542 -0.459183
vn 0.863554 -0.266969 -0.427787
vn 0.863554 -0.266969 -0.427787
vn 0.863554 -0.266969 -0.427787
vn -0.892088 -0.327946 -0.310854
vn -0.892088 -0.327946 -0.310854
vn -0.892088 -0.327946 -0.310854
vn -0.920511 -0.343118 -0.186894
vn -0.920511 -0.343118 -0.186894
vn -0.920511 -0.343118 -0.186894
vn -0.873896 -0.247868 -0.418171
vn -0.873896 -0.247868 -0.418171
vn -0.873896 -0.247868 -0.418171
vn -0.843946 -0.261528 -0.468356
vn -0.843946 -0.261528 -0.468356
vn -0.843946 -0.261528 -0.468356
vn -0.745121 -0.118124 -0.656385
vn -0.745121 -0.118124 -0.656385
vn -0.745121 -0.118124 -0.656385
vn -0.708298 -0.127449 -0.694313
vn -0.708298 -0.127449 -0.694313
vn -0.708298 -0.127449 -0.694313
vn -0.653079 -0.086503 -0.752333
vn -0.653079 -0.086503 -0.752333
vn -0.653079 -0.086503 -0.752333
vn -0.653079 -0.086504 -0.752333
vn -0.653079 -0.086504 -0.752333
vn -0.653079 -0.086504 -0.752333
vn -0.717749 -0.108443 -0.687806
vn -0.717749 -0.108443 -0.687806
vn -0.717749 -0.108443 -0.687806
vn -0.553916 0.010907 -0.832501
vn -0.553916 0.010907 -0.832501
vn -0.553916 0.010907 -0.832501
vn -0.522253 0.003390 -0.852784
vn -0.522253 0.003390 -0.852784
vn -0.522253 0.003390 -0.852784
vn -0.524521 0.017342 -0.851221
vn -0.524521 0.017342 -0.851221
vn -0.524521 0.017342 -0.851221
vn -0.493762 0.010092 -0.869539
vn -0.493762 0.010092 -0.869539
vn -0.493762 0.010092 -0.869539
vn -0.496943 0.023235 -0.867472
vn -0.496943 0.023235 -0.867472
vn -0.496943 0.023235 -0.867472
vn -0.467141 0.016229 -0.884034
vn -0.467141 0.016229 -0.884034
vn -0.467141 0.016229 -0.884034
vn -0.481405 0.039357 -0.875614
vn -0.481405 0.039357 -0.875614
vn -0.481405 0.039357 -0.875614
vn -0.452595 0.032432 -0.891126
vn -0.452595 0.032432 -0.891126
vn -0.452595 0.032432 -0.891126
vn -0.454212 0.044368 -0.889788
vn -0.454212 0.044368 -0.889788
vn -0.454212 0.044368 -0.889788
vn -0.426722 0.037649 -0.903599
vn -0.426722 0.037649 -0.903599
vn -0.426722 0.037649 -0.903599
vn -0.429043 0.048894 -0.901960
vn -0.429043 0.048894 -0.901960
vn -0.429043 0.048894 -0.901960
vn -0.402843 0.042375 -0.914288
vn -0.402843 0.042375 -0.914288
vn -0.402843 0.042375 -0.914288
vn -0.901433 -0.311490 -0.300653
vn -0.901433 -0.311490 -0.300653
vn -0.901433 -0.311490 -0.300653
vn -0.905931 -0.355369 -0.230221
vn -0.905931 -0.355369 -0.230221
vn -0.905931 -0.355369 -0.230221
vn -0.914492 -0.339670 -0.219840
vn -0.914492 -0.339670 -0.219840
vn -0.914492 -0.339670 -0.219840
vn -0.864551 -0.314627 -0.391870
vn -0.864551 -0.314627 -0.391870
vn -0.864551 -0.314627 -0.391870
vn -0.877209 -0.299075 -0.375578
vn -0.877209 -0.299075 -0.375578
vn -0.877209 -0.299075 -0.375578
vn -0.856605 -0.239564 -0.456987
vn -0.856605 -0.239564 -0.456987
vn -0.856605 -0.239564 -0.456987
vn -0.817240 -0.221626 -0.531978
vn -0.817240 -0.221626 -0.531978
vn -0.817240 -0.221626 -0.531978
vn -0.800063 -0.241628 -0.549104
vn -0.800063 -0.241628 -0.549104
vn -0.800063 -0.241628 -0.549104
vn -0.877140 -0.222128 -0.425775
vn -0.877140 -0.222128 -0.425775
vn -0.877140 -0.222128 -0.425775
vn -0.850210 -0.236568 -0.470297
vn -0.850210 -0.236568 -0.470297
vn -0.850210 -0.236568 -0.470297
vn -0.858550 -0.213368 -0.466225
vn -0.858550 -0.213368 -0.466225
vn -0.858550 -0.213368 -0.466225
vn -0.828301 -0.226554 -0.512435
vn -0.828301 -0.226554 -0.512435
vn -0.828301 -0.226554 -0.512435
vn -0.838355 -0.204238 -0.505418
vn -0.838355 -0.204238 -0.505418
vn -0.838355 -0.204238 -0.505418
vn -0.804759 -0.216149 -0.552849
vn -0.804759 -0.216149 -0.552849
vn -0.804759 -0.216149 -0.552849
vn -0.816721 -0.194803 -0.543157
vn -0.816721 -0.194803 -0.543157
vn -0.816721 -0.194803 -0.543157
vn -0.753750 -0.194515 -0.627715
vn -0.753750 -0.194515 -0.627715
vn -0.753750 -0.194515 -0.627715
vn -0.769892 -0.175307 -0.613623
vn -0.769892 -0.175307 -0.613623
vn -0.769892 -0.175307 -0.613623
vn -0.699220 -0.172394 -0.693809
vn -0.699220 -0.172394 -0.693809
vn -0.699220 -0.172394 -0.693809
vn -0.650466 -0.106767 -0.751994
vn -0.650466 -0.106767 -0.751994
vn -0.650466 -0.106767 -0.751994
vn -0.776815 -0.297843 -0.554840
vn -0.776815 -0.297843 -0.554840
vn -0.776815 -0.297843 -0.554840
vn -0.798324 -0.307094 -0.518046
vn -0.798324 -0.307094 -0.518046
vn -0.798324 -0.307094 -0.518046
vn -0.860643 -0.355438 -0.364633
vn -0.860643 -0.355438 -0.364633
vn -0.860643 -0.355438 -0.364633
vn -0.731904 -0.255775 -0.631582
vn -0.731904 -0.255775 -0.631582
vn -0.731904 -0.255775 -0.631582
vn -0.844763 -0.305431 -0.439418
vn -0.844763 -0.305431 -0.439418
vn -0.844763 -0.305431 -0.439418
vn -0.823106 -0.317851 -0.470604
vn -0.823106 -0.317851 -0.470604
vn -0.823106 -0.317851 -0.470604
vn -0.882026 -0.344113 -0.321896
vn -0.882026 -0.344113 -0.321896
vn -0.882026 -0.344113 -0.321896
vn -0.886360 -0.366058 -0.283492
vn -0.886360 -0.366058 -0.283492
vn -0.886360 -0.366058 -0.283492
vn -0.806931 -0.266265 -0.527225
vn -0.806931 -0.266265 -0.527225
vn -0.806931 -0.266265 -0.527225
vn -0.784204 -0.278363 -0.554562
vn -0.784204 -0.278363 -0.554562
vn -0.784204 -0.278363 -0.554562
vn -0.875275 -0.319726 -0.362863
vn -0.875275 -0.319726 -0.362863
vn -0.875275 -0.319726 -0.362863
vn -0.859500 -0.333913 -0.386992
vn -0.859500 -0.333913 -0.386992
vn -0.859500 -0.333913 -0.386992
vn -0.904758 -0.354800 -0.235649
vn -0.904758 -0.354800 -0.235649
vn -0.904758 -0.354800 -0.235649
vn -0.903740 -0.373236 -0.209641
vn -0.903740 -0.373236 -0.209641
vn -0.903740 -0.373236 -0.209641
vn -0.845766 -0.283995 -0.451693
vn -0.845766 -0.283995 -0.451693
vn -0.845766 -0.283995 -0.451693
vn -0.828614 -0.298083 -0.473863
vn -0.828614 -0.298083 -0.473863
vn -0.828614 -0.298083 -0.473863
vn -0.898183 -0.331025 -0.289290
vn -0.898183 -0.331025 -0.289290
vn -0.898183 -0.331025 -0.289290
vn -0.886713 -0.346274 -0.306325
vn -0.886713 -0.346274 -0.306325
vn -0.886713 -0.346274 -0.306325
vn -0.918635 -0.361791 -0.158800
vn -0.918635 -0.361791 -0.158800
vn -0.918635 -0.361791 -0.158800
vn -0.918635 -0.361789 -0.158802
vn -0.918635 -0.361789 -0.158802
vn -0.918635 -0.361789 -0.158802
vn -0.918373 -0.379280 -0.112859
vn -0.918373 -0.379280 -0.112859
vn -0.918373 -0.379280 -0.112859
vn -0.926116 -0.366070 -0.091114
vn -0.926116 -0.366070 -0.091114
vn -0.926116 -0.366070 -0.091114
vn -0.911006 -0.316734 -0.264097
vn -0.911006 -0.316734 -0.264097
vn -0.911006 -0.316734 -0.264097
vn -0.902886 -0.333446 -0.271313
vn -0.902886 -0.333446 -0.271313
vn -0.902886 -0.333446 -0.271313
vn -0.925289 -0.346055 -0.155197
vn -0.925289 -0.346055 -0.155197
vn -0.925289 -0.346055 -0.155197
vn -0.918512 -0.361724 -0.159658
vn -0.918512 -0.361724 -0.159658
vn -0.918512 -0.361724 -0.159658
vn -0.926118 -0.366064 -0.091117
vn -0.926118 -0.366064 -0.091117
vn -0.926118 -0.366064 -0.091117
vn -0.922770 -0.381094 -0.057127
vn -0.922770 -0.381094 -0.057127
vn -0.922770 -0.381094 -0.057127
vn -0.925552 -0.325437 -0.193507
vn -0.925552 -0.325437 -0.193507
vn -0.925552 -0.325437 -0.193507
vn -0.922979 -0.332285 -0.194153
vn -0.922979 -0.332285 -0.194153
vn -0.922979 -0.332285 -0.194153
vn -0.928251 -0.350322 -0.125001
vn -0.928251 -0.350322 -0.125001
vn -0.928251 -0.350322 -0.125001
vn -0.918292 -0.389059 -0.073299
vn -0.918292 -0.389059 -0.073299
vn -0.918292 -0.389059 -0.073299
vn -0.747507 -0.097041 -0.657128
vn -0.747507 -0.097041 -0.657128
vn -0.747507 -0.097041 -0.657128
vn -0.744568 -0.114457 -0.657661
vn -0.744568 -0.114457 -0.657661
vn -0.744568 -0.114457 -0.657661
vn -0.749022 -0.113247 -0.652795
vn -0.749022 -0.113247 -0.652795
vn -0.749022 -0.113247 -0.652795
vn -0.658347 -0.049073 -0.751113
vn -0.658347 -0.049073 -0.751113
vn -0.658347 -0.049073 -0.751113
vn -0.654351 -0.066911 -0.753225
vn -0.654351 -0.066911 -0.753225
vn -0.654351 -0.066911 -0.753225
vn -0.688731 -0.057992 -0.722694
vn -0.688731 -0.057992 -0.722694
vn -0.688731 -0.057992 -0.722694
vn -0.688698 -0.058241 -0.722705
vn -0.688698 -0.058241 -0.722705
vn -0.688698 -0.058241 -0.722705
vn -0.620829 -0.044227 -0.782697
vn -0.620829 -0.044227 -0.782697
vn -0.620829 -0.044227 -0.782697
vn -0.639641 -0.038100 -0.767729
vn -0.639641 -0.038100 -0.767729
vn -0.639641 -0.038100 -0.767729
vn -0.553895 0.010642 -0.832518
vn -0.553895 0.010642 -0.832518
vn -0.553895 0.010642 -0.832518
vn -0.512069 0.012758 -0.858849
vn -0.512069 0.012758 -0.858849
vn -0.512069 0.012758 -0.858849
vn -0.481289 0.037408 -0.875763
vn -0.481289 0.037408 -0.875763
vn -0.481289 0.037408 -0.875763
vn -0.358369 0.061093 -0.931579
vn -0.358369 0.061093 -0.931579
vn -0.358369 0.061093 -0.931579
vn -0.382000 0.067195 -0.921716
vn -0.382000 0.067195 -0.921716
vn -0.382000 0.067195 -0.921716
vn -0.380904 0.057281 -0.922838
vn -0.380904 0.057281 -0.922838
vn -0.380904 0.057281 -0.922838
vn -0.406076 0.063567 -0.911626
vn -0.406076 0.063567 -0.911626
vn -0.406076 0.063567 -0.911626
vn -0.406001 0.061842 -0.911778
vn -0.406001 0.061842 -0.911778
vn -0.406001 0.061842 -0.911778
vn -0.373026 0.058513 -0.925974
vn -0.373026 0.058513 -0.925974
vn -0.373026 0.058513 -0.925974
vn -0.288514 0.080491 -0.954086
vn -0.288514 0.080491 -0.954086
vn -0.288514 0.080491 -0.954086
vn -0.307841 0.085833 -0.947558
vn -0.307841 0.085833 -0.947558
vn -0.307841 0.085833 -0.947558
vn -0.307154 0.077934 -0.948463
vn -0.307154 0.077934 -0.948463
vn -0.307154 0.077934 -0.948463
vn -0.328035 0.083452 -0.940972
vn -0.328035 0.083452 -0.940972
vn -0.328035 0.083452 -0.940972
vn -0.328029 0.083235 -0.940994
vn -0.328029 0.083235 -0.940994
vn -0.328029 0.083235 -0.940994
vn -0.247123 0.094747 -0.964341
vn -0.247123 0.094747 -0.964341
vn -0.247123 0.094747 -0.964341
vn -0.225395 0.089525 -0.970146
vn -0.225395 0.089525 -0.970146
vn -0.225395 0.089525 -0.970146
vn -0.164082 0.111473 -0.980128
vn -0.164082 0.111473 -0.980128
vn -0.164082 0.111473 -0.980128
vn 0.232637 0.089958 -0.968394
vn 0.232637 0.089958 -0.968394
vn 0.232637 0.089958 -0.968394
vn 0.248218 0.094082 -0.964125
vn 0.248218 0.094082 -0.964125
vn 0.248218 0.094082 -0.964125
vn 0.308945 0.078736 -0.947815
vn 0.308945 0.078736 -0.947815
vn 0.308945 0.078736 -0.947815
vn 0.309612 0.086784 -0.946894
vn 0.309612 0.086784 -0.946894
vn 0.309612 0.086784 -0.946894
vn 0.329974 0.075904 -0.940933
vn 0.329974 0.075904 -0.940933
vn 0.329974 0.075904 -0.940933
vn 0.330230 0.084484 -0.940112
vn 0.330230 0.084484 -0.940112
vn 0.330230 0.084484 -0.940112
vn 0.379949 0.058481 -0.923157
vn 0.379949 0.058481 -0.923157
vn 0.379949 0.058481 -0.923157
vn 0.360353 0.061985 -0.930754
vn 0.360353 0.061985 -0.930754
vn 0.360353 0.061985 -0.930754
vn 0.361933 0.071480 -0.929460
vn 0.361933 0.071480 -0.929460
vn 0.361933 0.071480 -0.929460
vn 0.383284 0.058227 -0.921793
vn 0.383284 0.058227 -0.921793
vn 0.383284 0.058227 -0.921793
vn 0.384358 0.068292 -0.920655
vn 0.384358 0.068292 -0.920655
vn 0.384358 0.068292 -0.920655
vn 0.408404 0.054022 -0.911201
vn 0.408404 0.054022 -0.911201
vn 0.408404 0.054022 -0.911201
vn 0.408758 0.062147 -0.910524
vn 0.408758 0.062147 -0.910524
vn 0.408758 0.062147 -0.910524
vn 0.484131 0.039829 -0.874088
vn 0.484131 0.039829 -0.874088
vn 0.484131 0.039829 -0.874088
vn 0.518480 0.013386 -0.854985
vn 0.518480 0.013386 -0.854985
vn 0.518480 0.013386 -0.854985
vn 0.556120 0.012613 -0.831006
vn 0.556120 0.012613 -0.831006
vn 0.556120 0.012613 -0.831006
vn 0.535993 0.002143 -0.844219
vn 0.535993 0.002143 -0.844219
vn 0.535993 0.002143 -0.844219
vn 0.559899 -0.019663 -0.828327
vn 0.559899 -0.019663 -0.828327
vn 0.559899 -0.019663 -0.828327
vn 0.564037 -0.004506 -0.825737
vn 0.564037 -0.004506 -0.825737
vn 0.564037 -0.004506 -0.825737
vn 0.590522 -0.027746 -0.806544
vn 0.590522 -0.027746 -0.806544
vn 0.590522 -0.027746 -0.806544
vn 0.593542 -0.011672 -0.804718
vn 0.593542 -0.011672 -0.804718
vn 0.593542 -0.011672 -0.804718
vn 0.622681 -0.036451 -0.781627
vn 0.622681 -0.036451 -0.781627
vn 0.622681 -0.036451 -0.781627
vn 0.624075 -0.023248 -0.781018
vn 0.624075 -0.023248 -0.781018
vn 0.624075 -0.023248 -0.781018
vn 0.644651 -0.046862 -0.763040
vn 0.644651 -0.046862 -0.763040
vn 0.644651 -0.046862 -0.763040
vn 0.916921 -0.331920 -0.221553
vn 0.916921 -0.331920 -0.221553
vn 0.916921 -0.331920 -0.221553
vn 0.930465 -0.329175 -0.160867
vn 0.930465 -0.329175 -0.160867
vn 0.930465 -0.329175 -0.160867
vn 0.926494 -0.355862 -0.122356
vn 0.926494 -0.355862 -0.122356
vn 0.926494 -0.355862 -0.122356
vn 0.925197 -0.367691 -0.093880
vn 0.925197 -0.367691 -0.093880
vn 0.925197 -0.367691 -0.093880
vn 0.925180 -0.367733 -0.093885
vn 0.925180 -0.367733 -0.093885
vn 0.925180 -0.367733 -0.093885
vn 0.919286 -0.386798 -0.072799
vn 0.919286 -0.386798 -0.072799
vn 0.919286 -0.386798 -0.072799
vn 0.922108 -0.366051 -0.125395
vn 0.922108 -0.366051 -0.125395
vn 0.922108 -0.366051 -0.125395
vn 0.926221 -0.368266 -0.080597
vn 0.926221 -0.368266 -0.080597
vn 0.926221 -0.368266 -0.080597
vn 0.926219 -0.368269 -0.080594
vn 0.926219 -0.368269 -0.080594
vn 0.926219 -0.368269 -0.080594
vn 0.924399 -0.378519 -0.047001
vn 0.924399 -0.378519 -0.047001
vn 0.924399 -0.378519 -0.047001
vn 0.919709 -0.301493 -0.251471
vn 0.919709 -0.301493 -0.251471
vn 0.919709 -0.301493 -0.251471
vn 0.912841 -0.320550 -0.252919
vn 0.912841 -0.320550 -0.252919
vn 0.912841 -0.320550 -0.252919
vn 0.924602 -0.327341 -0.194833
vn 0.924602 -0.327341 -0.194833
vn 0.924602 -0.327341 -0.194833
vn 0.915134 -0.349562 -0.200837
vn 0.915134 -0.349562 -0.200837
vn 0.915134 -0.349562 -0.200837
vn 0.922689 -0.353633 -0.153588
vn 0.922689 -0.353633 -0.153588
vn 0.922689 -0.353633 -0.153588
vn 0.917838 -0.363926 -0.158529
vn 0.917838 -0.363926 -0.158529
vn 0.917838 -0.363926 -0.158529
vn 0.926219 -0.368269 -0.080604
vn 0.926219 -0.368269 -0.080604
vn 0.926219 -0.368269 -0.080604
vn 0.917085 -0.375525 -0.133924
vn 0.917085 -0.375525 -0.133924
vn 0.917085 -0.375525 -0.133924
vn 0.890014 -0.264736 -0.371201
vn 0.890014 -0.264736 -0.371201
vn 0.890014 -0.264736 -0.371201
vn 0.903742 -0.261653 -0.338804
vn 0.903742 -0.261653 -0.338804
vn 0.903742 -0.261653 -0.338804
vn 0.896736 -0.283336 -0.339978
vn 0.896736 -0.283336 -0.339978
vn 0.896736 -0.283336 -0.339978
vn 0.911775 -0.291384 -0.289415
vn 0.911775 -0.291384 -0.289415
vn 0.911775 -0.291384 -0.289415
vn 0.902159 -0.314849 -0.294922
vn 0.902159 -0.314849 -0.294922
vn 0.902159 -0.314849 -0.294922
vn 0.917944 -0.323408 -0.229751
vn 0.917944 -0.323408 -0.229751
vn 0.917944 -0.323408 -0.229751
vn 0.907271 -0.345574 -0.239664
vn 0.907271 -0.345574 -0.239664
vn 0.907271 -0.345574 -0.239664
vn 0.917691 -0.350903 -0.186306
vn 0.917691 -0.350903 -0.186306
vn 0.917691 -0.350903 -0.186306
vn 0.912217 -0.361236 -0.193311
vn 0.912217 -0.361236 -0.193311
vn 0.912217 -0.361236 -0.193311
vn 0.919281 -0.364632 -0.148211
vn 0.919281 -0.364632 -0.148211
vn 0.919281 -0.364632 -0.148211
vn 0.906539 -0.371206 -0.200983
vn 0.906539 -0.371206 -0.200983
vn 0.906539 -0.371206 -0.200983
vn 0.827981 -0.339038 -0.446654
vn 0.827981 -0.339038 -0.446654
vn 0.827981 -0.339038 -0.446654
vn 0.795639 -0.310559 -0.520107
vn 0.795639 -0.310559 -0.520107
vn 0.795639 -0.310559 -0.520107
vn 0.802247 -0.313348 -0.508147
vn 0.802247 -0.313348 -0.508147
vn 0.802247 -0.313348 -0.508147
vn 0.802248 -0.313347 -0.508145
vn 0.802248 -0.313347 -0.508145
vn 0.802248 -0.313347 -0.508145
vn 0.716374 -0.293338 -0.633058
vn 0.716374 -0.293338 -0.633058
vn 0.716374 -0.293338 -0.633058
vn 0.716374 -0.293338 -0.633057
vn 0.716374 -0.293338 -0.633057
vn 0.716374 -0.293338 -0.633057
vn 0.766771 -0.283004 -0.576169
vn 0.766771 -0.283004 -0.576169
vn 0.766771 -0.283004 -0.576169
vn 0.751566 -0.285773 -0.594544
vn 0.751566 -0.285773 -0.594544
vn 0.751566 -0.285773 -0.594544
vn 0.699530 -0.270423 -0.661460
vn 0.699530 -0.270423 -0.661460
vn 0.699530 -0.270423 -0.661460
vn 0.685212 -0.272124 -0.675598
vn 0.685212 -0.272124 -0.675598
vn 0.685212 -0.272124 -0.675598
vn 0.751395 -0.267652 -0.603131
vn 0.751395 -0.267652 -0.603131
vn 0.751395 -0.267652 -0.603131
vn 0.718905 -0.262835 -0.643501
vn 0.718905 -0.262835 -0.643501
vn 0.718905 -0.262835 -0.643501
vn 0.714681 -0.265454 -0.647121
vn 0.714681 -0.265454 -0.647121
vn 0.714681 -0.265454 -0.647121
vn 0.718786 -0.084485 -0.690078
vn 0.718786 -0.084485 -0.690078
vn 0.718786 -0.084485 -0.690078
vn 0.713790 -0.104221 -0.692562
vn 0.713790 -0.104221 -0.692562
vn 0.713790 -0.104221 -0.692562
vn 0.746833 -0.115671 -0.654874
vn 0.746833 -0.115671 -0.654874
vn 0.746833 -0.115671 -0.654874
vn 0.739082 -0.135848 -0.659774
vn 0.739082 -0.135848 -0.659774
vn 0.739082 -0.135848 -0.659774
vn 0.771846 -0.148131 -0.618313
vn 0.771846 -0.148131 -0.618313
vn 0.771846 -0.148131 -0.618313
vn 0.761092 -0.168537 -0.626366
vn 0.761092 -0.168537 -0.626366
vn 0.761092 -0.168537 -0.626366
vn 0.770222 -0.172153 -0.614102
vn 0.770222 -0.172153 -0.614102
vn 0.770222 -0.172153 -0.614102
vn 0.754105 -0.191518 -0.628209
vn 0.754105 -0.191518 -0.628209
vn 0.754105 -0.191518 -0.628209
vn 0.769838 -0.197960 -0.606763
vn 0.769838 -0.197960 -0.606763
vn 0.769838 -0.197960 -0.606763
vn 0.752881 -0.211601 -0.623214
vn 0.752881 -0.211601 -0.623214
vn 0.752881 -0.211601 -0.623214
vn 0.723120 -0.205908 -0.659317
vn 0.723120 -0.205908 -0.659317
vn 0.723120 -0.205908 -0.659317
vn 0.714766 -0.211208 -0.666708
vn 0.714766 -0.211208 -0.666708
vn 0.714766 -0.211208 -0.666708
vn 0.689447 -0.075169 -0.720425
vn 0.689447 -0.075169 -0.720425
vn 0.689447 -0.075169 -0.720425
vn 0.682948 -0.093854 -0.724413
vn 0.682948 -0.093854 -0.724413
vn 0.682948 -0.093854 -0.724413
vn 0.719133 -0.106052 -0.686732
vn 0.719133 -0.106052 -0.686732
vn 0.719133 -0.106052 -0.686732
vn 0.709741 -0.125170 -0.693254
vn 0.709741 -0.125170 -0.693254
vn 0.709741 -0.125170 -0.693254
vn 0.719286 -0.128613 -0.682705
vn 0.719286 -0.128613 -0.682705
vn 0.719286 -0.128613 -0.682705
vn 0.709926 -0.140535 -0.690113
vn 0.709926 -0.140535 -0.690113
vn 0.709926 -0.140535 -0.690113
vn 0.679795 -0.137563 -0.720385
vn 0.679795 -0.137563 -0.720385
vn 0.679795 -0.137563 -0.720385
vn 0.678768 -0.131286 -0.722522
vn 0.678768 -0.131286 -0.722522
vn 0.678768 -0.131286 -0.722522
vn 0.660472 -0.066223 -0.747925
vn 0.660472 -0.066223 -0.747925
vn 0.660472 -0.066223 -0.747925
vn 0.658775 -0.070051 -0.749072
vn 0.658775 -0.070051 -0.749072
vn 0.658775 -0.070051 -0.749072
vn 0.601802 -0.067748 -0.795767
vn 0.601802 -0.067748 -0.795767
vn 0.601802 -0.067748 -0.795767
vn 0.612647 -0.043054 -0.789183
vn 0.612647 -0.043054 -0.789183
vn 0.612647 -0.043054 -0.789183
vn 0.720965 -0.243812 -0.648664
vn 0.720965 -0.243812 -0.648664
vn 0.720965 -0.243812 -0.648664
vn 0.726836 -0.235991 -0.644994
vn 0.726836 -0.235991 -0.644994
vn 0.726836 -0.235991 -0.644994
vn 0.779248 -0.258234 -0.571041
vn 0.779248 -0.258234 -0.571041
vn 0.779248 -0.258234 -0.571041
vn 0.792929 -0.294168 -0.533601
vn 0.792929 -0.294168 -0.533601
vn 0.792929 -0.294168 -0.533601
vn 0.815121 -0.303740 -0.493275
vn 0.815121 -0.303740 -0.493275
vn 0.815121 -0.303740 -0.493275
vn 0.839292 -0.329085 -0.432772
vn 0.839292 -0.329085 -0.432772
vn 0.839292 -0.329085 -0.432772
vn 0.884088 -0.348505 -0.311340
vn 0.884088 -0.348505 -0.311340
vn 0.884088 -0.348505 -0.311340
vn 0.884085 -0.348506 -0.311348
vn 0.884085 -0.348506 -0.311348
vn 0.884085 -0.348506 -0.311348
vn 0.889549 -0.364247 -0.275729
vn 0.889549 -0.364247 -0.275729
vn 0.889549 -0.364247 -0.275729
vn 0.906049 -0.358370 -0.225046
vn 0.906049 -0.358370 -0.225046
vn 0.906049 -0.358370 -0.225046
vn 0.896169 -0.353884 -0.267671
vn 0.896169 -0.353884 -0.267671
vn 0.896169 -0.353884 -0.267671
vn 0.903486 -0.343711 -0.256076
vn 0.903486 -0.343711 -0.256076
vn 0.903486 -0.343711 -0.256076
vn 0.897546 -0.340838 -0.279715
vn 0.897546 -0.340838 -0.279715
vn 0.897546 -0.340838 -0.279715
vn 0.909789 -0.318885 -0.265700
vn 0.909789 -0.318885 -0.265700
vn 0.909789 -0.318885 -0.265700
vn 0.889405 -0.308370 -0.337441
vn 0.889405 -0.308370 -0.337441
vn 0.889405 -0.308370 -0.337441
vn 0.900501 -0.285301 -0.328179
vn 0.900501 -0.285301 -0.328179
vn 0.900501 -0.285301 -0.328179
vn 0.881218 -0.275502 -0.384126
vn 0.881218 -0.275502 -0.384126
vn 0.881218 -0.275502 -0.384126
vn 0.890357 -0.251778 -0.379305
vn 0.890357 -0.251778 -0.379305
vn 0.890357 -0.251778 -0.379305
vn 0.872278 -0.242928 -0.424402
vn 0.872278 -0.242928 -0.424402
vn 0.872278 -0.242928 -0.424402
vn 0.879113 -0.218753 -0.423448
vn 0.879113 -0.218753 -0.423448
vn 0.879113 -0.218753 -0.423448
vn 0.842151 -0.187755 -0.505500
vn 0.842151 -0.187755 -0.505500
vn 0.842151 -0.187755 -0.505500
vn 0.835445 -0.189439 -0.515893
vn 0.835445 -0.189439 -0.515893
vn 0.835445 -0.189439 -0.515893
vn 0.800974 -0.135351 -0.583199
vn 0.800974 -0.135351 -0.583199
vn 0.800974 -0.135351 -0.583199
vn 0.752457 -0.115759 -0.648389
vn 0.752457 -0.115759 -0.648389
vn 0.752457 -0.115759 -0.648389
vn 0.746515 -0.104736 -0.657074
vn 0.746515 -0.104736 -0.657074
vn 0.746515 -0.104736 -0.657074
vn 0.688804 -0.054764 -0.722876
vn 0.688804 -0.054764 -0.722876
vn 0.688804 -0.054764 -0.722876
vn 0.686219 -0.074164 -0.723605
vn 0.686219 -0.074164 -0.723605
vn 0.686219 -0.074164 -0.723605
vn 0.657907 -0.046261 -0.751677
vn 0.657907 -0.046261 -0.751677
vn 0.657907 -0.046261 -0.751677
vn 0.653963 -0.064240 -0.753794
vn 0.653963 -0.064240 -0.753794
vn 0.653963 -0.064240 -0.753794
vn 0.627883 -0.037879 -0.777385
vn 0.627883 -0.037879 -0.777385
vn 0.627883 -0.037879 -0.777385
vn 0.622617 -0.054857 -0.780602
vn 0.622617 -0.054857 -0.780602
vn 0.622617 -0.054857 -0.780602
vn 0.598844 -0.029978 -0.800305
vn 0.598844 -0.029978 -0.800305
vn 0.598844 -0.029978 -0.800305
vn 0.592048 -0.046772 -0.804544
vn 0.592048 -0.046772 -0.804544
vn 0.592048 -0.046772 -0.804544
vn 0.533455 -0.004979 -0.845814
vn 0.533455 -0.004979 -0.845814
vn 0.533455 -0.004979 -0.845814
vn 0.520401 0.010188 -0.853861
vn 0.520401 0.010188 -0.853861
vn 0.520401 0.010188 -0.853861
vn 0.467373 0.014867 -0.883935
vn 0.467373 0.014867 -0.883935
vn 0.467373 0.014867 -0.883935
vn 0.430341 0.042265 -0.901676
vn 0.430341 0.042265 -0.901676
vn 0.430341 0.042265 -0.901676
vn 0.402698 0.036869 -0.914590
vn 0.402698 0.036869 -0.914590
vn 0.402698 0.036869 -0.914590
vn 0.357555 0.071122 -0.931180
vn 0.357555 0.071122 -0.931180
vn 0.357555 0.071122 -0.931180
vn 0.352593 0.067055 -0.933371
vn 0.352593 0.067055 -0.933371
vn 0.352593 0.067055 -0.933371
vn 0.199018 0.125730 -0.971897
vn 0.199018 0.125730 -0.971897
vn 0.199018 0.125730 -0.971897
vn -0.054171 0.121331 -0.991133
vn -0.054171 0.121331 -0.991133
vn -0.054171 0.121331 -0.991133
vn 0.000756 0.113245 -0.993567
vn 0.000756 0.113245 -0.993567
vn 0.000756 0.113245 -0.993567
vn 0.031827 0.123264 -0.991863
vn 0.031827 0.123264 -0.991863
vn 0.031827 0.123264 -0.991863
vn 0.072389 0.110881 -0.991194
vn 0.072389 0.110881 -0.991194
vn 0.072389 0.110881 -0.991194
vn 0.117673 0.118010 -0.986016
vn 0.117673 0.118010 -0.986016
vn 0.117673 0.118010 -0.986016
vn 0.144404 0.106196 -0.983804
vn 0.144404 0.106196 -0.983804
vn 0.144404 0.106196 -0.983804
vn 0.199322 0.106141 -0.974169
vn 0.199322 0.106141 -0.974169
vn 0.199322 0.106141 -0.974169
vn 0.217300 0.096527 -0.971320
vn 0.217300 0.096527 -0.971320
vn 0.217300 0.096527 -0.971320
vn 0.239595 0.094274 -0.966285
vn 0.239595 0.094274 -0.966285
vn 0.239595 0.094274 -0.966285
vn 0.276715 0.089036 -0.956818
vn 0.276715 0.089036 -0.956818
vn 0.276715 0.089036 -0.956818
vn 0.280073 0.098978 -0.954862
vn 0.280073 0.098978 -0.954862
vn 0.280073 0.098978 -0.954862
vn 0.305422 0.079207 -0.948917
vn 0.305422 0.079207 -0.948917
vn 0.305422 0.079207 -0.948917
vn 0.289914 0.081251 -0.953598
vn 0.289914 0.081251 -0.953598
vn 0.289914 0.081251 -0.953598
vn 0.290914 0.088847 -0.952615
vn 0.290914 0.088847 -0.952615
vn 0.290914 0.088847 -0.952615
vn 0.231926 0.095056 -0.968078
vn 0.231926 0.095056 -0.968078
vn 0.231926 0.095056 -0.968078
vn 0.232286 0.101078 -0.967381
vn 0.232286 0.101078 -0.967381
vn 0.232286 0.101078 -0.967381
vn 0.165506 0.106125 -0.980482
vn 0.165506 0.106125 -0.980482
vn 0.165506 0.106125 -0.980482
vn 0.165574 0.112340 -0.979778
vn 0.165574 0.112340 -0.979778
vn 0.165574 0.112340 -0.979778
vn 0.083259 0.108962 -0.990553
vn 0.083259 0.108962 -0.990553
vn 0.083259 0.108962 -0.990553
vn 0.080523 0.107855 -0.990900
vn 0.080523 0.107855 -0.990900
vn 0.080523 0.107855 -0.990900
vn 0.001164 0.121441 -0.992598
vn 0.001164 0.121441 -0.992598
vn 0.001164 0.121441 -0.992598
vn -0.073109 0.106991 -0.991568
vn -0.073109 0.106991 -0.991568
vn -0.073109 0.106991 -0.991568
vn -0.081133 0.110050 -0.990609
vn -0.081133 0.110050 -0.990609
vn -0.081133 0.110050 -0.990609
vn -0.081174 0.115918 -0.989936
vn -0.081174 0.115918 -0.989936
vn -0.081174 0.115918 -0.989936
vn -0.075896 0.114155 -0.990560
vn -0.075896 0.114155 -0.990560
vn -0.075896 0.114155 -0.990560
vn -0.075938 0.116036 -0.990338
vn -0.075938 0.116036 -0.990338
vn -0.075938 0.116036 -0.990338
vn -0.071195 0.114359 -0.990885
vn -0.071195 0.114359 -0.990885
vn -0.071195 0.114359 -0.990885
vn -0.071159 0.113344 -0.991004
vn -0.071159 0.113344 -0.991004
vn -0.071159 0.113344 -0.991004
vn -0.144119 0.112568 -0.983137
vn -0.144119 0.112568 -0.983137
vn -0.144119 0.112568 -0.983137
vn -0.139118 0.110419 -0.984100
vn -0.139118 0.110419 -0.984100
vn -0.139118 0.110419 -0.984100
vn -0.217164 0.098362 -0.971167
vn -0.217164 0.098362 -0.971167
vn -0.217164 0.098362 -0.971167
vn -0.299415 0.098267 -0.949049
vn -0.299415 0.098267 -0.949049
vn -0.299415 0.098267 -0.949049
vn -0.213662 0.160104 -0.963699
vn -0.213662 0.160104 -0.963699
vn -0.213662 0.160104 -0.963699
vn -0.210184 0.096587 -0.972879
vn -0.210184 0.096587 -0.972879
vn -0.210184 0.096587 -0.972879
vn -0.246756 0.092704 -0.964633
vn -0.246756 0.092704 -0.964633
vn -0.246756 0.092704 -0.964633
vn -0.288572 0.080909 -0.954033
vn -0.288572 0.080909 -0.954033
vn -0.288572 0.080909 -0.954033
vn -0.286697 0.080736 -0.954613
vn -0.286697 0.080736 -0.954613
vn -0.286697 0.080736 -0.954613
vn -0.359974 0.070437 -0.930300
vn -0.359974 0.070437 -0.930300
vn -0.359974 0.070437 -0.930300
vn -0.328610 0.062077 -0.942423
vn -0.328610 0.062077 -0.942423
vn -0.328610 0.062077 -0.942423
vn -0.361539 0.060559 -0.930388
vn -0.361539 0.060559 -0.930388
vn -0.361539 0.060559 -0.930388
vn -0.376676 0.064515 -0.924096
vn -0.376676 0.064515 -0.924096
vn -0.376676 0.064515 -0.924096
vn -0.401917 0.039038 -0.914843
vn -0.401917 0.039038 -0.914843
vn -0.401917 0.039038 -0.914843
vn -0.832614 -0.192889 -0.519180
vn -0.832614 -0.192889 -0.519180
vn -0.832614 -0.192889 -0.519180
vn -0.798717 -0.137813 -0.585712
vn -0.798717 -0.137813 -0.585712
vn -0.798717 -0.137813 -0.585712
vn -0.798689 -0.137952 -0.585717
vn -0.798689 -0.137952 -0.585717
vn -0.798689 -0.137952 -0.585717
vn -0.713454 -0.106946 -0.692492
vn -0.713454 -0.106946 -0.692492
vn -0.713454 -0.106946 -0.692492
vn -0.718497 -0.087357 -0.690023
vn -0.718497 -0.087357 -0.690023
vn -0.718497 -0.087357 -0.690023
vn -0.623446 -0.057458 -0.779752
vn -0.623446 -0.057458 -0.779752
vn -0.623446 -0.057458 -0.779752
vn -0.628773 -0.040628 -0.776527
vn -0.628773 -0.040628 -0.776527
vn -0.628773 -0.040628 -0.776527
vn -0.530810 -0.014062 -0.847374
vn -0.530810 -0.014062 -0.847374
vn -0.530810 -0.014062 -0.847374
vn -0.534938 -0.002813 -0.844887
vn -0.534938 -0.002813 -0.844887
vn -0.534938 -0.002813 -0.844887
vn -0.467067 0.016001 -0.884077
vn -0.467067 0.016001 -0.884077
vn -0.467067 0.016001 -0.884077
vn -0.446519 0.034499 -0.894109
vn -0.446519 0.034499 -0.894109
vn -0.446519 0.034499 -0.894109
vn -0.618554 -0.061227 -0.783353
vn -0.618554 -0.061227 -0.783353
vn -0.618554 -0.061227 -0.783353
vn -0.621151 -0.059161 -0.781455
vn -0.621151 -0.059161 -0.781455
vn -0.621151 -0.059161 -0.781455
vn -0.651115 -0.105905 -0.751554
vn -0.651115 -0.105905 -0.751554
vn -0.651115 -0.105905 -0.751554
vn -0.811768 -0.192686 -0.551276
vn -0.811768 -0.192686 -0.551276
vn -0.811768 -0.192686 -0.551276
vn -0.819070 -0.170296 -0.547835
vn -0.819070 -0.170296 -0.547835
vn -0.819070 -0.170296 -0.547835
vn -0.785915 -0.181857 -0.590987
vn -0.785915 -0.181857 -0.590987
vn -0.785915 -0.181857 -0.590987
vn -0.794933 -0.160480 -0.585088
vn -0.794933 -0.160480 -0.585088
vn -0.794933 -0.160480 -0.585088
vn -0.759034 -0.170930 -0.628212
vn -0.759034 -0.170930 -0.628212
vn -0.759034 -0.170930 -0.628212
vn -0.769861 -0.150606 -0.620187
vn -0.769861 -0.150606 -0.620187
vn -0.769861 -0.150606 -0.620187
vn -0.703379 -0.149146 -0.694992
vn -0.703379 -0.149146 -0.694992
vn -0.703379 -0.149146 -0.694992
vn -0.707138 -0.144506 -0.692152
vn -0.707138 -0.144506 -0.692152
vn -0.707138 -0.144506 -0.692152
vn -0.673470 -0.137820 -0.726253
vn -0.673470 -0.137820 -0.726253
vn -0.673470 -0.137820 -0.726253
vn -0.675979 -0.128988 -0.725544
vn -0.675979 -0.128988 -0.725544
vn -0.675979 -0.128988 -0.725544
vn -0.698755 -0.172770 -0.694184
vn -0.698755 -0.172770 -0.694184
vn -0.698755 -0.172770 -0.694184
vn -0.750020 -0.219977 -0.623763
vn -0.750020 -0.219977 -0.623763
vn -0.750020 -0.219977 -0.623763
vn -0.750019 -0.219977 -0.623764
vn -0.750019 -0.219977 -0.623764
vn -0.750019 -0.219977 -0.623764
vn -0.735953 -0.199643 -0.646928
vn -0.735953 -0.199643 -0.646928
vn -0.735953 -0.199643 -0.646928
vn -0.708357 -0.204388 -0.675615
vn -0.708357 -0.204388 -0.675615
vn -0.708357 -0.204388 -0.675615
vn -0.720649 -0.273960 -0.636876
vn -0.720649 -0.273960 -0.636876
vn -0.720649 -0.273960 -0.636876
vn -0.707489 -0.251214 -0.660569
vn -0.707489 -0.251214 -0.660569
vn -0.707489 -0.251214 -0.660569
vn -0.713920 -0.270705 -0.645784
vn -0.713920 -0.270705 -0.645784
vn -0.713920 -0.270705 -0.645784
vn -0.533983 -0.002987 -0.845490
vn -0.533983 -0.002987 -0.845490
vn -0.533983 -0.002987 -0.845490
vn -0.593022 -0.049940 -0.803636
vn -0.593022 -0.049940 -0.803636
vn -0.593022 -0.049940 -0.803636
vn -0.593608 -0.048542 -0.803289
vn -0.593608 -0.048542 -0.803289
vn -0.593608 -0.048542 -0.803289
vn -0.689603 -0.077998 -0.719975
vn -0.689603 -0.077998 -0.719975
vn -0.689603 -0.077998 -0.719975
vn -0.683055 -0.096526 -0.723961
vn -0.683055 -0.096526 -0.723961
vn -0.683055 -0.096526 -0.723961
vn -0.772192 -0.127983 -0.622366
vn -0.772192 -0.127983 -0.622366
vn -0.772192 -0.127983 -0.622366
vn -0.766026 -0.149122 -0.625273
vn -0.766026 -0.149122 -0.625273
vn -0.766026 -0.149122 -0.625273
vn -0.842022 -0.179977 -0.508535
vn -0.842022 -0.179977 -0.508535
vn -0.842022 -0.179977 -0.508535
vn -0.839297 -0.191321 -0.508898
vn -0.839297 -0.191321 -0.508898
vn -0.839297 -0.191321 -0.508898
vn -0.876660 -0.223873 -0.425850
vn -0.876660 -0.223873 -0.425850
vn -0.876660 -0.223873 -0.425850
vn -0.887268 -0.270917 -0.373308
vn -0.887268 -0.270917 -0.373308
vn -0.887268 -0.270917 -0.373308
vn -0.901787 -0.267713 -0.339278
vn -0.901787 -0.267713 -0.339278
vn -0.901787 -0.267713 -0.339278
vn -0.920511 -0.319962 -0.224242
vn -0.920511 -0.319962 -0.224242
vn -0.920511 -0.319962 -0.224242
vn -0.900259 -0.345712 -0.264605
vn -0.900259 -0.345712 -0.264605
vn -0.900259 -0.345712 -0.264605
vn -0.917672 -0.299240 -0.261406
vn -0.917672 -0.299240 -0.261406
vn -0.917672 -0.299240 -0.261406
vn -0.900643 -0.311071 -0.303442
vn -0.900643 -0.311071 -0.303442
vn -0.900643 -0.311071 -0.303442
vn -0.907834 -0.293584 -0.299408
vn -0.907834 -0.293584 -0.299408
vn -0.907834 -0.293584 -0.299408
vn -0.887993 -0.304485 -0.344613
vn -0.887993 -0.304485 -0.344613
vn -0.887993 -0.304485 -0.344613
vn -0.896293 -0.287322 -0.337794
vn -0.896293 -0.287322 -0.337794
vn -0.896293 -0.287322 -0.337794
vn -0.873336 -0.297170 -0.385972
vn -0.873336 -0.297170 -0.385972
vn -0.873336 -0.297170 -0.385972
vn -0.883000 -0.280447 -0.376378
vn -0.883000 -0.280447 -0.376378
vn -0.883000 -0.280447 -0.376378
vn -0.837979 -0.280374 -0.468169
vn -0.837979 -0.280374 -0.468169
vn -0.837979 -0.280374 -0.468169
vn -0.851110 -0.264893 -0.453258
vn -0.851110 -0.264893 -0.453258
vn -0.851110 -0.264893 -0.453258
vn -0.794873 -0.260899 -0.547821
vn -0.794873 -0.260899 -0.547821
vn -0.794873 -0.260899 -0.547821
vn -0.812334 -0.247089 -0.528261
vn -0.812334 -0.247089 -0.528261
vn -0.812334 -0.247089 -0.528261
vn -0.744918 -0.239175 -0.622811
vn -0.744918 -0.239175 -0.622811
vn -0.744918 -0.239175 -0.622811
vn -0.748828 -0.237164 -0.618878
vn -0.748828 -0.237164 -0.618878
vn -0.748828 -0.237164 -0.618878
vn -0.718426 -0.227914 -0.657206
vn -0.718426 -0.227914 -0.657206
vn -0.718426 -0.227914 -0.657206
vn -0.710262 -0.231170 -0.664897
vn -0.710262 -0.231170 -0.664897
vn -0.710262 -0.231170 -0.664897
vn -0.733041 -0.255413 -0.630408
vn -0.733041 -0.255413 -0.630408
vn -0.733041 -0.255413 -0.630408
vn -0.718399 -0.250025 -0.649145
vn -0.718399 -0.250025 -0.649145
vn -0.718399 -0.250025 -0.649145
vn -0.805913 -0.287925 -0.517303
vn -0.805913 -0.287925 -0.517303
vn -0.805913 -0.287925 -0.517303
vn -0.720654 -0.273959 -0.636871
vn -0.720654 -0.273959 -0.636871
vn -0.720654 -0.273959 -0.636871
vn -0.798324 -0.307093 -0.518047
vn -0.798324 -0.307093 -0.518047
vn -0.798324 -0.307093 -0.518047
vn -0.798321 -0.307095 -0.518051
vn -0.798321 -0.307095 -0.518051
vn -0.798321 -0.307095 -0.518051
vn -0.713492 -0.294666 -0.635689
vn -0.713492 -0.294666 -0.635689
vn -0.713492 -0.294666 -0.635689
vn -0.733323 -0.277837 -0.620519
vn -0.733323 -0.277837 -0.620519
vn -0.733323 -0.277837 -0.620519
vn -0.692950 -0.286182 -0.661755
vn -0.692950 -0.286182 -0.661755
vn -0.692950 -0.286182 -0.661755
usemtl Steel_-_Satin
f 2/1/1 45/2/2 1/3/3
f 1/3/3 45/2/2 46/4/4
f 1/3/3 46/4/4 47/5/5
f 3/6/6 43/7/7 2/1/1
f 2/1/1 43/7/7 44/8/8
f 2/1/1 44/8/8 45/2/2
f 4/9/9 41/10/10 3/6/6
f 3/6/6 41/10/10 42/11/11
f 3/6/6 42/11/11 43/7/7
f 5/12/12 39/13/13 4/9/9
f 4/9/9 39/13/13 40/14/14
f 4/9/9 40/14/14 41/10/10
f 6/15/15 37/16/16 5/12/12
f 5/12/12 37/16/16 38/17/17
f 5/12/12 38/17/17 39/13/13
f 6/15/15 7/18/18 37/16/16
f 37/16/16 7/18/18 8/19/19
f 37/16/16 8/19/19 9/20/20
f 9/20/20 10/21/21 37/16/16
f 37/16/16 10/21/21 11/22/22
f 37/16/16 11/22/22 12/23/23
f 12/23/23 13/24/24 37/16/16
f 37/16/16 13/24/24 36/25/25
f 36/25/25 13/24/24 14/26/26
f 36/25/25 14/26/26 15/27/27
f 15/27/27 16/28/28 36/25/25
f 36/25/25 16/28/28 17/29/29
f 36/25/25 17/29/29 18/30/30
f 18/30/30 19/31/31 36/25/25
f 36/25/25 19/31/31 20/32/32
f 36/25/25 20/32/32 21/33/33
f 21/33/33 22/34/34 36/25/25
f 36/25/25 22/34/34 35/35/35
f 35/35/35 22/34/34 75/36/36
f 75/36/36 22/34/34 74/37/37
f 74/37/37 22/34/34 23/38/38
f 74/37/37 23/38/38 73/39/39
f 73/39/39 23/38/38 72/40/40
f 72/40/40 23/38/38 71/41/41
f 71/41/41 23/38/38 24/42/42
f 71/41/41 24/42/42 70/43/43
f 70/43/43 24/42/42 69/44/44
f 69/44/44 24/42/42 25/45/45
f 69/44/44 25/45/45 68/46/46
f 68/46/46 25/45/45 67/47/47
f 67/47/47 25/45/45 26/48/48
f 67/47/47 26/48/48 66/49/49
f 66/49/49 26/48/48 65/50/50
f 65/50/50 26/48/48 27/51/51
f 65/50/50 27/51/51 64/52/52
f 64/52/52 27/51/51 63/53/53
f 63/53/53 27/51/51 62/54/54
f 62/54/54 27/51/51 28/55/55
f 62/54/54 28/55/55 61/56/56
f 61/56/56 28/55/55 60/57/57
f 60/57/57 28/55/55 29/58/58
f 60/57/57 29/58/58 59/59/59
f 59/59/59 29/58/58 58/60/60
f 58/60/60 29/58/58 30/61/61
f 58/60/60 30/61/61 57/62/62
f 57/62/62 30/61/61 56/63/63
f 56/63/63 30/61/61 31/64/64
f 56/63/63 31/64/64 55/65/65
f 55/65/65 31/64/64 54/66/66
f 54/66/66 31/64/64 32/67/67
f 54/66/66 32/67/67 53/68/68
f 53/68/68 32/67/67 52/69/69
f 52/69/69 32/67/67 33/70/70
f 52/69/69 33/70/70 51/71/71
f 51/71/71 33/70/70 50/72/72
f 50/72/72 33/70/70 34/73/73
f 50/72/72 34/73/73 49/74/74
f 49/74/74 34/73/73 48/75/75
f 48/75/75 34/73/73 1/3/3
f 48/75/75 1/3/3 47/5/5
f 87/76/76 76/77/77 86/78/78
f 86/78/78 76/77/77 77/79/79
f 86/78/78 77/79/79 85/80/80
f 85/80/80 77/79/79 78/81/81
f 85/80/80 78/81/81 84/82/82
f 84/82/82 78/81/81 79/83/83
f 84/82/82 79/83/83 83/84/84
f 83/84/84 79/83/83 80/85/85
f 83/84/84 80/85/85 82/86/86
f 82/86/86 80/85/85 81/87/87
f 82/86/86 81/87/87 22/88/88
f 22/88/88 81/87/87 23/89/89
f 101/90/90 88/91/91 100/92/92
f 100/92/92 88/91/91 89/93/93
f 100/92/92 89/93/93 99/94/94
f 99/94/94 89/93/93 90/95/95
f 99/94/94 90/95/95 98/96/96
f 98/96/96 90/95/95 91/97/97
f 98/96/96 91/97/97 97/98/98
f 97/98/98 91/97/97 92/99/99
f 97/98/98 92/99/99 96/100/100
f 96/100/100 92/99/99 93/101/101
f 96/100/100 93/101/101 95/102/102
f 95/102/102 93/101/101 94/103/103
f 95/102/102 94/103/103 15/104/104
f 15/104/104 94/103/103 16/105/105
f 108/106/106 101/107/107 107/108/108
f 107/108/108 101/107/107 100/109/109
f 107/108/108 100/109/109 106/110/110
f 106/110/110 100/109/109 99/111/111
f 106/110/110 99/111/111 105/112/112
f 105/112/112 99/111/111 98/113/113
f 105/112/112 98/113/113 104/114/114
f 104/114/114 98/113/113 97/115/115
f 104/114/114 97/115/115 103/116/116
f 103/116/116 97/115/115 96/117/117
f 103/116/116 96/117/117 102/118/118
f 102/118/118 96/117/117 95/119/119
f 102/118/118 95/119/119 14/120/120
f 14/120/120 95/119/119 15/121/121
f 88/122/122 109/123/123 89/124/124
f 89/124/124 109/123/123 110/125/125
f 89/124/124 110/125/125 90/126/126
f 90/126/126 110/125/125 111/127/127
f 90/126/126 111/127/127 91/128/128
f 91/128/128 111/127/127 112/129/129
f 91/128/128 112/129/129 92/130/130
f 92/130/130 112/129/129 113/131/131
f 92/130/130 113/131/131 93/132/132
f 93/132/132 113/131/131 114/133/133
f 93/132/132 114/133/133 94/134/134
f 94/134/134 114/133/133 115/135/135
f 94/134/134 115/135/135 16/136/136
f 16/136/136 115/135/135 17/137/137
f 109/138/138 116/139/139 110/140/140
f 110/140/140 116/139/139 117/141/141
f 110/140/140 117/141/141 111/142/142
f 111/142/142 117/141/141 118/143/143
f 111/142/142 118/143/143 112/144/144
f 112/144/144 118/143/143 119/145/145
f 112/144/144 119/145/145 113/146/146
f 113/146/146 119/145/145 120/147/147
f 113/146/146 120/147/147 114/148/148
f 114/148/148 120/147/147 121/149/149
f 114/148/148 121/149/149 115/150/150
f 115/150/150 121/149/149 122/151/151
f 115/150/150 122/151/151 17/152/152
f 17/152/152 122/151/151 18/153/153
f 116/154/154 123/155/155 117/156/156
f 117/156/156 123/155/155 124/157/157
f 117/156/156 124/157/157 118/158/158
f 118/158/158 124/157/157 125/159/159
f 118/158/158 125/159/159 119/160/160
f 119/160/160 125/159/159 126/161/161
f 119/160/160 126/161/161 120/162/162
f 120/162/162 126/161/161 127/163/163
f 120/162/162 127/163/163 121/164/164
f 121/164/164 127/163/163 128/165/165
f 121/164/164 128/165/165 122/166/166
f 122/166/166 128/165/165 129/167/167
f 122/166/166 129/167/167 18/168/168
f 18/168/168 129/167/167 19/169/169
f 123/170/170 130/171/171 124/172/172
f 124/172/172 130/171/171 131/173/173
f 124/172/172 131/173/173 125/174/174
f 125/174/174 131/173/173 132/175/175
f 125/174/174 132/175/175 126/176/176
f 126/176/176 132/175/175 133/177/177
f 126/176/176 133/177/177 127/178/178
f 127/178/178 133/177/177 134/179/179
f 127/178/178 134/179/179 128/180/180
f 128/180/180 134/179/179 135/181/181
f 128/180/180 135/181/181 129/182/182
f 129/182/182 135/181/181 136/183/183
f 129/182/182 136/183/183 19/184/184
f 19/184/184 136/183/183 20/185/185
f 137/186/186 87/187/187 143/188/188
f 143/188/188 87/187/187 86/189/189
f 143/188/188 86/189/189 142/190/190
f 142/190/190 86/189/189 85/191/191
f 142/190/190 85/191/191 141/192/192
f 141/192/192 85/191/191 84/193/193
f 141/192/192 84/193/193 140/194/194
f 140/194/194 84/193/193 83/195/195
f 140/194/194 83/195/195 139/196/196
f 139/196/196 83/195/195 82/197/197
f 139/196/196 82/197/197 138/198/198
f 138/198/198 82/197/197 22/199/199
f 138/198/198 22/199/199 21/200/200
f 130/201/201 137/202/202 131/203/203
f 131/203/203 137/202/202 143/204/204
f 131/203/203 143/204/204 132/205/205
f 132/205/205 143/204/204 142/206/206
f 132/205/205 142/206/206 133/207/207
f 133/207/207 142/206/206 141/208/208
f 133/207/207 141/208/208 134/209/209
f 134/209/209 141/208/208 140/210/210
f 134/209/209 140/210/210 135/211/211
f 135/211/211 140/210/210 139/212/212
f 135/211/211 139/212/212 136/213/213
f 136/213/213 139/212/212 138/214/214
f 136/213/213 138/214/214 20/215/215
f 20/215/215 138/214/214 21/216/216
f 155/217/217 144/218/218 154/219/219
f 154/219/219 144/218/218 145/220/220
f 154/219/219 145/220/220 153/221/221
f 153/221/221 145/220/220 146/222/222
f 153/221/221 146/222/222 152/223/223
f 152/223/223 146/222/222 147/224/224
f 152/223/223 147/224/224 151/225/225
f 151/225/225 147/224/224 148/226/226
f 151/225/225 148/226/226 150/227/227
f 150/227/227 148/226/226 149/228/228
f 150/227/227 149/228/228 6/229/229
f 6/229/229 5/230/230 150/227/227
f 169/231/231 156/232/232 168/233/233
f 168/233/233 156/232/232 157/234/234
f 168/233/233 157/234/234 167/235/235
f 167/235/235 157/234/234 158/236/236
f 167/235/235 158/236/236 166/237/237
f 166/237/237 158/236/236 159/238/238
f 166/237/237 159/238/238 165/239/239
f 165/239/239 159/238/238 160/240/240
f 165/239/239 160/240/240 164/241/241
f 164/241/241 160/240/240 161/242/242
f 164/241/241 161/242/242 163/243/243
f 163/243/243 161/242/242 162/244/244
f 163/243/243 162/244/244 9/245/245
f 9/245/245 162/244/244 10/246/246
f 176/247/247 169/248/248 175/249/249
f 175/249/249 169/248/248 168/250/250
f 175/249/249 168/250/250 174/251/251
f 174/251/251 168/250/250 167/252/252
f 174/251/251 167/252/252 173/253/253
f 173/253/253 167/252/252 166/254/254
f 173/253/253 166/254/254 172/255/255
f 172/255/255 166/254/254 165/256/256
f 172/255/255 165/256/256 171/257/257
f 171/257/257 165/256/256 164/258/258
f 171/257/257 164/258/258 170/259/259
f 170/259/259 164/258/258 163/260/260
f 170/259/259 163/260/260 8/261/261
f 8/261/261 163/260/260 9/262/262
f 156/263/263 177/264/264 157/265/265
f 157/265/265 177/264/264 178/266/266
f 157/265/265 178/266/266 158/267/267
f 158/267/267 178/266/266 179/268/268
f 158/267/267 179/268/268 159/269/269
f 159/269/269 179/268/268 180/270/270
f 159/269/269 180/270/270 160/271/271
f 160/271/271 180/270/270 181/272/272
f 160/271/271 181/272/272 161/273/273
f 161/273/273 181/272/272 182/274/274
f 161/273/273 182/274/274 162/275/275
f 162/275/275 182/274/274 183/276/276
f 162/275/275 183/276/276 10/277/277
f 10/277/277 183/276/276 11/278/278
f 190/279/279 176/280/280 189/281/281
f 189/281/281 176/280/280 175/282/282
f 189/281/281 175/282/282 188/283/283
f 188/283/283 175/282/282 174/284/284
f 188/283/283 174/284/284 187/285/285
f 187/285/285 174/284/284 173/286/286
f 187/285/285 173/286/286 186/287/287
f 186/287/287 173/286/286 172/288/288
f 186/287/287 172/288/288 185/289/289
f 185/289/289 172/288/288 171/290/290
f 185/289/289 171/290/290 184/291/291
f 184/291/291 171/290/290 170/292/292
f 184/291/291 170/292/292 7/293/293
f 7/293/293 170/292/292 8/294/294
f 177/295/295 191/296/296 178/297/297
f 178/297/297 191/296/296 192/298/298
f 178/297/297 192/298/298 179/299/299
f 179/299/299 192/298/298 193/300/300
f 179/299/299 193/300/300 180/301/301
f 180/301/301 193/300/300 194/302/302
f 180/301/301 194/302/302 181/303/303
f 181/303/303 194/302/302 195/304/304
f 181/303/303 195/304/304 182/305/305
f 182/305/305 195/304/304 196/306/306
f 182/305/305 196/306/306 183/307/307
f 183/307/307 196/306/306 197/308/308
f 183/307/307 197/308/308 11/309/309
f 11/309/309 197/308/308 12/310/310
f 198/311/311 190/312/312 144/313/313
f 144/313/313 190/312/312 189/314/314
f 144/313/313 189/314/314 145/315/315
f 145/315/315 189/314/314 188/316/316
f 145/315/315 188/316/316 146/317/317
f 146/317/317 188/316/316 187/318/318
f 146/317/317 187/318/318 147/319/319
f 147/319/319 187/318/318 186/320/320
f 147/319/319 186/320/320 148/321/321
f 148/321/321 186/320/320 185/322/322
f 148/321/321 185/322/322 149/323/323
f 149/323/323 185/322/322 184/324/324
f 149/323/323 184/324/324 6/325/325
f 6/325/325 184/324/324 7/326/326
f 191/327/327 199/328/328 192/329/329
f 192/329/329 199/328/328 200/330/330
f 192/329/329 200/330/330 193/331/331
f 193/331/331 200/330/330 201/332/332
f 193/331/331 201/332/332 194/333/333
f 194/333/333 201/332/332 202/334/334
f 194/333/333 202/334/334 195/335/335
f 195/335/335 202/334/334 203/336/336
f 195/335/335 203/336/336 196/337/337
f 196/337/337 203/336/336 204/338/338
f 196/337/337 204/338/338 197/339/339
f 197/339/339 204/338/338 205/340/340
f 197/339/339 205/340/340 12/341/341
f 12/341/341 205/340/340 13/342/342
f 199/343/343 108/344/344 200/345/345
f 200/345/345 108/344/344 107/346/346
f 200/345/345 107/346/346 201/347/347
f 201/347/347 107/346/346 106/348/348
f 201/347/347 106/348/348 202/349/349
f 202/349/349 106/348/348 105/350/350
f 202/349/349 105/350/350 203/351/351
f 203/351/351 105/350/350 104/352/352
f 203/351/351 104/352/352 204/353/353
f 204/353/353 104/352/352 103/354/354
f 204/353/353 103/354/354 205/355/355
f 205/355/355 103/354/354 102/356/356
f 205/355/355 102/356/356 13/357/357
f 13/357/357 102/356/356 14/358/358
f 206/359/359 207/360/360 217/361/361
f 217/361/361 207/360/360 219/362/362
f 217/361/361 219/362/362 216/363/363
f 216/363/363 219/362/362 221/364/364
f 216/363/363 221/364/364 215/365/365
f 215/365/365 221/364/364 214/366/366
f 214/366/366 221/364/364 220/367/367
f 214/366/366 220/367/367 213/368/368
f 213/368/368 220/367/367 211/369/369
f 213/368/368 211/369/369 212/370/370
f 207/360/360 208/371/371 219/362/362
f 219/362/362 208/371/371 218/372/372
f 219/362/362 218/372/372 221/364/364
f 221/364/364 218/372/372 220/367/367
f 208/371/371 209/373/373 218/372/372
f 218/372/372 209/373/373 210/374/374
f 218/372/372 210/374/374 220/367/367
f 220/367/367 210/374/374 211/369/369
f 222/375/375 206/376/376 225/377/377
f 225/377/377 206/376/376 217/378/378
f 225/377/377 217/378/378 224/379/379
f 224/379/379 217/378/378 216/380/380
f 224/379/379 216/380/380 223/381/381
f 223/381/381 216/380/380 215/382/382
f 209/383/383 226/384/384 210/385/385
f 210/385/385 226/384/384 227/386/386
f 210/385/385 227/386/386 211/387/387
f 211/387/387 227/386/386 228/388/388
f 211/387/387 228/388/388 212/389/389
f 212/389/389 228/388/388 229/390/390
f 243/391/391 230/392/392 242/393/393
f 242/393/393 230/392/392 231/394/394
f 242/393/393 231/394/394 241/395/395
f 241/395/395 231/394/394 232/396/396
f 241/395/395 232/396/396 240/397/397
f 240/397/397 232/396/396 233/398/398
f 240/397/397 233/398/398 239/399/399
f 239/399/399 233/398/398 234/400/400
f 239/399/399 234/400/400 238/401/401
f 238/401/401 234/400/400 235/402/402
f 238/401/401 235/402/402 237/403/403
f 237/403/403 235/402/402 236/404/404
f 237/403/403 236/404/404 27/405/405
f 27/405/405 236/404/404 28/406/406
f 250/407/407 243/408/408 249/409/409
f 249/409/409 243/408/408 242/410/410
f 249/409/409 242/410/410 248/411/411
f 248/411/411 242/410/410 241/412/412
f 248/411/411 241/412/412 247/413/413
f 247/413/413 241/412/412 240/414/414
f 247/413/413 240/414/414 246/415/415
f 246/415/415 240/414/414 239/416/416
f 246/415/415 239/416/416 245/417/417
f 245/417/417 239/416/416 238/418/418
f 245/417/417 238/418/418 244/419/419
f 244/419/419 238/418/418 237/420/420
f 244/419/419 237/420/420 26/421/421
f 26/421/421 237/420/420 27/422/422
f 230/423/423 251/424/424 231/425/425
f 231/425/425 251/424/424 252/426/426
f 231/425/425 252/426/426 232/427/427
f 232/427/427 252/426/426 253/428/428
f 232/427/427 253/428/428 233/429/429
f 233/429/429 253/428/428 254/430/430
f 233/429/429 254/430/430 234/431/431
f 234/431/431 254/430/430 255/432/432
f 234/431/431 255/432/432 235/433/433
f 235/433/433 255/432/432 256/434/434
f 235/433/433 256/434/434 236/435/435
f 236/435/435 256/434/434 257/436/436
f 236/435/435 257/436/436 28/437/437
f 28/437/437 257/436/436 29/438/438
f 264/439/439 250/440/440 263/441/441
f 263/441/441 250/440/440 249/442/442
f 263/441/441 249/442/442 262/443/443
f 262/443/443 249/442/442 248/444/444
f 262/443/443 248/444/444 261/445/445
f 261/445/445 248/444/444 247/446/446
f 261/445/445 247/446/446 260/447/447
f 260/447/447 247/446/446 246/448/448
f 260/447/447 246/448/448 259/449/449
f 259/449/449 246/448/448 245/450/450
f 259/449/449 245/450/450 258/451/451
f 258/451/451 245/450/450 244/452/452
f 258/451/451 244/452/452 25/453/453
f 25/453/453 244/452/452 26/454/454
f 251/455/455 265/456/456 252/457/457
f 252/457/457 265/456/456 266/458/458
f 252/457/457 266/458/458 253/459/459
f 253/459/459 266/458/458 267/460/460
f 253/459/459 267/460/460 254/461/461
f 254/461/461 267/460/460 268/462/462
f 254/461/461 268/462/462 255/463/463
f 255/463/463 268/462/462 269/464/464
f 255/463/463 269/464/464 256/465/465
f 256/465/465 269/464/464 270/466/466
f 256/465/465 270/466/466 257/467/467
f 257/467/467 270/466/466 271/468/468
f 257/467/467 271/468/468 29/469/469
f 29/469/469 271/468/468 30/470/470
f 278/471/471 264/472/472 277/473/473
f 277/473/473 264/472/472 263/474/474
f 277/473/473 263/474/474 276/475/475
f 276/475/475 263/474/474 262/476/476
f 276/475/475 262/476/476 275/477/477
f 275/477/477 262/476/476 261/478/478
f 275/477/477 261/478/478 274/479/479
f 274/479/479 261/478/478 260/480/480
f 274/479/479 260/480/480 273/481/481
f 273/481/481 260/480/480 259/482/482
f 273/481/481 259/482/482 272/483/483
f 272/483/483 259/482/482 258/484/484
f 272/483/483 258/484/484 24/485/485
f 24/485/485 258/484/484 25/486/486
f 279/487/487 278/488/488 76/489/489
f 76/489/489 278/488/488 277/490/490
f 76/489/489 277/490/490 77/491/491
f 77/491/491 277/490/490 276/492/492
f 77/491/491 276/492/492 78/493/493
f 78/493/493 276/492/492 275/494/494
f 78/493/493 275/494/494 79/495/495
f 79/495/495 275/494/494 274/496/496
f 79/495/495 274/496/496 80/497/497
f 80/497/497 274/496/496 273/498/498
f 80/497/497 273/498/498 81/499/499
f 81/499/499 273/498/498 272/500/500
f 81/499/499 272/500/500 23/501/501
f 23/501/501 272/500/500 24/502/502
f 280/503/503 76/504/504 87/505/505
f 280/506/506 87/507/507 137/508/508
f 279/509/509 76/510/510 280/511/511
f 294/512/512 281/513/513 293/514/514
f 293/514/514 281/513/513 282/515/515
f 293/514/514 282/515/515 292/516/516
f 292/516/516 282/515/515 283/517/517
f 292/516/516 283/517/517 291/518/518
f 291/518/518 283/517/517 284/519/519
f 291/518/518 284/519/519 290/520/520
f 290/520/520 284/519/519 285/521/521
f 290/520/520 285/521/521 289/522/522
f 289/522/522 285/521/521 286/523/523
f 289/522/522 286/523/523 288/524/524
f 288/524/524 286/523/523 287/525/525
f 288/524/524 287/525/525 1/526/526
f 1/526/526 287/525/525 2/527/527
f 281/528/528 295/529/529 282/530/530
f 282/530/530 295/529/529 296/531/531
f 282/530/530 296/531/531 283/532/532
f 283/532/532 296/531/531 297/533/533
f 283/532/532 297/533/533 284/534/534
f 284/534/534 297/533/533 298/535/535
f 284/534/534 298/535/535 285/536/536
f 285/536/536 298/535/535 299/537/537
f 285/536/536 299/537/537 286/538/538
f 286/538/538 299/537/537 300/539/539
f 286/538/538 300/539/539 287/540/540
f 287/540/540 300/539/539 301/541/541
f 287/540/540 301/541/541 2/542/542
f 2/542/542 301/541/541 3/543/543
f 308/544/544 294/545/545 307/546/546
f 307/546/546 294/545/545 293/547/547
f 307/546/546 293/547/547 306/548/548
f 306/548/548 293/547/547 292/549/549
f 306/548/548 292/549/549 305/550/550
f 305/550/550 292/549/549 291/551/551
f 305/550/550 291/551/551 304/552/552
f 304/552/552 291/551/551 290/553/553
f 304/552/552 290/553/553 303/554/554
f 303/554/554 290/553/553 289/555/555
f 303/554/554 289/555/555 302/556/556
f 302/556/556 289/555/555 288/557/557
f 302/556/556 288/557/557 34/558/558
f 34/558/558 288/557/557 1/559/559
f 309/560/560 155/561/561 315/562/562
f 315/562/562 155/561/561 154/563/563
f 315/562/562 154/563/563 314/564/564
f 314/564/564 154/563/563 153/565/565
f 314/564/564 153/565/565 313/566/566
f 313/566/566 153/565/565 152/567/567
f 313/566/566 152/567/567 312/568/568
f 312/568/568 152/567/567 151/569/569
f 312/568/568 151/569/569 311/570/570
f 311/570/570 151/569/569 150/571/571
f 311/570/570 150/571/571 310/572/572
f 310/572/572 150/571/571 5/573/573
f 310/572/572 5/573/573 4/574/574
f 295/575/575 309/576/576 296/577/577
f 296/577/577 309/576/576 315/578/578
f 296/577/577 315/578/578 297/579/579
f 297/579/579 315/578/578 314/580/580
f 297/579/579 314/580/580 298/581/581
f 298/581/581 314/580/580 313/582/582
f 298/581/581 313/582/582 299/583/583
f 299/583/583 313/582/582 312/584/584
f 299/583/583 312/584/584 300/585/585
f 300/585/585 312/584/584 311/586/586
f 300/585/585 311/586/586 301/587/587
f 301/587/587 311/586/586 310/588/588
f 301/587/587 310/588/588 3/589/589
f 3/589/589 310/588/588 4/590/590
f 322/591/591 308/592/592 321/593/593
f 321/593/593 308/592/592 307/594/594
f 321/593/593 307/594/594 320/595/595
f 320/595/595 307/594/594 306/596/596
f 320/595/595 306/596/596 319/597/597
f 319/597/597 306/596/596 305/598/598
f 319/597/597 305/598/598 318/599/599
f 318/599/599 305/598/598 304/600/600
f 318/599/599 304/600/600 317/601/601
f 317/601/601 304/600/600 303/602/602
f 317/601/601 303/602/602 316/603/603
f 316/603/603 303/602/602 302/604/604
f 316/603/603 302/604/604 33/605/605
f 33/605/605 302/604/604 34/606/606
f 323/607/607 144/608/608 155/609/609
f 323/610/610 155/611/611 309/612/612
f 198/613/613 144/614/614 323/615/615
f 330/616/616 322/617/617 329/618/618
f 329/618/618 322/617/617 321/619/619
f 329/618/618 321/619/619 328/620/620
f 328/620/620 321/619/619 320/621/621
f 328/620/620 320/621/621 327/622/622
f 327/622/622 320/621/621 319/623/623
f 327/622/622 319/623/623 326/624/624
f 326/624/624 319/623/623 318/625/625
f 326/624/624 318/625/625 325/626/626
f 325/626/626 318/625/625 317/627/627
f 325/626/626 317/627/627 324/628/628
f 324/628/628 317/627/627 316/629/629
f 324/628/628 316/629/629 32/630/630
f 32/630/630 316/629/629 33/631/631
f 226/632/632 331/633/633 227/634/634
f 227/634/634 331/633/633 332/635/635
f 227/634/634 332/635/635 228/636/636
f 228/636/636 332/635/635 333/637/637
f 228/636/636 333/637/637 229/638/638
f 229/638/638 333/637/637 334/639/639
f 265/640/640 335/641/641 266/642/642
f 266/642/642 335/641/641 336/643/643
f 266/642/642 336/643/643 267/644/644
f 267/644/644 336/643/643 337/645/645
f 267/644/644 337/645/645 268/646/646
f 268/646/646 337/645/645 338/647/647
f 268/646/646 338/647/647 269/648/648
f 269/648/648 338/647/647 339/649/649
f 269/648/648 339/649/649 270/650/650
f 270/650/650 339/649/649 340/651/651
f 270/650/650 340/651/651 271/652/652
f 271/652/652 340/651/651 341/653/653
f 271/652/652 341/653/653 30/654/654
f 30/654/654 341/653/653 31/655/655
f 335/656/656 330/657/657 336/658/658
f 336/658/658 330/657/657 329/659/659
f 336/658/658 329/659/659 337/660/660
f 337/660/660 329/659/659 328/661/661
f 337/660/660 328/661/661 338/662/662
f 338/662/662 328/661/661 327/663/663
f 338/662/662 327/663/663 339/664/664
f 339/664/664 327/663/663 326/665/665
f 339/664/664 326/665/665 340/666/666
f 340/666/666 326/665/665 325/667/667
f 340/666/666 325/667/667 341/668/668
f 341/668/668 325/667/667 324/669/669
f 341/668/668 324/669/669 31/670/670
f 31/670/670 324/669/669 32/671/671
f 342/672/672 222/673/673 345/674/674
f 345/674/674 222/673/673 225/675/675
f 345/674/674 225/675/675 344/676/676
f 344/676/676 225/675/675 224/677/677
f 344/676/676 224/677/677 343/678/678
f 343/678/678 224/677/677 223/679/679
f 346/680/680 347/681/681 353/682/682
f 353/682/682 347/681/681 355/683/683
f 353/682/682 355/683/683 352/684/684
f 352/684/684 355/683/683 357/685/685
f 352/684/684 357/685/685 351/686/686
f 351/686/686 357/685/685 350/687/687
f 350/687/687 357/685/685 356/688/688
f 350/687/687 356/688/688 349/689/689
f 349/689/689 356/688/688 344/690/690
f 349/689/689 344/690/690 343/691/691
f 347/681/681 348/692/692 355/683/683
f 355/683/683 348/692/692 354/693/693
f 355/683/683 354/693/693 357/685/685
f 357/685/685 354/693/693 356/688/688
f 348/692/692 342/694/694 354/693/693
f 354/693/693 342/694/694 345/695/695
f 354/693/693 345/695/695 356/688/688
f 356/688/688 345/695/695 344/690/690
f 358/696/696 346/697/697 361/698/698
f 361/698/698 346/697/697 353/699/699
f 361/698/698 353/699/699 360/700/700
f 360/700/700 353/699/699 352/701/701
f 360/700/700 352/701/701 359/702/702
f 359/702/702 352/701/701 351/703/703
f 331/704/704 362/705/705 332/706/706
f 332/706/706 362/705/705 371/707/707
f 332/706/706 371/707/707 333/708/708
f 333/708/708 371/707/707 373/709/709
f 333/708/708 373/709/709 334/710/710
f 334/710/710 373/709/709 369/711/711
f 369/711/711 373/709/709 372/712/712
f 369/711/711 372/712/712 368/713/713
f 368/713/713 372/712/712 366/714/714
f 368/713/713 366/714/714 367/715/715
f 362/705/705 363/716/716 371/707/707
f 371/707/707 363/716/716 370/717/717
f 371/707/707 370/717/717 373/709/709
f 373/709/709 370/717/717 372/712/712
f 363/716/716 364/718/718 370/717/717
f 370/717/717 364/718/718 365/719/719
f 370/717/717 365/719/719 372/712/712
f 372/712/712 365/719/719 366/714/714
f 374/720/720 358/721/721 377/722/722
f 377/722/722 358/721/721 361/723/723
f 377/722/722 361/723/723 376/724/724
f 376/724/724 361/723/723 360/725/725
f 376/724/724 360/725/725 375/726/726
f 375/726/726 360/725/725 359/727/727
f 364/728/728 378/729/729 365/730/730
f 365/730/730 378/729/729 379/731/731
f 365/730/730 379/731/731 366/732/732
f 366/732/732 379/731/731 380/733/733
f 366/732/732 380/733/733 367/734/734
f 367/734/734 380/733/733 381/735/735
f 330/736/736 335/737/737 385/738/738
f 385/738/738 335/737/737 265/739/739
f 385/738/738 265/739/739 382/740/740
f 382/740/740 265/739/739 389/741/741
f 382/740/740 389/741/741 346/742/742
f 346/742/742 389/741/741 347/743/743
f 347/743/743 389/741/741 278/744/744
f 347/743/743 278/744/744 279/745/745
f 265/739/739 251/746/746 389/741/741
f 389/741/741 251/746/746 230/747/747
f 389/741/741 230/747/747 243/748/748
f 243/748/748 250/749/749 389/741/741
f 389/741/741 250/749/749 264/750/750
f 389/741/741 264/750/750 278/744/744
f 279/745/745 280/751/751 347/743/743
f 347/743/743 280/751/751 348/752/752
f 348/752/752 280/751/751 137/753/753
f 348/752/752 137/753/753 130/754/754
f 348/752/752 130/754/754 388/755/755
f 388/755/755 130/754/754 123/756/756
f 388/755/755 123/756/756 116/757/757
f 116/757/757 109/758/758 388/755/755
f 388/755/755 109/758/758 88/759/759
f 388/755/755 88/759/759 101/760/760
f 101/760/760 108/761/761 388/755/755
f 388/755/755 108/761/761 208/762/762
f 388/755/755 208/762/762 207/763/763
f 108/761/761 199/764/764 208/762/762
f 208/762/762 199/764/764 387/765/765
f 208/762/762 387/765/765 331/766/766
f 331/766/766 387/765/765 362/767/767
f 362/767/767 387/765/765 190/768/768
f 362/767/767 190/768/768 198/769/769
f 199/764/764 191/770/770 387/765/765
f 387/765/765 191/770/770 177/771/771
f 387/765/765 177/771/771 156/772/772
f 156/772/772 169/773/773 387/765/765
f 387/765/765 169/773/773 176/774/774
f 387/765/765 176/774/774 190/768/768
f 198/769/769 323/775/775 362/767/767
f 362/767/767 323/775/775 363/776/776
f 363/776/776 323/775/775 309/777/777
f 363/776/776 309/777/777 295/778/778
f 363/776/776 295/778/778 386/779/779
f 386/779/779 295/778/778 281/780/780
f 386/779/779 281/780/780 385/738/738
f 385/738/738 281/780/780 294/781/781
f 385/738/738 294/781/781 308/782/782
f 308/782/782 322/783/783 385/738/738
f 385/738/738 322/783/783 330/736/736
f 378/784/784 364/785/785 384/786/786
f 384/786/786 364/785/785 383/787/787
f 383/787/787 364/785/785 386/779/779
f 383/787/787 386/779/779 385/738/738
f 364/785/785 363/776/776 386/779/779
f 226/788/788 209/789/789 331/766/766
f 331/766/766 209/789/789 208/762/762
f 388/755/755 207/763/763 342/790/790
f 342/790/790 207/763/763 206/791/791
f 342/790/790 206/791/791 222/792/792
f 342/790/790 348/752/752 388/755/755
f 358/793/793 374/794/794 346/742/742
f 346/742/742 374/794/794 382/740/740
f 382/740/740 383/787/787 385/738/738
f 381/795/795 390/796/796 367/797/797
f 367/797/797 390/796/796 391/798/798
f 367/797/797 391/798/798 393/799/799
f 393/799/799 391/798/798 395/800/800
f 393/799/799 395/800/800 396/801/801
f 396/801/801 395/800/800 349/802/802
f 396/801/801 349/802/802 343/803/803
f 391/798/798 392/804/804 395/800/800
f 395/800/800 392/804/804 351/805/805
f 395/800/800 351/805/805 350/806/806
f 392/804/804 375/807/807 351/805/805
f 351/805/805 375/807/807 359/808/808
f 350/806/806 349/802/802 395/800/800
f 223/809/809 215/810/810 343/803/803
f 343/803/803 215/810/810 214/811/811
f 343/803/803 214/811/811 396/801/801
f 396/801/801 214/811/811 394/812/812
f 396/801/801 394/812/812 393/799/799
f 393/799/799 394/812/812 368/813/813
f 393/799/799 368/813/813 367/797/797
f 214/811/811 213/814/814 394/812/812
f 394/812/812 213/814/814 334/815/815
f 394/812/812 334/815/815 369/816/816
f 213/814/814 212/817/817 334/815/815
f 334/815/815 212/817/817 229/818/818
f 369/816/816 368/813/813 394/812/812
f 384/819/819 383/820/820 398/821/821
f 398/821/821 383/820/820 400/822/822
f 398/821/821 400/822/822 397/823/823
f 397/823/823 400/822/822 402/824/824
f 397/823/823 402/824/824 390/825/825
f 390/825/825 402/824/824 391/826/826
f 391/826/826 402/824/824 401/827/827
f 391/826/826 401/827/827 392/828/828
f 392/828/828 401/827/827 376/829/829
f 392/828/828 376/829/829 375/830/830
f 383/820/820 382/831/831 400/822/822
f 400/822/822 382/831/831 399/832/832
f 400/822/822 399/832/832 402/824/824
f 402/824/824 399/832/832 401/827/827
f 382/831/831 374/833/833 399/832/832
f 399/832/832 374/833/833 377/834/834
f 399/832/832 377/834/834 401/827/827
f 401/827/827 377/834/834 376/829/829
f 378/835/835 384/836/836 379/837/837
f 379/837/837 384/836/836 398/838/838
f 379/837/837 398/838/838 380/839/839
f 380/839/839 398/838/838 397/840/840
f 380/839/839 397/840/840 381/841/841
f 381/841/841 397/840/840 390/842/842
f 56/843/843 55/844/844 404/845/845
f 404/845/845 55/844/844 403/846/846
f 55/847/847 54/848/848 403/849/849
f 403/849/849 54/848/848 405/850/850
f 54/851/851 53/852/852 405/853/853
f 405/853/853 53/852/852 406/854/854
f 53/855/855 52/856/856 406/857/857
f 406/857/857 52/856/856 407/858/858
f 52/859/859 51/860/860 407/861/861
f 407/861/861 51/860/860 408/862/862
f 51/863/863 50/864/864 408/865/865
f 408/865/865 50/864/864 409/866/866
f 50/867/867 49/868/868 409/869/869
f 409/869/869 49/868/868 410/870/870
f 49/871/871 48/872/872 410/873/873
f 410/873/873 48/872/872 411/874/874
f 48/875/875 47/876/876 411/877/877
f 411/877/877 47/876/876 412/878/878
f 47/879/879 46/880/880 412/881/881
f 412/881/881 46/880/880 413/882/882
f 46/883/883 45/884/884 413/885/885
f 413/885/885 45/884/884 414/886/886
f 45/887/887 44/888/888 414/889/889
f 414/889/889 44/888/888 415/890/890
f 44/891/891 43/892/892 415/893/893
f 415/893/893 43/892/892 416/894/894
f 43/895/895 42/896/896 416/897/897
f 416/897/897 42/896/896 417/898/898
f 42/899/899 41/900/900 417/901/901
f 417/901/901 41/900/900 418/902/902
f 41/903/903 40/904/904 418/905/905
f 418/905/905 40/904/904 419/906/906
f 40/907/907 39/908/908 419/909/909
f 419/909/909 39/908/908 420/910/910
f 39/911/911 38/912/912 420/913/913
f 420/913/913 38/912/912 421/914/914
f 38/915/915 37/916/916 421/917/917
f 421/917/917 37/916/916 422/918/918
f 36/919/919 423/920/920 37/921/921
f 37/921/921 423/920/920 422/922/922
f 422/922/922 423/920/920 425/923/923
f 422/922/922 425/923/923 487/924/924
f 487/924/924 425/923/923 486/925/925
f 486/925/925 425/923/923 426/926/926
f 486/925/925 426/926/926 485/927/927
f 485/927/927 426/926/926 427/928/928
f 485/927/927 427/928/928 428/929/929
f 423/920/920 424/930/930 425/923/923
f 485/927/927 428/929/929 484/931/931
f 484/931/931 428/929/929 429/932/932
f 484/931/931 429/932/932 483/933/933
f 483/933/933 429/932/932 430/934/934
f 483/933/933 430/934/934 482/935/935
f 482/935/935 430/934/934 431/936/936
f 482/935/935 431/936/936 481/937/937
f 481/937/937 431/936/936 432/938/938
f 481/937/937 432/938/938 480/939/939
f 480/939/939 432/938/938 433/940/940
f 480/939/939 433/940/940 479/941/941
f 479/941/941 433/940/940 434/942/942
f 479/941/941 434/942/942 478/943/943
f 478/943/943 434/942/942 435/944/944
f 478/943/943 435/944/944 477/945/945
f 477/945/945 435/944/944 436/946/946
f 477/945/945 436/946/946 476/947/947
f 476/947/947 436/946/946 437/948/948
f 476/947/947 437/948/948 475/949/949
f 475/949/949 437/948/948 438/950/950
f 475/949/949 438/950/950 521/951/951
f 521/951/951 438/950/950 439/952/952
f 521/951/951 439/952/952 520/953/953
f 520/953/953 439/952/952 440/954/954
f 520/953/953 440/954/954 519/955/955
f 519/955/955 440/954/954 441/956/956
f 519/955/955 441/956/956 518/957/957
f 518/957/957 441/956/956 442/958/958
f 518/957/957 442/958/958 517/959/959
f 517/959/959 442/958/958 443/960/960
f 517/959/959 443/960/960 516/961/961
f 516/961/961 443/960/960 444/962/962
f 516/961/961 444/962/962 515/963/963
f 515/963/963 444/962/962 445/964/964
f 515/963/963 445/964/964 514/965/965
f 514/965/965 445/964/964 446/966/966
f 514/965/965 446/966/966 447/967/967
f 514/965/965 447/967/967 513/968/968
f 513/968/968 447/967/967 448/969/969
f 513/968/968 448/969/969 512/970/970
f 512/970/970 448/969/969 449/971/971
f 512/970/970 449/971/971 511/972/972
f 511/972/972 449/971/971 450/973/973
f 511/972/972 450/973/973 510/974/974
f 510/974/974 450/973/973 451/975/975
f 510/974/974 451/975/975 509/976/976
f 509/976/976 451/975/975 452/977/977
f 509/976/976 452/977/977 508/978/978
f 508/978/978 452/977/977 453/979/979
f 508/978/978 453/979/979 507/980/980
f 507/980/980 453/979/979 454/981/981
f 507/980/980 454/981/981 506/982/982
f 506/982/982 454/981/981 455/983/983
f 506/982/982 455/983/983 505/984/984
f 505/984/984 455/983/983 456/985/985
f 505/984/984 456/985/985 504/986/986
f 504/986/986 456/985/985 457/987/987
f 504/986/986 457/987/987 503/988/988
f 503/988/988 457/987/987 458/989/989
f 503/988/988 458/989/989 502/990/990
f 502/990/990 458/989/989 459/991/991
f 502/990/990 459/991/991 501/992/992
f 501/992/992 459/991/991 460/993/993
f 501/992/992 460/993/993 500/994/994
f 500/994/994 460/993/993 461/995/995
f 500/994/994 461/995/995 499/996/996
f 499/996/996 461/995/995 462/997/997
f 499/996/996 462/997/997 498/998/998
f 498/998/998 462/997/997 463/999/999
f 498/998/998 463/999/999 497/1000/1000
f 497/1000/1000 463/999/999 464/1001/1001
f 497/1000/1000 464/1001/1001 496/1002/1002
f 496/1002/1002 464/1001/1001 465/1003/1003
f 496/1002/1002 465/1003/1003 495/1004/1004
f 495/1004/1004 465/1003/1003 466/1005/1005
f 495/1004/1004 466/1005/1005 494/1006/1006
f 494/1006/1006 466/1005/1005 467/1007/1007
f 494/1006/1006 467/1007/1007 493/1008/1008
f 493/1008/1008 467/1007/1007 468/1009/1009
f 493/1008/1008 468/1009/1009 492/1010/1010
f 492/1010/1010 468/1009/1009 469/1011/1011
f 492/1010/1010 469/1011/1011 491/1012/1012
f 491/1012/1012 469/1011/1011 470/1013/1013
f 491/1012/1012 470/1013/1013 471/1014/1014
f 491/1012/1012 471/1014/1014 490/1015/1015
f 490/1015/1015 471/1014/1014 472/1016/1016
f 490/1015/1015 472/1016/1016 489/1017/1017
f 489/1017/1017 472/1016/1016 473/1018/1018
f 489/1017/1017 473/1018/1018 488/1019/1019
f 488/1019/1019 473/1018/1018 474/1020/1020
f 488/1019/1019 474/1020/1020 422/922/922
f 487/924/924 488/1019/1019 422/922/922
f 75/1021/1021 74/1022/1022 523/1023/1023
f 523/1023/1023 74/1022/1022 522/1024/1024
f 73/1025/1025 72/1026/1026 525/1027/1027
f 525/1027/1027 72/1026/1026 524/1028/1028
f 72/1029/1029 71/1030/1030 524/1031/1031
f 524/1031/1031 71/1030/1030 526/1032/1032
f 71/1033/1033 70/1034/1034 526/1035/1035
f 526/1035/1035 70/1034/1034 527/1036/1036
f 70/1037/1037 69/1038/1038 527/1039/1039
f 527/1039/1039 69/1038/1038 528/1040/1040
f 69/1041/1041 68/1042/1042 528/1043/1043
f 528/1043/1043 68/1042/1042 529/1044/1044
f 68/1045/1045 67/1046/1046 529/1047/1047
f 529/1047/1047 67/1046/1046 530/1048/1048
f 67/1049/1049 66/1050/1050 530/1051/1051
f 530/1051/1051 66/1050/1050 531/1052/1052
f 66/1053/1053 65/1054/1054 531/1055/1055
f 531/1055/1055 65/1054/1054 532/1056/1056
f 65/1057/1057 64/1058/1058 532/1059/1059
f 532/1059/1059 64/1058/1058 533/1060/1060
f 64/1061/1061 63/1062/1062 533/1063/1063
f 533/1063/1063 63/1062/1062 534/1064/1064
f 63/1065/1065 62/1066/1066 534/1067/1067
f 534/1067/1067 62/1066/1066 535/1068/1068
f 62/1069/1069 61/1070/1070 535/1071/1071
f 535/1071/1071 61/1070/1070 536/1072/1072
f 61/1073/1073 60/1074/1074 536/1075/1075
f 536/1075/1075 60/1074/1074 537/1076/1076
f 60/1077/1077 59/1078/1078 537/1079/1079
f 537/1079/1079 59/1078/1078 538/1080/1080
f 59/1081/1081 58/1082/1082 538/1083/1083
f 538/1083/1083 58/1082/1082 539/1084/1084
f 58/1085/1085 57/1086/1086 539/1087/1087
f 539/1087/1087 57/1086/1086 540/1088/1088
f 57/1089/1089 56/1090/1090 540/1091/1091
f 540/1091/1091 56/1090/1090 404/1092/1092
f 36/1093/1093 35/1094/1094 423/1095/1095
f 423/1095/1095 35/1094/1094 541/1096/1096
f 424/1097/1097 423/1098/1098 541/1099/1099
f 35/1100/1100 75/1101/1101 541/1102/1102
f 541/1102/1102 75/1101/1101 523/1103/1103
f 541/1102/1102 523/1103/1103 425/1104/1104
f 425/1104/1104 523/1103/1103 542/1105/1105
f 425/1104/1104 424/1106/1106 541/1102/1102
f 74/1107/1107 73/1108/1108 522/1109/1109
f 522/1109/1109 73/1108/1108 525/1110/1110
f 522/1109/1109 525/1110/1110 542/1111/1111
f 525/1112/1112 524/1113/1113 542/1114/1114
f 542/1114/1114 524/1113/1113 543/1115/1115
f 524/1116/1116 526/1117/1117 543/1118/1118
f 526/1119/1119 527/1120/1120 543/1121/1121
f 543/1121/1121 527/1120/1120 544/1122/1122
f 527/1123/1123 528/1124/1124 544/1125/1125
f 528/1126/1126 529/1127/1127 544/1128/1128
f 544/1128/1128 529/1127/1127 545/1129/1129
f 529/1130/1130 530/1131/1131 545/1132/1132
f 530/1133/1133 531/1134/1134 545/1135/1135
f 545/1135/1135 531/1134/1134 546/1136/1136
f 531/1137/1137 532/1138/1138 546/1139/1139
f 533/1140/1140 547/1141/1141 532/1142/1142
f 532/1142/1142 547/1141/1141 546/1143/1143
f 533/1144/1144 534/1145/1145 547/1146/1146
f 535/1147/1147 548/1148/1148 534/1149/1149
f 534/1149/1149 548/1148/1148 547/1150/1150
f 535/1151/1151 536/1152/1152 548/1153/1153
f 537/1154/1154 549/1155/1155 536/1156/1156
f 536/1156/1156 549/1155/1155 548/1157/1157
f 537/1158/1158 538/1159/1159 549/1160/1160
f 539/1161/1161 550/1162/1162 538/1163/1163
f 538/1163/1163 550/1162/1162 549/1164/1164
f 539/1165/1165 540/1166/1166 550/1167/1167
f 404/1168/1168 551/1169/1169 540/1170/1170
f 540/1170/1170 551/1169/1169 550/1171/1171
f 404/1172/1172 403/1173/1173 551/1174/1174
f 551/1174/1174 403/1173/1173 552/1175/1175
f 403/1176/1176 405/1177/1177 552/1178/1178
f 405/1179/1179 406/1180/1180 552/1181/1181
f 552/1181/1181 406/1180/1180 553/1182/1182
f 406/1183/1183 407/1184/1184 553/1185/1185
f 407/1186/1186 408/1187/1187 553/1188/1188
f 553/1188/1188 408/1187/1187 554/1189/1189
f 408/1190/1190 409/1191/1191 554/1192/1192
f 409/1193/1193 410/1194/1194 554/1195/1195
f 554/1195/1195 410/1194/1194 555/1196/1196
f 410/1197/1197 411/1198/1198 555/1199/1199
f 412/1200/1200 556/1201/1201 411/1202/1202
f 411/1202/1202 556/1201/1201 555/1203/1203
f 412/1204/1204 413/1205/1205 556/1206/1206
f 414/1207/1207 557/1208/1208 413/1209/1209
f 413/1209/1209 557/1208/1208 556/1210/1210
f 414/1211/1211 415/1212/1212 557/1213/1213
f 416/1214/1214 558/1215/1215 415/1216/1216
f 415/1216/1216 558/1215/1215 557/1217/1217
f 416/1218/1218 417/1219/1219 558/1220/1220
f 418/1221/1221 559/1222/1222 417/1223/1223
f 417/1223/1223 559/1222/1222 558/1224/1224
f 418/1225/1225 419/1226/1226 559/1227/1227
f 420/1228/1228 560/1229/1229 419/1230/1230
f 419/1230/1230 560/1229/1229 559/1231/1231
f 420/1232/1232 421/1233/1233 560/1234/1234
f 560/1234/1234 421/1233/1233 422/1235/1235
f 523/1236/1236 522/1237/1237 542/1238/1238
f 561/1239/1239 562/1240/1240 563/1241/1241
f 563/1242/1242 564/1243/1243 565/1244/1244
f 562/1245/1245 564/1246/1246 563/1247/1247
f 562/1248/1248 566/1249/1249 564/1250/1250
f 567/1251/1251 566/1252/1252 568/1253/1253
f 567/1254/1254 564/1255/1255 566/1256/1256
f 569/1257/1257 564/1258/1258 567/1259/1259
f 569/1260/1260 565/1261/1261 564/1262/1262
f 570/1263/1263 565/1264/1264 569/1265/1265
f 571/1266/1266 568/1267/1267 572/1268/1268
f 571/1269/1269 567/1270/1270 568/1271/1271
f 573/1272/1272 567/1273/1273 571/1274/1274
f 573/1275/1275 569/1276/1276 567/1277/1277
f 574/1278/1278 569/1279/1279 573/1280/1280
f 574/1281/1281 570/1282/1282 569/1283/1283
f 575/1284/1284 570/1285/1285 574/1286/1286
f 576/1287/1287 572/1288/1288 577/1289/1289
f 576/1290/1290 571/1291/1291 572/1292/1292
f 578/1293/1293 571/1294/1294 576/1295/1295
f 578/1296/1296 573/1297/1297 571/1298/1298
f 579/1299/1299 573/1300/1300 578/1301/1301
f 579/1302/1302 574/1303/1303 573/1304/1304
f 580/1305/1305 574/1306/1306 579/1307/1307
f 580/1308/1308 575/1309/1309 574/1310/1310
f 581/1311/1311 575/1312/1312 580/1313/1313
f 582/1314/1314 583/1315/1315 584/1316/1316
f 585/1317/1317 583/1318/1318 582/1319/1319
f 585/1320/1320 586/1321/1321 583/1322/1322
f 587/1323/1323 586/1324/1324 585/1325/1325
f 587/1326/1326 588/1327/1327 586/1328/1328
f 589/1329/1329 588/1330/1330 587/1331/1331
f 589/1332/1332 590/1333/1333 588/1334/1334
f 591/1335/1335 590/1336/1336 589/1337/1337
f 591/1338/1338 592/1339/1339 590/1340/1340
f 593/1341/1341 592/1342/1342 591/1343/1343
f 594/1344/1344 585/1345/1345 582/1346/1346
f 595/1347/1347 585/1348/1348 594/1349/1349
f 595/1350/1350 587/1351/1351 585/1352/1352
f 596/1353/1353 587/1354/1354 595/1355/1355
f 596/1356/1356 589/1357/1357 587/1358/1358
f 597/1359/1359 589/1360/1360 596/1361/1361
f 597/1362/1362 591/1363/1363 589/1364/1364
f 598/1365/1365 591/1366/1366 597/1367/1367
f 598/1368/1368 593/1369/1369 591/1370/1370
f 599/1371/1371 593/1372/1372 598/1373/1373
f 600/1374/1374 595/1375/1375 594/1376/1376
f 601/1377/1377 595/1378/1378 600/1379/1379
f 601/1380/1380 596/1381/1381 595/1382/1382
f 602/1383/1383 596/1384/1384 601/1385/1385
f 602/1386/1386 597/1387/1387 596/1388/1388
f 603/1389/1389 597/1390/1390 602/1391/1391
f 603/1392/1392 598/1393/1393 597/1394/1394
f 604/1395/1395 598/1396/1396 603/1397/1397
f 604/1398/1398 599/1399/1399 598/1400/1400
f 605/1401/1401 599/1402/1402 604/1403/1403
f 606/1404/1404 601/1405/1405 600/1406/1406
f 607/1407/1407 601/1408/1408 606/1409/1409
f 607/1410/1410 602/1411/1411 601/1412/1412
f 608/1413/1413 602/1414/1414 607/1415/1415
f 608/1416/1416 603/1417/1417 602/1418/1418
f 609/1419/1419 603/1420/1420 608/1421/1421
f 609/1422/1422 604/1423/1423 603/1424/1424
f 610/1425/1425 604/1426/1426 609/1427/1427
f 610/1428/1428 605/1429/1429 604/1430/1430
f 611/1431/1431 605/1432/1432 610/1433/1433
f 612/1434/1434 607/1435/1435 606/1436/1436
f 613/1437/1437 607/1438/1438 612/1439/1439
f 613/1440/1440 608/1441/1441 607/1442/1442
f 614/1443/1443 608/1444/1444 613/1445/1445
f 614/1446/1446 609/1447/1447 608/1448/1448
f 615/1449/1449 609/1450/1450 614/1451/1451
f 615/1452/1452 610/1453/1453 609/1454/1454
f 616/1455/1455 610/1456/1456 615/1457/1457
f 616/1458/1458 611/1459/1459 610/1460/1460
f 617/1461/1461 611/1462/1462 616/1463/1463
f 618/1464/1464 619/1465/1465 620/1466/1466
f 621/1467/1467 613/1468/1468 612/1469/1469
f 622/1470/1470 613/1471/1471 621/1472/1472
f 622/1473/1473 614/1474/1474 613/1475/1475
f 623/1476/1476 614/1477/1477 622/1478/1478
f 623/1479/1479 615/1480/1480 614/1481/1481
f 624/1482/1482 615/1483/1483 623/1484/1484
f 624/1485/1485 616/1486/1486 615/1487/1487
f 625/1488/1488 616/1489/1489 624/1490/1490
f 625/1491/1491 617/1492/1492 616/1493/1493
f 626/1494/1494 617/1495/1495 625/1496/1496
f 619/1497/1497 627/1498/1498 620/1499/1499
f 619/1500/1500 628/1501/1501 627/1502/1502
f 629/1503/1503 622/1504/1504 621/1505/1505
f 630/1506/1506 622/1507/1507 629/1508/1508
f 630/1509/1509 623/1510/1510 622/1511/1511
f 631/1512/1512 623/1513/1513 630/1514/1514
f 631/1515/1515 624/1516/1516 623/1517/1517
f 632/1518/1518 624/1519/1519 631/1520/1520
f 632/1521/1521 625/1522/1522 624/1523/1523
f 633/1524/1524 625/1525/1525 632/1526/1526
f 633/1527/1527 626/1528/1528 625/1529/1529
f 634/1530/1530 626/1531/1531 633/1532/1532
f 628/1533/1533 635/1534/1534 627/1535/1535
f 628/1536/1536 636/1537/1537 635/1538/1538
f 637/1539/1539 630/1540/1540 629/1541/1541
f 638/1542/1542 630/1543/1543 637/1544/1544
f 638/1545/1545 631/1546/1546 630/1547/1547
f 639/1548/1548 631/1549/1549 638/1550/1550
f 639/1551/1551 632/1552/1552 631/1553/1553
f 640/1554/1554 632/1555/1555 639/1556/1556
f 640/1557/1557 633/1558/1558 632/1559/1559
f 641/1560/1560 633/1561/1561 640/1562/1562
f 641/1563/1563 634/1564/1564 633/1565/1565
f 642/1566/1566 634/1567/1567 641/1568/1568
f 636/1569/1569 643/1570/1570 635/1571/1571
f 636/1572/1572 644/1573/1573 643/1574/1574
f 645/1575/1575 638/1576/1576 637/1577/1577
f 646/1578/1578 638/1579/1579 645/1580/1580
f 646/1581/1581 639/1582/1582 638/1583/1583
f 647/1584/1584 639/1585/1585 646/1586/1586
f 647/1587/1587 640/1588/1588 639/1589/1589
f 648/1590/1590 640/1591/1591 647/1592/1592
f 648/1593/1593 641/1594/1594 640/1595/1595
f 649/1596/1596 641/1597/1597 648/1598/1598
f 649/1599/1599 642/1600/1600 641/1601/1601
f 650/1602/1602 642/1603/1603 649/1604/1604
f 644/1605/1605 651/1606/1606 643/1607/1607
f 644/1608/1608 652/1609/1609 651/1610/1610
f 653/1611/1611 646/1612/1612 645/1613/1613
f 654/1614/1614 646/1615/1615 653/1616/1616
f 654/1617/1617 647/1618/1618 646/1619/1619
f 655/1620/1620 647/1621/1621 654/1622/1622
f 655/1623/1623 648/1624/1624 647/1625/1625
f 656/1626/1626 648/1627/1627 655/1628/1628
f 656/1629/1629 649/1630/1630 648/1631/1631
f 657/1632/1632 649/1633/1633 656/1634/1634
f 657/1635/1635 650/1636/1636 649/1637/1637
f 658/1638/1638 650/1639/1639 657/1640/1640
f 652/1641/1641 659/1642/1642 651/1643/1643
f 652/1644/1644 660/1645/1645 659/1646/1646
f 661/1647/1647 654/1648/1648 653/1649/1649
f 662/1650/1650 654/1651/1651 661/1652/1652
f 662/1653/1653 655/1654/1654 654/1655/1655
f 663/1656/1656 655/1657/1657 662/1658/1658
f 663/1659/1659 656/1660/1660 655/1661/1661
f 664/1662/1662 656/1663/1663 663/1664/1664
f 664/1665/1665 657/1666/1666 656/1667/1667
f 665/1668/1668 657/1669/1669 664/1670/1670
f 665/1671/1671 658/1672/1672 657/1673/1673
f 666/1674/1674 658/1675/1675 665/1676/1676
f 660/1677/1677 667/1678/1678 659/1679/1679
f 667/1680/1680 668/1681/1681 669/1682/1682
f 660/1683/1683 668/1684/1684 667/1685/1685
f 670/1686/1686 662/1687/1687 661/1688/1688
f 671/1689/1689 662/1690/1690 670/1691/1691
f 671/1692/1692 663/1693/1693 662/1694/1694
f 672/1695/1695 663/1696/1696 671/1697/1697
f 672/1698/1698 664/1699/1699 663/1700/1700
f 673/1701/1701 664/1702/1702 672/1703/1703
f 673/1704/1704 665/1705/1705 664/1706/1706
f 674/1707/1707 665/1708/1708 673/1709/1709
f 674/1710/1710 666/1711/1711 665/1712/1712
f 675/1713/1713 666/1714/1714 674/1715/1715
f 627/1716/1716 676/1717/1717 620/1718/1718
f 627/1719/1719 677/1720/1720 676/1721/1721
f 635/1722/1722 677/1723/1723 627/1724/1724
f 635/1725/1725 678/1726/1726 677/1727/1727
f 643/1728/1728 678/1729/1729 635/1730/1730
f 643/1731/1731 679/1732/1732 678/1733/1733
f 651/1734/1734 679/1735/1735 643/1736/1736
f 651/1737/1737 680/1738/1738 679/1739/1739
f 659/1740/1740 680/1741/1741 651/1742/1742
f 659/1743/1743 681/1744/1744 680/1745/1745
f 667/1746/1746 681/1747/1747 659/1748/1748
f 667/1749/1749 682/1750/1750 681/1751/1751
f 669/1752/1752 682/1753/1753 667/1754/1754
f 683/1755/1755 671/1756/1756 670/1757/1757
f 684/1758/1758 671/1759/1759 683/1760/1760
f 684/1761/1761 672/1762/1762 671/1763/1763
f 685/1764/1764 672/1765/1765 684/1766/1766
f 685/1767/1767 673/1768/1768 672/1769/1769
f 686/1770/1770 673/1771/1771 685/1772/1772
f 686/1773/1773 674/1774/1774 673/1775/1775
f 687/1776/1776 674/1777/1777 686/1778/1778
f 687/1779/1779 675/1780/1780 674/1781/1781
f 688/1782/1782 675/1783/1783 687/1784/1784
f 669/1785/1785 689/1786/1786 682/1787/1787
f 690/1788/1788 669/1789/1789 668/1790/1790
f 691/1791/1791 669/1792/1792 690/1793/1793
f 691/1794/1794 689/1795/1795 669/1796/1796
f 692/1797/1797 689/1798/1798 691/1799/1799
f 677/1800/1800 693/1801/1801 676/1802/1802
f 677/1803/1803 694/1804/1804 693/1805/1805
f 678/1806/1806 694/1807/1807 677/1808/1808
f 678/1809/1809 695/1810/1810 694/1811/1811
f 679/1812/1812 695/1813/1813 678/1814/1814
f 679/1815/1815 696/1816/1816 695/1817/1817
f 680/1818/1818 696/1819/1819 679/1820/1820
f 680/1821/1821 697/1822/1822 696/1823/1823
f 681/1824/1824 697/1825/1825 680/1826/1826
f 681/1827/1827 698/1828/1828 697/1829/1829
f 682/1830/1830 698/1831/1831 681/1832/1832
f 682/1833/1833 699/1834/1834 698/1835/1835
f 689/1836/1836 699/1837/1837 682/1838/1838
f 689/1839/1839 700/1840/1840 699/1841/1841
f 692/1842/1842 700/1843/1843 689/1844/1844
f 701/1845/1845 702/1846/1846 703/1847/1847
f 704/1848/1848 702/1849/1849 701/1850/1850
f 692/1851/1851 705/1852/1852 700/1853/1853
f 706/1854/1854 690/1855/1855 707/1856/1856
f 706/1857/1857 691/1858/1858 690/1859/1859
f 708/1860/1860 691/1861/1861 706/1862/1862
f 708/1863/1863 692/1864/1864 691/1865/1865
f 709/1866/1866 692/1867/1867 708/1868/1868
f 709/1869/1869 705/1870/1870 692/1871/1871
f 710/1872/1872 705/1873/1873 709/1874/1874
f 702/1875/1875 711/1876/1876 703/1877/1877
f 694/1878/1878 712/1879/1879 693/1880/1880
f 694/1881/1881 713/1882/1882 712/1883/1883
f 695/1884/1884 713/1885/1885 694/1886/1886
f 695/1887/1887 714/1888/1888 713/1889/1889
f 696/1890/1890 714/1891/1891 695/1892/1892
f 696/1893/1893 715/1894/1894 714/1895/1895
f 697/1896/1896 715/1897/1897 696/1898/1898
f 697/1899/1899 716/1900/1900 715/1901/1901
f 698/1902/1902 716/1903/1903 697/1904/1904
f 698/1905/1905 717/1906/1906 716/1907/1907
f 699/1908/1908 717/1909/1909 698/1910/1910
f 699/1911/1911 718/1912/1912 717/1913/1913
f 700/1914/1914 718/1915/1915 699/1916/1916
f 700/1917/1917 719/1918/1918 718/1919/1919
f 705/1920/1920 719/1921/1921 700/1922/1922
f 705/1923/1923 720/1924/1924 719/1925/1925
f 710/1926/1926 720/1927/1927 705/1928/1928
f 713/1929/1929 721/1930/1930 712/1931/1931
f 713/1932/1932 722/1933/1933 721/1934/1934
f 714/1935/1935 722/1936/1936 713/1937/1937
f 714/1938/1938 723/1939/1939 722/1940/1940
f 715/1941/1941 723/1942/1942 714/1943/1943
f 715/1944/1944 724/1945/1945 723/1946/1946
f 716/1947/1947 724/1948/1948 715/1949/1949
f 716/1950/1950 725/1951/1951 724/1952/1952
f 717/1953/1953 725/1954/1954 716/1955/1955
f 717/1956/1956 726/1957/1957 725/1958/1958
f 718/1959/1959 726/1960/1960 717/1961/1961
f 718/1962/1962 727/1963/1963 726/1964/1964
f 719/1965/1965 727/1966/1966 718/1967/1967
f 719/1968/1968 728/1969/1969 727/1970/1970
f 720/1971/1971 728/1972/1972 719/1973/1973
f 722/1974/1974 729/1975/1975 721/1976/1976
f 722/1977/1977 730/1978/1978 729/1979/1979
f 723/1980/1980 730/1981/1981 722/1982/1982
f 723/1983/1983 731/1984/1984 730/1985/1985
f 724/1986/1986 731/1987/1987 723/1988/1988
f 724/1989/1989 732/1990/1990 731/1991/1991
f 725/1992/1992 732/1993/1993 724/1994/1994
f 725/1995/1995 733/1996/1996 732/1997/1997
f 726/1998/1998 733/1999/1999 725/2000/2000
f 726/2001/2001 734/2002/2002 733/2003/2003
f 727/2004/2004 734/2005/2005 726/2006/2006
f 727/2007/2007 735/2008/2008 734/2009/2009
f 728/2010/2010 735/2011/2011 727/2012/2012
f 730/2013/2013 736/2014/2014 729/2015/2015
f 730/2016/2016 737/2017/2017 736/2018/2018
f 731/2019/2019 737/2020/2020 730/2021/2021
f 731/2022/2022 738/2023/2023 737/2024/2024
f 732/2025/2025 738/2026/2026 731/2027/2027
f 732/2028/2028 739/2029/2029 738/2030/2030
f 733/2031/2031 739/2032/2032 732/2033/2033
f 733/2034/2034 740/2035/2035 739/2036/2036
f 734/2037/2037 740/2038/2038 733/2039/2039
f 734/2040/2040 741/2041/2041 740/2042/2042
f 735/2043/2043 741/2044/2044 734/2045/2045
f 737/2046/2046 742/2047/2047 736/2048/2048
f 737/2049/2049 743/2050/2050 742/2051/2051
f 738/2052/2052 743/2053/2053 737/2054/2054
f 738/2055/2055 744/2056/2056 743/2057/2057
f 739/2058/2058 744/2059/2059 738/2060/2060
f 739/2061/2061 745/2062/2062 744/2063/2063
f 740/2064/2064 745/2065/2065 739/2066/2066
f 740/2067/2067 746/2068/2068 745/2069/2069
f 741/2070/2070 746/2071/2071 740/2072/2072
f 743/2073/2073 704/2074/2074 742/2075/2075
f 743/2076/2076 702/2077/2077 704/2078/2078
f 744/2079/2079 702/2080/2080 743/2081/2081
f 744/2082/2082 711/2083/2083 702/2084/2084
f 745/2085/2085 711/2086/2086 744/2087/2087
f 745/2088/2088 747/2089/2089 711/2090/2090
f 746/2091/2091 747/2092/2092 745/2093/2093
f 748/2094/2094 749/2095/2095 750/2096/2096
f 751/2097/2097 749/2098/2098 752/2099/2099
f 751/2100/2100 750/2101/2101 749/2102/2102
f 753/2103/2103 750/2104/2104 751/2105/2105
f 754/2106/2106 752/2107/2107 755/2108/2108
f 754/2109/2109 751/2110/2110 752/2111/2111
f 756/2112/2112 751/2113/2113 754/2114/2114
f 756/2115/2115 753/2116/2116 751/2117/2117
f 757/2118/2118 755/2119/2119 758/2120/2120
f 757/2121/2121 754/2122/2122 755/2123/2123
f 759/2124/2124 754/2125/2125 757/2126/2126
f 759/2127/2127 756/2128/2128 754/2129/2129
f 761/2130/2130 753/2131/2131 760/2132/2132
f 760/2132/2132 753/2131/2131 756/2133/2133
f 762/2134/2134 761/2135/2135 760/2136/2136
f 763/2137/2137 764/2138/2138 765/2139/2139
f 766/2140/2140 764/2141/2141 763/2142/2142
f 766/2143/2143 767/2144/2144 764/2145/2145
f 768/2146/2146 767/2147/2147 766/2148/2148
f 768/2149/2149 769/2150/2150 767/2151/2151
f 770/2152/2152 769/2153/2153 768/2154/2154
f 770/2155/2155 771/2156/2156 769/2157/2157
f 772/2158/2158 771/2159/2159 770/2160/2160
f 772/2161/2161 773/2162/2162 771/2163/2163
f 774/2164/2164 775/2165/2165 776/2166/2166
f 774/2167/2167 777/2168/2168 775/2169/2169
f 778/2170/2170 777/2171/2171 774/2172/2172
f 778/2173/2173 779/2174/2174 777/2175/2175
f 780/2176/2176 779/2177/2177 778/2178/2178
f 781/2179/2179 766/2180/2180 763/2181/2181
f 782/2182/2182 766/2183/2183 781/2184/2184
f 782/2185/2185 768/2186/2186 766/2187/2187
f 783/2188/2188 768/2189/2189 782/2190/2190
f 783/2191/2191 770/2192/2192 768/2193/2193
f 784/2194/2194 770/2195/2195 783/2196/2196
f 784/2197/2197 772/2198/2198 770/2199/2199
f 776/2200/2200 773/2201/2201 785/2202/2202
f 785/2202/2202 773/2201/2201 772/2203/2203
f 786/2204/2204 776/2205/2205 785/2206/2206
f 786/2207/2207 774/2208/2208 776/2209/2209
f 787/2210/2210 774/2211/2211 786/2212/2212
f 787/2213/2213 778/2214/2214 774/2215/2215
f 788/2216/2216 778/2217/2217 787/2218/2218
f 788/2219/2219 780/2220/2220 778/2221/2221
f 789/2222/2222 780/2223/2223 788/2224/2224
f 789/2225/2225 790/2226/2226 780/2227/2227
f 791/2228/2228 790/2229/2229 789/2230/2230
f 791/2231/2231 792/2232/2232 790/2233/2233
f 793/2234/2234 792/2235/2235 791/2236/2236
f 794/2237/2237 707/2238/2238 795/2239/2239
f 794/2240/2240 796/2241/2241 707/2242/2242
f 797/2243/2243 796/2244/2244 794/2245/2245
f 797/2246/2246 798/2247/2247 796/2248/2248
f 799/2249/2249 798/2250/2250 797/2251/2251
f 799/2252/2252 800/2253/2253 798/2254/2254
f 801/2255/2255 800/2256/2256 799/2257/2257
f 801/2258/2258 802/2259/2259 800/2260/2260
f 803/2261/2261 802/2262/2262 801/2263/2263
f 803/2264/2264 804/2265/2265 802/2266/2266
f 805/2267/2267 804/2268/2268 803/2269/2269
f 806/2270/2270 807/2271/2271 808/2272/2272
f 806/2273/2273 809/2274/2274 807/2275/2275
f 810/2276/2276 809/2277/2277 806/2278/2278
f 810/2279/2279 795/2280/2280 809/2281/2281
f 811/2282/2282 795/2283/2283 810/2284/2284
f 811/2285/2285 794/2286/2286 795/2287/2287
f 812/2288/2288 794/2289/2289 811/2290/2290
f 812/2291/2291 797/2292/2292 794/2293/2293
f 813/2294/2294 797/2295/2295 812/2296/2296
f 813/2297/2297 799/2298/2298 797/2299/2299
f 814/2300/2300 799/2301/2301 813/2302/2302
f 814/2303/2303 801/2304/2304 799/2305/2305
f 815/2306/2306 801/2307/2307 814/2308/2308
f 815/2309/2309 803/2310/2310 801/2311/2311
f 816/2312/2312 803/2313/2313 815/2314/2314
f 816/2315/2315 805/2316/2316 803/2317/2317
f 817/2318/2318 805/2319/2319 816/2320/2320
f 818/2321/2321 808/2322/2322 819/2323/2323
f 818/2324/2324 806/2325/2325 808/2326/2326
f 820/2327/2327 806/2328/2328 818/2329/2329
f 820/2330/2330 810/2331/2331 806/2332/2332
f 821/2333/2333 810/2334/2334 820/2335/2335
f 821/2336/2336 811/2337/2337 810/2338/2338
f 822/2339/2339 811/2340/2340 821/2341/2341
f 822/2342/2342 812/2343/2343 811/2344/2344
f 823/2345/2345 812/2346/2346 822/2347/2347
f 823/2348/2348 813/2349/2349 812/2350/2350
f 824/2351/2351 813/2352/2352 823/2353/2353
f 824/2354/2354 814/2355/2355 813/2356/2356
f 825/2357/2357 814/2358/2358 824/2359/2359
f 825/2360/2360 815/2361/2361 814/2362/2362
f 826/2363/2363 815/2364/2364 825/2365/2365
f 826/2366/2366 816/2367/2367 815/2368/2368
f 827/2369/2369 816/2370/2370 826/2371/2371
f 827/2372/2372 817/2373/2373 816/2374/2374
f 828/2375/2375 817/2376/2376 827/2377/2377
f 829/2378/2378 819/2379/2379 830/2380/2380
f 829/2381/2381 818/2382/2382 819/2383/2383
f 831/2384/2384 818/2385/2385 829/2386/2386
f 831/2387/2387 820/2388/2388 818/2389/2389
f 832/2390/2390 820/2391/2391 831/2392/2392
f 832/2393/2393 821/2394/2394 820/2395/2395
f 833/2396/2396 821/2397/2397 832/2398/2398
f 833/2399/2399 822/2400/2400 821/2401/2401
f 834/2402/2402 822/2403/2403 833/2404/2404
f 834/2405/2405 823/2406/2406 822/2407/2407
f 835/2408/2408 823/2409/2409 834/2410/2410
f 835/2411/2411 824/2412/2412 823/2413/2413
f 836/2414/2414 824/2415/2415 835/2416/2416
f 836/2417/2417 825/2418/2418 824/2419/2419
f 837/2420/2420 825/2421/2421 836/2422/2422
f 837/2423/2423 826/2424/2424 825/2425/2425
f 838/2426/2426 826/2427/2427 837/2428/2428
f 838/2429/2429 827/2430/2430 826/2431/2431
f 839/2432/2432 827/2433/2433 838/2434/2434
f 839/2435/2435 828/2436/2436 827/2437/2437
f 840/2438/2438 828/2439/2439 839/2440/2440
f 805/2441/2441 577/2442/2442 804/2443/2443
f 805/2444/2444 576/2445/2445 577/2446/2446
f 817/2447/2447 576/2448/2448 805/2449/2449
f 817/2450/2450 578/2451/2451 576/2452/2452
f 828/2453/2453 578/2454/2454 817/2455/2455
f 828/2456/2456 579/2457/2457 578/2458/2458
f 840/2459/2459 579/2460/2460 828/2461/2461
f 840/2462/2462 580/2463/2463 579/2464/2464
f 841/2465/2465 580/2466/2466 840/2467/2467
f 841/2468/2468 581/2469/2469 580/2470/2470
f 584/2471/2471 581/2472/2472 841/2473/2473
f 842/2474/2474 830/2475/2475 843/2476/2476
f 842/2477/2477 829/2478/2478 830/2479/2479
f 844/2480/2480 829/2481/2481 842/2482/2482
f 844/2483/2483 831/2484/2484 829/2485/2485
f 845/2486/2486 831/2487/2487 844/2488/2488
f 845/2489/2489 832/2490/2490 831/2491/2491
f 846/2492/2492 832/2493/2493 845/2494/2494
f 846/2495/2495 833/2496/2496 832/2497/2497
f 847/2498/2498 833/2499/2499 846/2500/2500
f 847/2501/2501 834/2502/2502 833/2503/2503
f 848/2504/2504 834/2505/2505 847/2506/2506
f 848/2507/2507 835/2508/2508 834/2509/2509
f 849/2510/2510 835/2511/2511 848/2512/2512
f 849/2513/2513 836/2514/2514 835/2515/2515
f 850/2516/2516 836/2517/2517 849/2518/2518
f 850/2519/2519 837/2520/2520 836/2521/2521
f 851/2522/2522 837/2523/2523 850/2524/2524
f 851/2525/2525 838/2526/2526 837/2527/2527
f 852/2528/2528 838/2529/2529 851/2530/2530
f 852/2531/2531 839/2532/2532 838/2533/2533
f 853/2534/2534 839/2535/2535 852/2536/2536
f 853/2537/2537 840/2538/2538 839/2539/2539
f 841/2540/2540 840/2541/2541 853/2542/2542
f 670/2543/2543 843/2544/2544 683/2545/2545
f 670/2546/2546 842/2547/2547 843/2548/2548
f 661/2549/2549 842/2550/2550 670/2551/2551
f 661/2552/2552 844/2553/2553 842/2554/2554
f 653/2555/2555 844/2556/2556 661/2557/2557
f 653/2558/2558 845/2559/2559 844/2560/2560
f 645/2561/2561 845/2562/2562 653/2563/2563
f 645/2564/2564 846/2565/2565 845/2566/2566
f 637/2567/2567 846/2568/2568 645/2569/2569
f 637/2570/2570 847/2571/2571 846/2572/2572
f 629/2573/2573 847/2574/2574 637/2575/2575
f 629/2576/2576 848/2577/2577 847/2578/2578
f 621/2579/2579 848/2580/2580 629/2581/2581
f 621/2582/2582 849/2583/2583 848/2584/2584
f 612/2585/2585 849/2586/2586 621/2587/2587
f 612/2588/2588 850/2589/2589 849/2590/2590
f 606/2591/2591 850/2592/2592 612/2593/2593
f 606/2594/2594 851/2595/2595 850/2596/2596
f 600/2597/2597 851/2598/2598 606/2599/2599
f 600/2600/2600 852/2601/2601 851/2602/2602
f 594/2603/2603 852/2604/2604 600/2605/2605
f 594/2606/2606 853/2607/2607 852/2608/2608
f 582/2609/2609 853/2610/2610 594/2611/2611
f 582/2612/2612 841/2613/2613 853/2614/2614
f 584/2615/2615 841/2616/2616 582/2617/2617
f 577/2618/2618 707/2619/2619 804/2620/2620
f 572/2621/2621 707/2622/2622 577/2623/2623
f 568/2624/2624 707/2625/2625 572/2626/2626
f 566/2627/2627 707/2628/2628 568/2629/2629
f 562/2630/2630 707/2631/2631 566/2632/2632
f 561/2633/2633 707/2634/2634 562/2635/2635
f 763/2636/2636 707/2637/2637 781/2638/2638
f 765/2639/2639 707/2640/2640 763/2641/2641
f 668/2642/2642 707/2643/2643 690/2644/2644
f 660/2645/2645 707/2646/2646 668/2647/2647
f 652/2648/2648 707/2649/2649 660/2650/2650
f 644/2651/2651 707/2652/2652 652/2653/2653
f 636/2654/2654 707/2655/2655 644/2656/2656
f 628/2657/2657 707/2658/2658 636/2659/2659
f 619/2660/2660 707/2661/2661 628/2662/2662
f 618/2663/2663 707/2664/2664 619/2665/2665
f 809/2666/2666 707/2667/2667 807/2668/2668
f 795/2669/2669 707/2670/2670 809/2671/2671
f 798/2672/2672 707/2673/2673 796/2674/2674
f 800/2675/2675 707/2676/2676 798/2677/2677
f 802/2678/2678 707/2679/2679 800/2680/2680
f 804/2681/2681 707/2682/2682 802/2683/2683
f 854/2684/2684 781/2685/2685 707/2686/2686
f 854/2687/2687 782/2688/2688 781/2689/2689
f 855/2690/2690 782/2691/2691 854/2692/2692
f 855/2693/2693 783/2694/2694 782/2695/2695
f 856/2696/2696 783/2697/2697 855/2698/2698
f 856/2699/2699 784/2700/2700 783/2701/2701
f 785/2702/2702 772/2703/2703 857/2704/2704
f 857/2704/2704 772/2703/2703 784/2705/2705
f 858/2706/2706 785/2707/2707 857/2708/2708
f 858/2709/2709 786/2710/2710 785/2711/2711
f 859/2712/2712 786/2713/2713 858/2714/2714
f 859/2715/2715 787/2716/2716 786/2717/2717
f 860/2718/2718 787/2719/2719 859/2720/2720
f 860/2721/2721 788/2722/2722 787/2723/2723
f 861/2724/2724 788/2725/2725 860/2726/2726
f 861/2727/2727 789/2728/2728 788/2729/2729
f 862/2730/2730 789/2731/2731 861/2732/2732
f 862/2733/2733 791/2734/2734 789/2735/2735
f 863/2736/2736 791/2737/2737 862/2738/2738
f 863/2739/2739 793/2740/2740 791/2741/2741
f 864/2742/2742 793/2743/2743 863/2744/2744
f 864/2745/2745 433/2746/2746 793/2747/2747
f 434/2748/2748 433/2749/2749 864/2750/2750
f 865/2751/2751 854/2752/2752 707/2753/2753
f 865/2754/2754 855/2755/2755 854/2756/2756
f 866/2757/2757 855/2758/2758 865/2759/2759
f 866/2760/2760 856/2761/2761 855/2762/2762
f 857/2763/2763 784/2764/2764 867/2765/2765
f 867/2765/2765 784/2764/2764 856/2766/2766
f 868/2767/2767 857/2768/2768 867/2769/2769
f 868/2770/2770 858/2771/2771 857/2772/2772
f 869/2773/2773 858/2774/2774 868/2775/2775
f 869/2776/2776 859/2777/2777 858/2778/2778
f 870/2779/2779 859/2780/2780 869/2781/2781
f 870/2782/2782 860/2783/2783 859/2784/2784
f 871/2785/2785 860/2786/2786 870/2787/2787
f 871/2788/2788 861/2789/2789 860/2790/2790
f 872/2791/2791 861/2792/2792 871/2793/2793
f 872/2794/2794 862/2795/2795 861/2796/2796
f 873/2797/2797 862/2798/2798 872/2799/2799
f 873/2800/2800 863/2801/2801 862/2802/2802
f 874/2803/2803 863/2804/2804 873/2805/2805
f 874/2806/2806 864/2807/2807 863/2808/2808
f 875/2809/2809 864/2810/2810 874/2811/2811
f 875/2812/2812 434/2813/2813 864/2814/2814
f 435/2815/2815 434/2816/2816 875/2817/2817
f 876/2818/2818 865/2819/2819 707/2820/2820
f 876/2821/2821 866/2822/2822 865/2823/2823
f 867/2824/2824 856/2825/2825 877/2826/2826
f 877/2826/2826 856/2825/2825 866/2827/2827
f 878/2828/2828 867/2829/2829 877/2830/2830
f 878/2831/2831 868/2832/2832 867/2833/2833
f 879/2834/2834 868/2835/2835 878/2836/2836
f 879/2837/2837 869/2838/2838 868/2839/2839
f 880/2840/2840 869/2841/2841 879/2842/2842
f 880/2843/2843 870/2844/2844 869/2845/2845
f 881/2846/2846 870/2847/2847 880/2848/2848
f 881/2849/2849 871/2850/2850 870/2851/2851
f 882/2852/2852 871/2853/2853 881/2854/2854
f 882/2855/2855 872/2856/2856 871/2857/2857
f 883/2858/2858 872/2859/2859 882/2860/2860
f 883/2861/2861 873/2862/2862 872/2863/2863
f 884/2864/2864 873/2865/2865 883/2866/2866
f 884/2867/2867 874/2868/2868 873/2869/2869
f 885/2870/2870 874/2871/2871 884/2872/2872
f 885/2873/2873 875/2874/2874 874/2875/2875
f 886/2876/2876 875/2877/2877 885/2878/2878
f 886/2879/2879 435/2880/2880 875/2881/2881
f 436/2882/2882 435/2883/2883 886/2884/2884
f 887/2885/2885 876/2886/2886 707/2887/2887
f 877/2888/2888 866/2889/2889 887/2890/2890
f 887/2890/2890 866/2889/2889 876/2891/2891
f 888/2892/2892 877/2893/2893 887/2894/2894
f 888/2895/2895 878/2896/2896 877/2897/2897
f 889/2898/2898 878/2899/2899 888/2900/2900
f 889/2901/2901 879/2902/2902 878/2903/2903
f 890/2904/2904 879/2905/2905 889/2906/2906
f 890/2907/2907 880/2908/2908 879/2909/2909
f 891/2910/2910 880/2911/2911 890/2912/2912
f 891/2913/2913 881/2914/2914 880/2915/2915
f 892/2916/2916 881/2917/2917 891/2918/2918
f 892/2919/2919 882/2920/2920 881/2921/2921
f 893/2922/2922 882/2923/2923 892/2924/2924
f 893/2925/2925 883/2926/2926 882/2927/2927
f 894/2928/2928 883/2929/2929 893/2930/2930
f 894/2931/2931 884/2932/2932 883/2933/2933
f 895/2934/2934 884/2935/2935 894/2936/2936
f 895/2937/2937 885/2938/2938 884/2939/2939
f 896/2940/2940 885/2941/2941 895/2942/2942
f 896/2943/2943 886/2944/2944 885/2945/2945
f 897/2946/2946 886/2947/2947 896/2948/2948
f 897/2949/2949 436/2950/2950 886/2951/2951
f 437/2952/2952 436/2953/2953 897/2954/2954
f 898/2955/2955 887/2956/2956 707/2957/2957
f 898/2958/2958 888/2959/2959 887/2960/2960
f 899/2961/2961 888/2962/2962 898/2963/2963
f 899/2964/2964 889/2965/2965 888/2966/2966
f 900/2967/2967 889/2968/2968 899/2969/2969
f 900/2970/2970 890/2971/2971 889/2972/2972
f 901/2973/2973 890/2974/2974 900/2975/2975
f 901/2976/2976 891/2977/2977 890/2978/2978
f 902/2979/2979 891/2980/2980 901/2981/2981
f 902/2982/2982 892/2983/2983 891/2984/2984
f 903/2985/2985 892/2986/2986 902/2987/2987
f 903/2988/2988 893/2989/2989 892/2990/2990
f 904/2991/2991 893/2992/2992 903/2993/2993
f 904/2994/2994 894/2995/2995 893/2996/2996
f 905/2997/2997 894/2998/2998 904/2999/2999
f 905/3000/3000 895/3001/3001 894/3002/3002
f 906/3003/3003 895/3004/3004 905/3005/3005
f 906/3006/3006 896/3007/3007 895/3008/3008
f 907/3009/3009 896/3010/3010 906/3011/3011
f 907/3012/3012 897/3013/3013 896/3014/3014
f 908/3015/3015 897/3016/3016 907/3017/3017
f 908/3018/3018 437/3019/3019 897/3020/3020
f 438/3021/3021 437/3022/3022 908/3023/3023
f 909/3024/3024 898/3025/3025 707/3026/3026
f 909/3027/3027 899/3028/3028 898/3029/3029
f 910/3030/3030 899/3031/3031 909/3032/3032
f 910/3033/3033 900/3034/3034 899/3035/3035
f 911/3036/3036 900/3037/3037 910/3038/3038
f 911/3039/3039 901/3040/3040 900/3041/3041
f 912/3042/3042 901/3043/3043 911/3044/3044
f 912/3045/3045 902/3046/3046 901/3047/3047
f 913/3048/3048 902/3049/3049 912/3050/3050
f 913/3051/3051 903/3052/3052 902/3053/3053
f 914/3054/3054 903/3055/3055 913/3056/3056
f 914/3057/3057 904/3058/3058 903/3059/3059
f 915/3060/3060 904/3061/3061 914/3062/3062
f 915/3063/3063 905/3064/3064 904/3065/3065
f 916/3066/3066 905/3067/3067 915/3068/3068
f 916/3069/3069 906/3070/3070 905/3071/3071
f 917/3072/3072 906/3073/3073 916/3074/3074
f 917/3075/3075 907/3076/3076 906/3077/3077
f 918/3078/3078 907/3079/3079 917/3080/3080
f 918/3081/3081 908/3082/3082 907/3083/3083
f 919/3084/3084 908/3085/3085 918/3086/3086
f 919/3087/3087 438/3088/3088 908/3089/3089
f 439/3090/3090 438/3091/3091 919/3092/3092
f 920/3093/3093 909/3094/3094 707/3095/3095
f 920/3096/3096 910/3097/3097 909/3098/3098
f 921/3099/3099 910/3100/3100 920/3101/3101
f 921/3102/3102 911/3103/3103 910/3104/3104
f 922/3105/3105 911/3106/3106 921/3107/3107
f 922/3108/3108 912/3109/3109 911/3110/3110
f 923/3111/3111 912/3112/3112 922/3113/3113
f 923/3114/3114 913/3115/3115 912/3116/3116
f 924/3117/3117 913/3118/3118 923/3119/3119
f 924/3120/3120 914/3121/3121 913/3122/3122
f 925/3123/3123 914/3124/3124 924/3125/3125
f 925/3126/3126 915/3127/3127 914/3128/3128
f 926/3129/3129 915/3130/3130 925/3131/3131
f 926/3132/3132 916/3133/3133 915/3134/3134
f 927/3135/3135 916/3136/3136 926/3137/3137
f 927/3138/3138 917/3139/3139 916/3140/3140
f 928/3141/3141 917/3142/3142 927/3143/3143
f 928/3144/3144 918/3145/3145 917/3146/3146
f 929/3147/3147 918/3148/3148 928/3149/3149
f 929/3150/3150 919/3151/3151 918/3152/3152
f 930/3153/3153 919/3154/3154 929/3155/3155
f 930/3156/3156 439/3157/3157 919/3158/3158
f 440/3159/3159 439/3160/3160 930/3161/3161
f 931/3162/3162 920/3163/3163 707/3164/3164
f 931/3165/3165 921/3166/3166 920/3167/3167
f 932/3168/3168 921/3169/3169 931/3170/3170
f 932/3171/3171 922/3172/3172 921/3173/3173
f 933/3174/3174 922/3175/3175 932/3176/3176
f 933/3177/3177 923/3178/3178 922/3179/3179
f 934/3180/3180 923/3181/3181 933/3182/3182
f 934/3183/3183 924/3184/3184 923/3185/3185
f 935/3186/3186 924/3187/3187 934/3188/3188
f 935/3189/3189 925/3190/3190 924/3191/3191
f 936/3192/3192 925/3193/3193 935/3194/3194
f 936/3195/3195 926/3196/3196 925/3197/3197
f 937/3198/3198 926/3199/3199 936/3200/3200
f 937/3201/3201 927/3202/3202 926/3203/3203
f 938/3204/3204 927/3205/3205 937/3206/3206
f 938/3207/3207 928/3208/3208 927/3209/3209
f 939/3210/3210 928/3211/3211 938/3212/3212
f 939/3213/3213 929/3214/3214 928/3215/3215
f 940/3216/3216 929/3217/3217 939/3218/3218
f 940/3219/3219 930/3220/3220 929/3221/3221
f 941/3222/3222 930/3223/3223 940/3224/3224
f 941/3225/3225 440/3226/3226 930/3227/3227
f 441/3228/3228 440/3229/3229 941/3230/3230
f 942/3231/3231 931/3232/3232 707/3233/3233
f 942/3234/3234 932/3235/3235 931/3236/3236
f 943/3237/3237 932/3238/3238 942/3239/3239
f 943/3240/3240 933/3241/3241 932/3242/3242
f 944/3243/3243 933/3244/3244 943/3245/3245
f 944/3246/3246 934/3247/3247 933/3248/3248
f 945/3249/3249 934/3250/3250 944/3251/3251
f 945/3252/3252 935/3253/3253 934/3254/3254
f 946/3255/3255 935/3256/3256 945/3257/3257
f 946/3258/3258 936/3259/3259 935/3260/3260
f 947/3261/3261 936/3262/3262 946/3263/3263
f 947/3264/3264 937/3265/3265 936/3266/3266
f 948/3267/3267 937/3268/3268 947/3269/3269
f 948/3270/3270 938/3271/3271 937/3272/3272
f 949/3273/3273 938/3274/3274 948/3275/3275
f 949/3276/3276 939/3277/3277 938/3278/3278
f 950/3279/3279 939/3280/3280 949/3281/3281
f 950/3282/3282 940/3283/3283 939/3284/3284
f 951/3285/3285 940/3286/3286 950/3287/3287
f 951/3288/3288 941/3289/3289 940/3290/3290
f 952/3291/3291 941/3292/3292 951/3293/3293
f 952/3294/3294 441/3295/3295 941/3296/3296
f 442/3297/3297 441/3298/3298 952/3299/3299
f 953/3300/3300 942/3301/3301 707/3302/3302
f 953/3303/3303 943/3304/3304 942/3305/3305
f 954/3306/3306 943/3307/3307 953/3308/3308
f 954/3309/3309 944/3310/3310 943/3311/3311
f 955/3312/3312 944/3313/3313 954/3314/3314
f 955/3315/3315 945/3316/3316 944/3317/3317
f 956/3318/3318 945/3319/3319 955/3320/3320
f 956/3321/3321 946/3322/3322 945/3323/3323
f 957/3324/3324 946/3325/3325 956/3326/3326
f 957/3327/3327 947/3328/3328 946/3329/3329
f 958/3330/3330 947/3331/3331 957/3332/3332
f 958/3333/3333 948/3334/3334 947/3335/3335
f 959/3336/3336 948/3337/3337 958/3338/3338
f 959/3339/3339 949/3340/3340 948/3341/3341
f 960/3342/3342 949/3343/3343 959/3344/3344
f 960/3345/3345 950/3346/3346 949/3347/3347
f 961/3348/3348 950/3349/3349 960/3350/3350
f 961/3351/3351 951/3352/3352 950/3353/3353
f 962/3354/3354 951/3355/3355 961/3356/3356
f 962/3357/3357 952/3358/3358 951/3359/3359
f 963/3360/3360 952/3361/3361 962/3362/3362
f 963/3363/3363 442/3364/3364 952/3365/3365
f 443/3366/3366 442/3367/3367 963/3368/3368
f 964/3369/3369 953/3370/3370 707/3371/3371
f 964/3372/3372 954/3373/3373 953/3374/3374
f 965/3375/3375 954/3376/3376 964/3377/3377
f 965/3378/3378 955/3379/3379 954/3380/3380
f 966/3381/3381 955/3382/3382 965/3383/3383
f 966/3384/3384 956/3385/3385 955/3386/3386
f 967/3387/3387 956/3388/3388 966/3389/3389
f 967/3390/3390 957/3391/3391 956/3392/3392
f 968/3393/3393 957/3394/3394 967/3395/3395
f 968/3396/3396 958/3397/3397 957/3398/3398
f 969/3399/3399 958/3400/3400 968/3401/3401
f 969/3402/3402 959/3403/3403 958/3404/3404
f 970/3405/3405 959/3406/3406 969/3407/3407
f 970/3408/3408 960/3409/3409 959/3410/3410
f 971/3411/3411 960/3412/3412 970/3413/3413
f 971/3414/3414 961/3415/3415 960/3416/3416
f 972/3417/3417 961/3418/3418 971/3419/3419
f 972/3420/3420 962/3421/3421 961/3422/3422
f 973/3423/3423 962/3424/3424 972/3425/3425
f 973/3426/3426 963/3427/3427 962/3428/3428
f 974/3429/3429 963/3430/3430 973/3431/3431
f 974/3432/3432 443/3433/3433 963/3434/3434
f 444/3435/3435 443/3436/3436 974/3437/3437
f 975/3438/3438 964/3439/3439 707/3440/3440
f 975/3441/3441 965/3442/3442 964/3443/3443
f 976/3444/3444 965/3445/3445 975/3446/3446
f 976/3447/3447 966/3448/3448 965/3449/3449
f 977/3450/3450 966/3451/3451 976/3452/3452
f 977/3453/3453 967/3454/3454 966/3455/3455
f 978/3456/3456 967/3457/3457 977/3458/3458
f 978/3459/3459 968/3460/3460 967/3461/3461
f 979/3462/3462 968/3463/3463 978/3464/3464
f 979/3465/3465 969/3466/3466 968/3467/3467
f 980/3468/3468 969/3469/3469 979/3470/3470
f 980/3471/3471 970/3472/3472 969/3473/3473
f 981/3474/3474 970/3475/3475 980/3476/3476
f 981/3477/3477 971/3478/3478 970/3479/3479
f 982/3480/3480 971/3481/3481 981/3482/3482
f 982/3483/3483 972/3484/3484 971/3485/3485
f 983/3486/3486 972/3487/3487 982/3488/3488
f 983/3489/3489 973/3490/3490 972/3491/3491
f 984/3492/3492 973/3493/3493 983/3494/3494
f 984/3495/3495 974/3496/3496 973/3497/3497
f 985/3498/3498 974/3499/3499 984/3500/3500
f 985/3501/3501 444/3502/3502 974/3503/3503
f 445/3504/3504 444/3505/3505 985/3506/3506
f 986/3507/3507 975/3508/3508 707/3509/3509
f 986/3510/3510 976/3511/3511 975/3512/3512
f 987/3513/3513 976/3514/3514 986/3515/3515
f 987/3516/3516 977/3517/3517 976/3518/3518
f 988/3519/3519 977/3520/3520 987/3521/3521
f 988/3522/3522 978/3523/3523 977/3524/3524
f 989/3525/3525 978/3526/3526 988/3527/3527
f 989/3528/3528 979/3529/3529 978/3530/3530
f 990/3531/3531 979/3532/3532 989/3533/3533
f 990/3534/3534 980/3535/3535 979/3536/3536
f 991/3537/3537 980/3538/3538 990/3539/3539
f 991/3540/3540 981/3541/3541 980/3542/3542
f 992/3543/3543 981/3544/3544 991/3545/3545
f 992/3546/3546 982/3547/3547 981/3548/3548
f 993/3549/3549 982/3550/3550 992/3551/3551
f 993/3552/3552 983/3553/3553 982/3554/3554
f 994/3555/3555 983/3556/3556 993/3557/3557
f 994/3558/3558 984/3559/3559 983/3560/3560
f 995/3561/3561 984/3562/3562 994/3563/3563
f 995/3564/3564 985/3565/3565 984/3566/3566
f 996/3567/3567 985/3568/3568 995/3569/3569
f 996/3570/3570 445/3571/3571 985/3572/3572
f 446/3573/3573 445/3574/3574 996/3575/3575
f 997/3576/3576 986/3577/3577 707/3578/3578
f 997/3579/3579 987/3580/3580 986/3581/3581
f 998/3582/3582 987/3583/3583 997/3584/3584
f 998/3585/3585 988/3586/3586 987/3587/3587
f 999/3588/3588 988/3589/3589 998/3590/3590
f 999/3591/3591 989/3592/3592 988/3593/3593
f 1000/3594/3594 989/3595/3595 999/3596/3596
f 1000/3597/3597 990/3598/3598 989/3599/3599
f 1001/3600/3600 990/3601/3601 1000/3602/3602
f 1001/3603/3603 991/3604/3604 990/3605/3605
f 1002/3606/3606 991/3607/3607 1001/3608/3608
f 1002/3609/3609 992/3610/3610 991/3611/3611
f 1003/3612/3612 992/3613/3613 1002/3614/3614
f 1003/3615/3615 993/3616/3616 992/3617/3617
f 1004/3618/3618 993/3619/3619 1003/3620/3620
f 1004/3621/3621 994/3622/3622 993/3623/3623
f 1005/3624/3624 994/3625/3625 1004/3626/3626
f 1005/3627/3627 995/3628/3628 994/3629/3629
f 1006/3630/3630 995/3631/3631 1005/3632/3632
f 1006/3633/3633 996/3634/3634 995/3635/3635
f 1007/3636/3636 996/3637/3637 1006/3638/3638
f 1007/3639/3639 446/3640/3640 996/3641/3641
f 447/3642/3642 446/3643/3643 1007/3644/3644
f 1008/3645/3645 997/3646/3646 707/3647/3647
f 1008/3648/3648 998/3649/3649 997/3650/3650
f 1009/3651/3651 998/3652/3652 1008/3653/3653
f 1009/3654/3654 999/3655/3655 998/3656/3656
f 1010/3657/3657 999/3658/3658 1009/3659/3659
f 1010/3660/3660 1000/3661/3661 999/3662/3662
f 1011/3663/3663 1000/3664/3664 1010/3665/3665
f 1011/3666/3666 1001/3667/3667 1000/3668/3668
f 1012/3669/3669 1001/3670/3670 1011/3671/3671
f 1012/3672/3672 1002/3673/3673 1001/3674/3674
f 1013/3675/3675 1002/3676/3676 1012/3677/3677
f 1013/3678/3678 1003/3679/3679 1002/3680/3680
f 1014/3681/3681 1003/3682/3682 1013/3683/3683
f 1014/3684/3684 1004/3685/3685 1003/3686/3686
f 1015/3687/3687 1004/3688/3688 1014/3689/3689
f 1015/3690/3690 1005/3691/3691 1004/3692/3692
f 1016/3693/3693 1005/3694/3694 1015/3695/3695
f 1016/3696/3696 1006/3697/3697 1005/3698/3698
f 1017/3699/3699 1006/3700/3700 1016/3701/3701
f 1017/3702/3702 1007/3703/3703 1006/3704/3704
f 1018/3705/3705 1007/3706/3706 1017/3707/3707
f 1018/3708/3708 447/3709/3709 1007/3710/3710
f 448/3711/3711 447/3712/3712 1018/3713/3713
f 1019/3714/3714 1008/3715/3715 707/3716/3716
f 1019/3717/3717 1009/3718/3718 1008/3719/3719
f 1020/3720/3720 1009/3721/3721 1019/3722/3722
f 1020/3723/3723 1010/3724/3724 1009/3725/3725
f 1021/3726/3726 1010/3727/3727 1020/3728/3728
f 1021/3729/3729 1011/3730/3730 1010/3731/3731
f 1022/3732/3732 1011/3733/3733 1021/3734/3734
f 1022/3735/3735 1012/3736/3736 1011/3737/3737
f 1023/3738/3738 1012/3739/3739 1022/3740/3740
f 1023/3741/3741 1013/3742/3742 1012/3743/3743
f 1024/3744/3744 1013/3745/3745 1023/3746/3746
f 1024/3747/3747 1014/3748/3748 1013/3749/3749
f 1025/3750/3750 1014/3751/3751 1024/3752/3752
f 1025/3753/3753 1015/3754/3754 1014/3755/3755
f 1026/3756/3756 1015/3757/3757 1025/3758/3758
f 1026/3759/3759 1016/3760/3760 1015/3761/3761
f 1027/3762/3762 1016/3763/3763 1026/3764/3764
f 1027/3765/3765 1017/3766/3766 1016/3767/3767
f 1028/3768/3768 1017/3769/3769 1027/3770/3770
f 1028/3771/3771 1018/3772/3772 1017/3773/3773
f 1029/3774/3774 1018/3775/3775 1028/3776/3776
f 1029/3777/3777 448/3778/3778 1018/3779/3779
f 449/3780/3780 448/3781/3781 1029/3782/3782
f 1030/3783/3783 1019/3784/3784 707/3785/3785
f 1030/3786/3786 1020/3787/3787 1019/3788/3788
f 1031/3789/3789 1020/3790/3790 1030/3791/3791
f 1031/3792/3792 1021/3793/3793 1020/3794/3794
f 1032/3795/3795 1021/3796/3796 1031/3797/3797
f 1032/3798/3798 1022/3799/3799 1021/3800/3800
f 1033/3801/3801 1022/3802/3802 1032/3803/3803
f 1033/3804/3804 1023/3805/3805 1022/3806/3806
f 1034/3807/3807 1023/3808/3808 1033/3809/3809
f 1034/3810/3810 1024/3811/3811 1023/3812/3812
f 1035/3813/3813 1024/3814/3814 1034/3815/3815
f 1035/3816/3816 1025/3817/3817 1024/3818/3818
f 1036/3819/3819 1025/3820/3820 1035/3821/3821
f 1036/3822/3822 1026/3823/3823 1025/3824/3824
f 1037/3825/3825 1026/3826/3826 1036/3827/3827
f 1037/3828/3828 1027/3829/3829 1026/3830/3830
f 1038/3831/3831 1027/3832/3832 1037/3833/3833
f 1038/3834/3834 1028/3835/3835 1027/3836/3836
f 1039/3837/3837 1028/3838/3838 1038/3839/3839
f 1039/3840/3840 1029/3841/3841 1028/3842/3842
f 1040/3843/3843 1029/3844/3844 1039/3845/3845
f 1040/3846/3846 449/3847/3847 1029/3848/3848
f 450/3849/3849 449/3850/3850 1040/3851/3851
f 1041/3852/3852 1030/3853/3853 707/3854/3854
f 1041/3855/3855 1031/3856/3856 1030/3857/3857
f 1042/3858/3858 1031/3859/3859 1041/3860/3860
f 1042/3861/3861 1032/3862/3862 1031/3863/3863
f 1043/3864/3864 1032/3865/3865 1042/3866/3866
f 1043/3867/3867 1033/3868/3868 1032/3869/3869
f 1044/3870/3870 1033/3871/3871 1043/3872/3872
f 1044/3873/3873 1034/3874/3874 1033/3875/3875
f 1045/3876/3876 1034/3877/3877 1044/3878/3878
f 1045/3879/3879 1035/3880/3880 1034/3881/3881
f 1046/3882/3882 1035/3883/3883 1045/3884/3884
f 1046/3885/3885 1036/3886/3886 1035/3887/3887
f 1047/3888/3888 1036/3889/3889 1046/3890/3890
f 1047/3891/3891 1037/3892/3892 1036/3893/3893
f 1048/3894/3894 1037/3895/3895 1047/3896/3896
f 1048/3897/3897 1038/3898/3898 1037/3899/3899
f 1049/3900/3900 1038/3901/3901 1048/3902/3902
f 1049/3903/3903 1039/3904/3904 1038/3905/3905
f 1050/3906/3906 1039/3907/3907 1049/3908/3908
f 1050/3909/3909 1040/3910/3910 1039/3911/3911
f 1051/3912/3912 1040/3913/3913 1050/3914/3914
f 1051/3915/3915 450/3916/3916 1040/3917/3917
f 451/3918/3918 450/3919/3919 1051/3920/3920
f 1052/3921/3921 1041/3922/3922 707/3923/3923
f 1052/3924/3924 1042/3925/3925 1041/3926/3926
f 1053/3927/3927 1042/3928/3928 1052/3929/3929
f 1053/3930/3930 1043/3931/3931 1042/3932/3932
f 1054/3933/3933 1043/3934/3934 1053/3935/3935
f 1054/3936/3936 1044/3937/3937 1043/3938/3938
f 1055/3939/3939 1044/3940/3940 1054/3941/3941
f 1055/3942/3942 1045/3943/3943 1044/3944/3944
f 1056/3945/3945 1045/3946/3946 1055/3947/3947
f 1056/3948/3948 1046/3949/3949 1045/3950/3950
f 1057/3951/3951 1046/3952/3952 1056/3953/3953
f 1057/3954/3954 1047/3955/3955 1046/3956/3956
f 1058/3957/3957 1047/3958/3958 1057/3959/3959
f 1058/3960/3960 1048/3961/3961 1047/3962/3962
f 1059/3963/3963 1048/3964/3964 1058/3965/3965
f 1059/3966/3966 1049/3967/3967 1048/3968/3968
f 1060/3969/3969 1049/3970/3970 1059/3971/3971
f 1060/3972/3972 1050/3973/3973 1049/3974/3974
f 1061/3975/3975 1050/3976/3976 1060/3977/3977
f 1061/3978/3978 1051/3979/3979 1050/3980/3980
f 1062/3981/3981 1051/3982/3982 1061/3983/3983
f 1062/3984/3984 451/3985/3985 1051/3986/3986
f 452/3987/3987 451/3988/3988 1062/3989/3989
f 1063/3990/3990 1052/3991/3991 707/3992/3992
f 1063/3993/3993 1053/3994/3994 1052/3995/3995
f 1064/3996/3996 1053/3997/3997 1063/3998/3998
f 1064/3999/3999 1054/4000/4000 1053/4001/4001
f 1065/4002/4002 1054/4003/4003 1064/4004/4004
f 1065/4005/4005 1055/4006/4006 1054/4007/4007
f 1066/4008/4008 1055/4009/4009 1065/4010/4010
f 1066/4011/4011 1056/4012/4012 1055/4013/4013
f 1067/4014/4014 1056/4015/4015 1066/4016/4016
f 1067/4017/4017 1057/4018/4018 1056/4019/4019
f 1068/4020/4020 1057/4021/4021 1067/4022/4022
f 1068/4023/4023 1058/4024/4024 1057/4025/4025
f 1069/4026/4026 1058/4027/4027 1068/4028/4028
f 1069/4029/4029 1059/4030/4030 1058/4031/4031
f 1070/4032/4032 1059/4033/4033 1069/4034/4034
f 1070/4035/4035 1060/4036/4036 1059/4037/4037
f 1071/4038/4038 1060/4039/4039 1070/4040/4040
f 1071/4041/4041 1061/4042/4042 1060/4043/4043
f 1072/4044/4044 1061/4045/4045 1071/4046/4046
f 1072/4047/4047 1062/4048/4048 1061/4049/4049
f 1073/4050/4050 1062/4051/4051 1072/4052/4052
f 1073/4053/4053 452/4054/4054 1062/4055/4055
f 453/4056/4056 452/4057/4057 1073/4058/4058
f 1074/4059/4059 1063/4060/4060 707/4061/4061
f 1074/4062/4062 1064/4063/4063 1063/4064/4064
f 1075/4065/4065 1064/4066/4066 1074/4067/4067
f 1075/4068/4068 1065/4069/4069 1064/4070/4070
f 1076/4071/4071 1065/4072/4072 1075/4073/4073
f 1076/4074/4074 1066/4075/4075 1065/4076/4076
f 1077/4077/4077 1066/4078/4078 1076/4079/4079
f 1077/4080/4080 1067/4081/4081 1066/4082/4082
f 1078/4083/4083 1067/4084/4084 1077/4085/4085
f 1078/4086/4086 1068/4087/4087 1067/4088/4088
f 1079/4089/4089 1068/4090/4090 1078/4091/4091
f 1079/4092/4092 1069/4093/4093 1068/4094/4094
f 1080/4095/4095 1069/4096/4096 1079/4097/4097
f 1080/4098/4098 1070/4099/4099 1069/4100/4100
f 1081/4101/4101 1070/4102/4102 1080/4103/4103
f 1081/4104/4104 1071/4105/4105 1070/4106/4106
f 1082/4107/4107 1071/4108/4108 1081/4109/4109
f 1082/4110/4110 1072/4111/4111 1071/4112/4112
f 1083/4113/4113 1072/4114/4114 1082/4115/4115
f 1083/4116/4116 1073/4117/4117 1072/4118/4118
f 1084/4119/4119 1073/4120/4120 1083/4121/4121
f 1084/4122/4122 453/4123/4123 1073/4124/4124
f 454/4125/4125 453/4126/4126 1084/4127/4127
f 561/4128/4128 1074/4129/4129 707/4130/4130
f 561/4131/4131 1075/4132/4132 1074/4133/4133
f 563/4134/4134 1075/4135/4135 561/4136/4136
f 563/4137/4137 1076/4138/4138 1075/4139/4139
f 565/4140/4140 1076/4141/4141 563/4142/4142
f 565/4143/4143 1077/4144/4144 1076/4145/4145
f 570/4146/4146 1077/4147/4147 565/4148/4148
f 570/4149/4149 1078/4150/4150 1077/4151/4151
f 575/4152/4152 1078/4153/4153 570/4154/4154
f 575/4155/4155 1079/4156/4156 1078/4157/4157
f 581/4158/4158 1079/4159/4159 575/4160/4160
f 581/4161/4161 1080/4162/4162 1079/4163/4163
f 584/4164/4164 1080/4165/4165 581/4166/4166
f 584/4167/4167 1081/4168/4168 1080/4169/4169
f 583/4170/4170 1081/4171/4171 584/4172/4172
f 583/4173/4173 1082/4174/4174 1081/4175/4175
f 586/4176/4176 1082/4177/4177 583/4178/4178
f 586/4179/4179 1083/4180/4180 1082/4181/4181
f 588/4182/4182 1083/4183/4183 586/4184/4184
f 588/4185/4185 1084/4186/4186 1083/4187/4187
f 590/4188/4188 1084/4189/4189 588/4190/4190
f 590/4191/4191 454/4192/4192 1084/4193/4193
f 592/4194/4194 454/4195/4195 590/4196/4196
f 592/4197/4197 455/4198/4198 454/4199/4199
f 593/4200/4200 455/4201/4201 592/4202/4202
f 593/4203/4203 456/4204/4204 455/4205/4205
f 599/4206/4206 456/4207/4207 593/4208/4208
f 599/4209/4209 457/4210/4210 456/4211/4211
f 605/4212/4212 457/4213/4213 599/4214/4214
f 605/4215/4215 458/4216/4216 457/4217/4217
f 611/4218/4218 458/4219/4219 605/4220/4220
f 611/4221/4221 459/4222/4222 458/4223/4223
f 617/4224/4224 459/4225/4225 611/4226/4226
f 617/4227/4227 460/4228/4228 459/4229/4229
f 626/4230/4230 460/4231/4231 617/4232/4232
f 626/4233/4233 461/4234/4234 460/4235/4235
f 634/4236/4236 461/4237/4237 626/4238/4238
f 634/4239/4239 462/4240/4240 461/4241/4241
f 642/4242/4242 462/4243/4243 634/4244/4244
f 642/4245/4245 463/4246/4246 462/4247/4247
f 650/4248/4248 463/4249/4249 642/4250/4250
f 650/4251/4251 464/4252/4252 463/4253/4253
f 658/4254/4254 464/4255/4255 650/4256/4256
f 658/4257/4257 465/4258/4258 464/4259/4259
f 666/4260/4260 465/4261/4261 658/4262/4262
f 666/4263/4263 466/4264/4264 465/4265/4265
f 675/4266/4266 466/4267/4267 666/4268/4268
f 675/4269/4269 467/4270/4270 466/4271/4271
f 688/4272/4272 467/4273/4273 675/4274/4274
f 688/4275/4275 468/4276/4276 467/4277/4277
f 1085/4278/4278 468/4279/4279 688/4280/4280
f 618/4281/4281 807/4282/4282 707/4283/4283
f 618/4284/4284 808/4285/4285 807/4286/4286
f 620/4287/4287 808/4288/4288 618/4289/4289
f 620/4290/4290 819/4291/4291 808/4292/4292
f 676/4293/4293 819/4294/4294 620/4295/4295
f 676/4296/4296 830/4297/4297 819/4298/4298
f 693/4299/4299 830/4300/4300 676/4301/4301
f 693/4302/4302 843/4303/4303 830/4304/4304
f 712/4305/4305 843/4306/4306 693/4307/4307
f 712/4308/4308 683/4309/4309 843/4310/4310
f 721/4311/4311 683/4312/4312 712/4313/4313
f 721/4314/4314 684/4315/4315 683/4316/4316
f 729/4317/4317 684/4318/4318 721/4319/4319
f 729/4320/4320 685/4321/4321 684/4322/4322
f 736/4323/4323 685/4324/4324 729/4325/4325
f 736/4326/4326 686/4327/4327 685/4328/4328
f 742/4329/4329 686/4330/4330 736/4331/4331
f 742/4332/4332 687/4333/4333 686/4334/4334
f 704/4335/4335 687/4336/4336 742/4337/4337
f 704/4338/4338 688/4339/4339 687/4340/4340
f 701/4341/4341 688/4342/4342 704/4343/4343
f 701/4344/4344 1085/4345/4345 688/4346/4346
f 1086/4347/4347 1085/4348/4348 701/4349/4349
f 701/4350/4350 1087/4351/4351 1086/4352/4352
f 701/4353/4353 1088/4354/4354 1087/4355/4355
f 703/4356/4356 1088/4357/4357 701/4358/4358
f 703/4359/4359 1089/4360/4360 1088/4361/4361
f 711/4362/4362 1089/4363/4363 703/4364/4364
f 711/4365/4365 1090/4366/4366 1089/4367/4367
f 747/4368/4368 1090/4369/4369 711/4370/4370
f 758/4371/4371 720/4372/4372 710/4373/4373
f 755/4374/4374 720/4375/4375 758/4376/4376
f 755/4377/4377 728/4378/4378 720/4379/4379
f 752/4380/4380 728/4381/4381 755/4382/4382
f 752/4383/4383 735/4384/4384 728/4385/4385
f 749/4386/4386 735/4387/4387 752/4388/4388
f 749/4389/4389 741/4390/4390 735/4391/4391
f 748/4392/4392 741/4393/4393 749/4394/4394
f 748/4395/4395 746/4396/4396 741/4397/4397
f 1091/4398/4398 746/4399/4399 748/4400/4400
f 1091/4401/4401 747/4402/4402 746/4403/4403
f 1090/4404/4404 747/4405/4405 1091/4406/4406
f 748/4407/4407 1092/4408/4408 1091/4409/4409
f 748/4410/4410 1093/4411/4411 1092/4412/4412
f 750/4413/4413 1093/4414/4414 748/4415/4415
f 750/4416/4416 1094/4417/4417 1093/4418/4418
f 750/4419/4419 1095/4420/4420 1094/4421/4421
f 753/4422/4422 1095/4423/4423 750/4424/4424
f 753/4425/4425 1096/4426/4426 1095/4427/4427
f 753/4428/4428 1097/4429/4429 1096/4430/4430
f 761/4431/4431 1097/4432/4432 753/4433/4433
f 761/4434/4434 1098/4435/4435 1097/4436/4436
f 761/4437/4437 1099/4438/4438 1098/4439/4439
f 762/4440/4440 1099/4441/4441 761/4442/4442
f 762/4443/4443 1100/4444/4444 1099/4445/4445
f 1101/4446/4446 1100/4447/4447 762/4448/4448
f 765/4449/4449 706/4450/4450 707/4451/4451
f 765/4452/4452 708/4453/4453 706/4454/4454
f 764/4455/4455 708/4456/4456 765/4457/4457
f 764/4458/4458 709/4459/4459 708/4460/4460
f 767/4461/4461 709/4462/4462 764/4463/4463
f 767/4464/4464 710/4465/4465 709/4466/4466
f 769/4467/4467 710/4468/4468 767/4469/4469
f 769/4470/4470 758/4471/4471 710/4472/4472
f 771/4473/4473 758/4474/4474 769/4475/4475
f 771/4476/4476 757/4477/4477 758/4478/4478
f 773/4479/4479 757/4480/4480 771/4481/4481
f 773/4482/4482 759/4483/4483 757/4484/4484
f 775/4485/4485 759/4486/4486 776/4487/4487
f 776/4487/4487 759/4486/4486 773/4488/4488
f 760/4489/4489 756/4490/4490 775/4491/4491
f 775/4491/4491 756/4490/4490 759/4492/4492
f 777/4493/4493 760/4494/4494 775/4495/4495
f 777/4496/4496 762/4497/4497 760/4498/4498
f 779/4499/4499 762/4500/4500 777/4501/4501
f 779/4502/4502 1101/4503/4503 762/4504/4504
f 1102/4505/4505 1101/4506/4506 779/4507/4507
f 1103/4508/4508 780/4509/4509 790/4510/4510
f 1104/4511/4511 780/4512/4512 1103/4513/4513
f 1104/4514/4514 779/4515/4515 780/4516/4516
f 1102/4517/4517 779/4518/4518 1104/4519/4519
f 1105/4520/4520 1106/4521/4521 1107/4522/4522
f 1103/4523/4523 1108/4524/4524 1104/4525/4525
f 1103/4526/4526 1106/4527/4527 1108/4528/4528
f 790/4529/4529 1106/4530/4530 1103/4531/4531
f 790/4532/4532 1107/4533/4533 1106/4534/4534
f 792/4535/4535 1107/4536/4536 790/4537/4537
f 792/4538/4538 1105/4539/4539 1107/4540/4540
f 1109/4541/4541 1105/4542/4542 792/4543/4543
f 792/4544/4544 1110/4545/4545 1109/4546/4546
f 792/4547/4547 1111/4548/4548 1110/4549/4549
f 793/4550/4550 1111/4551/4551 792/4552/4552
f 793/4553/4553 432/4554/4554 1111/4555/4555
f 433/4556/4556 432/4557/4557 793/4558/4558
f 1112/4559/4559 1113/4560/4560 1114/4561/4561
f 1115/4562/4562 1113/4563/4563 1116/4564/4564
f 1117/4565/4565 1118/4566/4566 1119/4567/4567
f 1120/4568/4568 1118/4569/4569 1117/4570/4570
f 1120/4571/4571 1121/4572/4572 1118/4573/4573
f 1122/4574/4574 1121/4575/4575 1120/4576/4576
f 1122/4577/4577 1123/4578/4578 1121/4579/4579
f 1124/4580/4580 1123/4581/4581 1122/4582/4582
f 1124/4583/4583 1125/4584/4584 1123/4585/4585
f 1126/4586/4586 1125/4587/4587 1124/4588/4588
f 1126/4589/4589 1127/4590/4590 1125/4591/4591
f 1128/4592/4592 1127/4593/4593 1126/4594/4594
f 1128/4595/4595 1129/4596/4596 1127/4597/4597
f 1130/4598/4598 1129/4599/4599 1128/4600/4600
f 1130/4601/4601 1131/4602/4602 1129/4603/4603
f 1132/4604/4604 1131/4605/4605 1130/4606/4606
f 1132/4607/4607 1133/4608/4608 1131/4609/4609
f 1134/4610/4610 1133/4611/4611 1132/4612/4612
f 1134/4613/4613 1135/4614/4614 1133/4615/4615
f 1136/4616/4616 1135/4617/4617 1134/4618/4618
f 1136/4619/4619 1137/4620/4620 1135/4621/4621
f 1138/4622/4622 1137/4623/4623 1136/4624/4624
f 1138/4625/4625 1139/4626/4626 1137/4627/4627
f 1140/4628/4628 1139/4629/4629 1138/4630/4630
f 1140/4631/4631 1141/4632/4632 1139/4633/4633
f 1142/4634/4634 1141/4635/4635 1140/4636/4636
f 1142/4637/4637 1143/4638/4638 1141/4639/4639
f 1144/4640/4640 1143/4641/4641 1142/4642/4642
f 1144/4643/4643 1145/4644/4644 1143/4645/4645
f 1146/4646/4646 1145/4647/4647 1144/4648/4648
f 1146/4649/4649 1114/4650/4650 1145/4651/4651
f 1147/4652/4652 1114/4653/4653 1146/4654/4654
f 1147/4655/4655 1112/4656/4656 1114/4657/4657
f 1148/4658/4658 1112/4659/4659 1147/4660/4660
f 1148/4661/4661 1149/4662/4662 1112/4663/4663
f 1150/4664/4664 1149/4665/4665 1148/4666/4666
f 1150/4667/4667 1151/4668/4668 1149/4669/4669
f 1152/4670/4670 1151/4671/4671 1150/4672/4672
f 1152/4673/4673 1153/4674/4674 1151/4675/4675
f 1154/4676/4676 1153/4677/4677 1152/4678/4678
f 1154/4679/4679 1155/4680/4680 1153/4681/4681
f 1156/4682/4682 1155/4683/4683 1154/4684/4684
f 1156/4685/4685 1157/4686/4686 1155/4687/4687
f 1158/4688/4688 1157/4689/4689 1156/4690/4690
f 1158/4691/4691 1159/4692/4692 1157/4693/4693
f 1160/4694/4694 1159/4695/4695 1158/4696/4696
f 1160/4697/4697 1161/4698/4698 1159/4699/4699
f 1162/4700/4700 1161/4701/4701 1160/4702/4702
f 1163/4703/4703 1164/4704/4704 1162/4705/4705
f 1162/4705/4705 1164/4704/4704 1161/4706/4706
f 1163/4707/4707 1165/4708/4708 1164/4709/4709
f 1166/4710/4710 1165/4711/4711 1163/4712/4712
f 1166/4713/4713 1167/4714/4714 1165/4715/4715
f 1168/4716/4716 1167/4717/4717 1166/4718/4718
f 1168/4719/4719 1169/4720/4720 1167/4721/4721
f 1170/4722/4722 1169/4723/4723 1168/4724/4724
f 1170/4725/4725 1171/4726/4726 1169/4727/4727
f 1172/4728/4728 1171/4729/4729 1170/4730/4730
f 1172/4731/4731 1173/4732/4732 1171/4733/4733
f 1174/4734/4734 1173/4735/4735 1172/4736/4736
f 1174/4737/4737 1175/4738/4738 1173/4739/4739
f 1176/4740/4740 1175/4741/4741 1174/4742/4742
f 1176/4743/4743 1116/4744/4744 1175/4745/4745
f 1177/4746/4746 1116/4747/4747 1176/4748/4748
f 1177/4749/4749 1115/4750/4750 1116/4751/4751
f 1178/4752/4752 1115/4753/4753 1177/4754/4754
f 1178/4755/4755 1179/4756/4756 1115/4757/4757
f 1180/4758/4758 1179/4759/4759 1178/4760/4760
f 1180/4761/4761 1181/4762/4762 1179/4763/4763
f 1182/4764/4764 1181/4765/4765 1180/4766/4766
f 1182/4767/4767 1183/4768/4768 1181/4769/4769
f 1184/4770/4770 1183/4771/4771 1182/4772/4772
f 1184/4773/4773 1185/4774/4774 1183/4775/4775
f 1186/4776/4776 1185/4777/4777 1184/4778/4778
f 1186/4779/4779 1187/4780/4780 1185/4781/4781
f 1188/4782/4782 1187/4783/4783 1186/4784/4784
f 1188/4785/4785 1189/4786/4786 1187/4787/4787
f 1190/4788/4788 1189/4789/4789 1188/4790/4790
f 1190/4791/4791 1191/4792/4792 1189/4793/4793
f 1192/4794/4794 1191/4795/4795 1190/4796/4796
f 1192/4797/4797 1193/4798/4798 1191/4799/4799
f 1194/4800/4800 1193/4801/4801 1192/4802/4802
f 1194/4803/4803 1195/4804/4804 1193/4805/4805
f 1196/4806/4806 1195/4807/4807 1194/4808/4808
f 1196/4809/4809 1197/4810/4810 1195/4811/4811
f 1198/4812/4812 1197/4813/4813 1196/4814/4814
f 1198/4815/4815 1199/4816/4816 1197/4817/4817
f 1200/4818/4818 1199/4819/4819 1198/4820/4820
f 1200/4821/4821 1201/4822/4822 1199/4823/4823
f 1202/4824/4824 1201/4825/4825 1200/4826/4826
f 1202/4827/4827 1203/4828/4828 1201/4829/4829
f 1204/4830/4830 1203/4831/4831 1202/4832/4832
f 1204/4833/4833 1205/4834/4834 1203/4835/4835
f 1206/4836/4836 1205/4837/4837 1204/4838/4838
f 1206/4839/4839 1119/4840/4840 1205/4841/4841
f 1117/4842/4842 1119/4843/4843 1206/4844/4844
f 1207/4845/4845 1120/4846/4846 1117/4847/4847
f 1208/4848/4848 1120/4849/4849 1207/4850/4850
f 1208/4851/4851 1122/4852/4852 1120/4853/4853
f 1209/4854/4854 1122/4855/4855 1208/4856/4856
f 1209/4857/4857 1124/4858/4858 1122/4859/4859
f 1210/4860/4860 1124/4861/4861 1209/4862/4862
f 1210/4863/4863 1126/4864/4864 1124/4865/4865
f 1211/4866/4866 1126/4867/4867 1210/4868/4868
f 1211/4869/4869 1128/4870/4870 1126/4871/4871
f 1212/4872/4872 1128/4873/4873 1211/4874/4874
f 1212/4875/4875 1130/4876/4876 1128/4877/4877
f 1213/4878/4878 1130/4879/4879 1212/4880/4880
f 1213/4881/4881 1132/4882/4882 1130/4883/4883
f 1214/4884/4884 1132/4885/4885 1213/4886/4886
f 1214/4887/4887 1134/4888/4888 1132/4889/4889
f 1215/4890/4890 1134/4891/4891 1214/4892/4892
f 1215/4893/4893 1136/4894/4894 1134/4895/4895
f 1216/4896/4896 1136/4897/4897 1215/4898/4898
f 1216/4899/4899 1138/4900/4900 1136/4901/4901
f 1217/4902/4902 1138/4903/4903 1216/4904/4904
f 1217/4905/4905 1140/4906/4906 1138/4907/4907
f 1218/4908/4908 1140/4909/4909 1217/4910/4910
f 1218/4911/4911 1142/4912/4912 1140/4913/4913
f 1219/4914/4914 1142/4915/4915 1218/4916/4916
f 1219/4917/4917 1144/4918/4918 1142/4919/4919
f 1220/4920/4920 1144/4921/4921 1219/4922/4922
f 1220/4923/4923 1146/4924/4924 1144/4925/4925
f 1221/4926/4926 1146/4927/4927 1220/4928/4928
f 1221/4929/4929 1147/4930/4930 1146/4931/4931
f 1222/4932/4932 1147/4933/4933 1221/4934/4934
f 1222/4935/4935 1148/4936/4936 1147/4937/4937
f 1223/4938/4938 1148/4939/4939 1222/4940/4940
f 1223/4941/4941 1150/4942/4942 1148/4943/4943
f 1224/4944/4944 1150/4945/4945 1223/4946/4946
f 1224/4947/4947 1152/4948/4948 1150/4949/4949
f 1225/4950/4950 1152/4951/4951 1224/4952/4952
f 1225/4953/4953 1154/4954/4954 1152/4955/4955
f 1226/4956/4956 1154/4957/4957 1225/4958/4958
f 1226/4959/4959 1156/4960/4960 1154/4961/4961
f 1227/4962/4962 1156/4963/4963 1226/4964/4964
f 1227/4965/4965 1158/4966/4966 1156/4967/4967
f 1228/4968/4968 1158/4969/4969 1227/4970/4970
f 1228/4971/4971 1160/4972/4972 1158/4973/4973
f 1229/4974/4974 1160/4975/4975 1228/4976/4976
f 1229/4977/4977 1162/4978/4978 1160/4979/4979
f 1230/4980/4980 1162/4981/4981 1229/4982/4982
f 1231/4983/4983 1163/4984/4984 1230/4985/4985
f 1230/4985/4985 1163/4984/4984 1162/4986/4986
f 1231/4987/4987 1166/4988/4988 1163/4989/4989
f 1232/4990/4990 1166/4991/4991 1231/4992/4992
f 1232/4993/4993 1168/4994/4994 1166/4995/4995
f 1233/4996/4996 1168/4997/4997 1232/4998/4998
f 1233/4999/4999 1170/5000/5000 1168/5001/5001
f 1234/5002/5002 1170/5003/5003 1233/5004/5004
f 1234/5005/5005 1172/5006/5006 1170/5007/5007
f 1235/5008/5008 1172/5009/5009 1234/5010/5010
f 1235/5011/5011 1174/5012/5012 1172/5013/5013
f 1236/5014/5014 1174/5015/5015 1235/5016/5016
f 1236/5017/5017 1176/5018/5018 1174/5019/5019
f 1237/5020/5020 1176/5021/5021 1236/5022/5022
f 1237/5023/5023 1177/5024/5024 1176/5025/5025
f 1238/5026/5026 1177/5027/5027 1237/5028/5028
f 1238/5029/5029 1178/5030/5030 1177/5031/5031
f 1239/5032/5032 1178/5033/5033 1238/5034/5034
f 1239/5035/5035 1180/5036/5036 1178/5037/5037
f 1240/5038/5038 1180/5039/5039 1239/5040/5040
f 1240/5041/5041 1182/5042/5042 1180/5043/5043
f 1241/5044/5044 1182/5045/5045 1240/5046/5046
f 1241/5047/5047 1184/5048/5048 1182/5049/5049
f 1242/5050/5050 1184/5051/5051 1241/5052/5052
f 1242/5053/5053 1186/5054/5054 1184/5055/5055
f 1243/5056/5056 1186/5057/5057 1242/5058/5058
f 1243/5059/5059 1188/5060/5060 1186/5061/5061
f 1244/5062/5062 1188/5063/5063 1243/5064/5064
f 1244/5065/5065 1190/5066/5066 1188/5067/5067
f 1245/5068/5068 1190/5069/5069 1244/5070/5070
f 1245/5071/5071 1192/5072/5072 1190/5073/5073
f 1246/5074/5074 1192/5075/5075 1245/5076/5076
f 1246/5077/5077 1194/5078/5078 1192/5079/5079
f 1247/5080/5080 1194/5081/5081 1246/5082/5082
f 1247/5083/5083 1196/5084/5084 1194/5085/5085
f 1248/5086/5086 1196/5087/5087 1247/5088/5088
f 1248/5089/5089 1198/5090/5090 1196/5091/5091
f 1249/5092/5092 1198/5093/5093 1248/5094/5094
f 1249/5095/5095 1200/5096/5096 1198/5097/5097
f 1250/5098/5098 1200/5099/5099 1249/5100/5100
f 1250/5101/5101 1202/5102/5102 1200/5103/5103
f 1251/5104/5104 1202/5105/5105 1250/5106/5106
f 1251/5107/5107 1204/5108/5108 1202/5109/5109
f 1252/5110/5110 1204/5111/5111 1251/5112/5112
f 1252/5113/5113 1206/5114/5114 1204/5115/5115
f 1253/5116/5116 1206/5117/5117 1252/5118/5118
f 1253/5119/5119 1117/5120/5120 1206/5121/5121
f 1207/5122/5122 1117/5123/5123 1253/5124/5124
f 1254/5125/5125 1208/5126/5126 1207/5127/5127
f 1255/5128/5128 1208/5129/5129 1254/5130/5130
f 1255/5131/5131 1209/5132/5132 1208/5133/5133
f 1256/5134/5134 1209/5135/5135 1255/5136/5136
f 1256/5137/5137 1210/5138/5138 1209/5139/5139
f 1257/5140/5140 1210/5141/5141 1256/5142/5142
f 1257/5143/5143 1211/5144/5144 1210/5145/5145
f 1258/5146/5146 1211/5147/5147 1257/5148/5148
f 1258/5149/5149 1212/5150/5150 1211/5151/5151
f 1259/5152/5152 1212/5153/5153 1258/5154/5154
f 1259/5155/5155 1213/5156/5156 1212/5157/5157
f 1260/5158/5158 1213/5159/5159 1259/5160/5160
f 1260/5161/5161 1214/5162/5162 1213/5163/5163
f 1261/5164/5164 1214/5165/5165 1260/5166/5166
f 1261/5167/5167 1215/5168/5168 1214/5169/5169
f 1262/5170/5170 1215/5171/5171 1261/5172/5172
f 1262/5173/5173 1216/5174/5174 1215/5175/5175
f 1263/5176/5176 1216/5177/5177 1262/5178/5178
f 1263/5179/5179 1217/5180/5180 1216/5181/5181
f 1264/5182/5182 1217/5183/5183 1263/5184/5184
f 1264/5185/5185 1218/5186/5186 1217/5187/5187
f 1265/5188/5188 1218/5189/5189 1264/5190/5190
f 1265/5191/5191 1219/5192/5192 1218/5193/5193
f 1266/5194/5194 1219/5195/5195 1265/5196/5196
f 1266/5197/5197 1220/5198/5198 1219/5199/5199
f 1267/5200/5200 1220/5201/5201 1266/5202/5202
f 1267/5203/5203 1221/5204/5204 1220/5205/5205
f 1268/5206/5206 1221/5207/5207 1267/5208/5208
f 1268/5209/5209 1222/5210/5210 1221/5211/5211
f 1269/5212/5212 1222/5213/5213 1268/5214/5214
f 1269/5215/5215 1223/5216/5216 1222/5217/5217
f 1270/5218/5218 1223/5219/5219 1269/5220/5220
f 1270/5221/5221 1224/5222/5222 1223/5223/5223
f 1271/5224/5224 1224/5225/5225 1270/5226/5226
f 1271/5227/5227 1225/5228/5228 1224/5229/5229
f 1272/5230/5230 1225/5231/5231 1271/5232/5232
f 1272/5233/5233 1226/5234/5234 1225/5235/5235
f 1273/5236/5236 1226/5237/5237 1272/5238/5238
f 1273/5239/5239 1227/5240/5240 1226/5241/5241
f 1274/5242/5242 1227/5243/5243 1273/5244/5244
f 1274/5245/5245 1228/5246/5246 1227/5247/5247
f 1275/5248/5248 1228/5249/5249 1274/5250/5250
f 1275/5251/5251 1229/5252/5252 1228/5253/5253
f 1276/5254/5254 1229/5255/5255 1275/5256/5256
f 1276/5257/5257 1230/5258/5258 1229/5259/5259
f 1277/5260/5260 1230/5261/5261 1276/5262/5262
f 1278/5263/5263 1231/5264/5264 1277/5265/5265
f 1277/5265/5265 1231/5264/5264 1230/5266/5266
f 1278/5267/5267 1232/5268/5268 1231/5269/5269
f 1279/5270/5270 1232/5271/5271 1278/5272/5272
f 1279/5273/5273 1233/5274/5274 1232/5275/5275
f 1280/5276/5276 1233/5277/5277 1279/5278/5278
f 1280/5279/5279 1234/5280/5280 1233/5281/5281
f 1281/5282/5282 1234/5283/5283 1280/5284/5284
f 1281/5285/5285 1235/5286/5286 1234/5287/5287
f 1282/5288/5288 1235/5289/5289 1281/5290/5290
f 1282/5291/5291 1236/5292/5292 1235/5293/5293
f 1283/5294/5294 1236/5295/5295 1282/5296/5296
f 1283/5297/5297 1237/5298/5298 1236/5299/5299
f 1284/5300/5300 1237/5301/5301 1283/5302/5302
f 1284/5303/5303 1238/5304/5304 1237/5305/5305
f 1285/5306/5306 1238/5307/5307 1284/5308/5308
f 1285/5309/5309 1239/5310/5310 1238/5311/5311
f 1286/5312/5312 1239/5313/5313 1285/5314/5314
f 1286/5315/5315 1240/5316/5316 1239/5317/5317
f 1287/5318/5318 1240/5319/5319 1286/5320/5320
f 1287/5321/5321 1241/5322/5322 1240/5323/5323
f 1288/5324/5324 1241/5325/5325 1287/5326/5326
f 1288/5327/5327 1242/5328/5328 1241/5329/5329
f 1289/5330/5330 1242/5331/5331 1288/5332/5332
f 1289/5333/5333 1243/5334/5334 1242/5335/5335
f 1290/5336/5336 1243/5337/5337 1289/5338/5338
f 1290/5339/5339 1244/5340/5340 1243/5341/5341
f 1291/5342/5342 1244/5343/5343 1290/5344/5344
f 1291/5345/5345 1245/5346/5346 1244/5347/5347
f 1292/5348/5348 1245/5349/5349 1291/5350/5350
f 1292/5351/5351 1246/5352/5352 1245/5353/5353
f 1293/5354/5354 1246/5355/5355 1292/5356/5356
f 1293/5357/5357 1247/5358/5358 1246/5359/5359
f 1294/5360/5360 1247/5361/5361 1293/5362/5362
f 1294/5363/5363 1248/5364/5364 1247/5365/5365
f 1295/5366/5366 1248/5367/5367 1294/5368/5368
f 1295/5369/5369 1249/5370/5370 1248/5371/5371
f 1296/5372/5372 1249/5373/5373 1295/5374/5374
f 1296/5375/5375 1250/5376/5376 1249/5377/5377
f 1297/5378/5378 1250/5379/5379 1296/5380/5380
f 1297/5381/5381 1251/5382/5382 1250/5383/5383
f 1298/5384/5384 1251/5385/5385 1297/5386/5386
f 1298/5387/5387 1252/5388/5388 1251/5389/5389
f 1299/5390/5390 1252/5391/5391 1298/5392/5392
f 1299/5393/5393 1253/5394/5394 1252/5395/5395
f 1300/5396/5396 1253/5397/5397 1299/5398/5398
f 1300/5399/5399 1207/5400/5400 1253/5401/5401
f 1254/5402/5402 1207/5403/5403 1300/5404/5404
f 1301/5405/5405 1255/5406/5406 1254/5407/5407
f 1302/5408/5408 1255/5409/5409 1301/5410/5410
f 1302/5411/5411 1256/5412/5412 1255/5413/5413
f 1303/5414/5414 1256/5415/5415 1302/5416/5416
f 1303/5417/5417 1257/5418/5418 1256/5419/5419
f 1304/5420/5420 1257/5421/5421 1303/5422/5422
f 1304/5423/5423 1258/5424/5424 1257/5425/5425
f 1305/5426/5426 1258/5427/5427 1304/5428/5428
f 1305/5429/5429 1259/5430/5430 1258/5431/5431
f 1306/5432/5432 1259/5433/5433 1305/5434/5434
f 1306/5435/5435 1260/5436/5436 1259/5437/5437
f 1307/5438/5438 1260/5439/5439 1306/5440/5440
f 1307/5441/5441 1261/5442/5442 1260/5443/5443
f 1308/5444/5444 1261/5445/5445 1307/5446/5446
f 1308/5447/5447 1262/5448/5448 1261/5449/5449
f 1309/5450/5450 1262/5451/5451 1308/5452/5452
f 1309/5453/5453 1263/5454/5454 1262/5455/5455
f 1310/5456/5456 1263/5457/5457 1309/5458/5458
f 1310/5459/5459 1264/5460/5460 1263/5461/5461
f 1311/5462/5462 1264/5463/5463 1310/5464/5464
f 1311/5465/5465 1265/5466/5466 1264/5467/5467
f 1312/5468/5468 1265/5469/5469 1311/5470/5470
f 1312/5471/5471 1266/5472/5472 1265/5473/5473
f 1313/5474/5474 1266/5475/5475 1312/5476/5476
f 1313/5477/5477 1267/5478/5478 1266/5479/5479
f 1314/5480/5480 1267/5481/5481 1313/5482/5482
f 1314/5483/5483 1268/5484/5484 1267/5485/5485
f 1315/5486/5486 1268/5487/5487 1314/5488/5488
f 1315/5489/5489 1269/5490/5490 1268/5491/5491
f 1316/5492/5492 1269/5493/5493 1315/5494/5494
f 1316/5495/5495 1270/5496/5496 1269/5497/5497
f 1317/5498/5498 1270/5499/5499 1316/5500/5500
f 1317/5501/5501 1271/5502/5502 1270/5503/5503
f 1318/5504/5504 1271/5505/5505 1317/5506/5506
f 1318/5507/5507 1272/5508/5508 1271/5509/5509
f 1319/5510/5510 1272/5511/5511 1318/5512/5512
f 1319/5513/5513 1273/5514/5514 1272/5515/5515
f 1320/5516/5516 1273/5517/5517 1319/5518/5518
f 1320/5519/5519 1274/5520/5520 1273/5521/5521
f 1321/5522/5522 1274/5523/5523 1320/5524/5524
f 1321/5525/5525 1275/5526/5526 1274/5527/5527
f 1322/5528/5528 1275/5529/5529 1321/5530/5530
f 1322/5531/5531 1276/5532/5532 1275/5533/5533
f 1323/5534/5534 1276/5535/5535 1322/5536/5536
f 1323/5537/5537 1277/5538/5538 1276/5539/5539
f 1324/5540/5540 1277/5541/5541 1323/5542/5542
f 1325/5543/5543 1278/5544/5544 1324/5545/5545
f 1324/5545/5545 1278/5544/5544 1277/5546/5546
f 1325/5547/5547 1279/5548/5548 1278/5549/5549
f 1326/5550/5550 1279/5551/5551 1325/5552/5552
f 1326/5553/5553 1280/5554/5554 1279/5555/5555
f 1327/5556/5556 1280/5557/5557 1326/5558/5558
f 1327/5559/5559 1281/5560/5560 1280/5561/5561
f 1328/5562/5562 1281/5563/5563 1327/5564/5564
f 1328/5565/5565 1282/5566/5566 1281/5567/5567
f 1329/5568/5568 1282/5569/5569 1328/5570/5570
f 1329/5571/5571 1283/5572/5572 1282/5573/5573
f 1330/5574/5574 1283/5575/5575 1329/5576/5576
f 1330/5577/5577 1284/5578/5578 1283/5579/5579
f 1331/5580/5580 1284/5581/5581 1330/5582/5582
f 1331/5583/5583 1285/5584/5584 1284/5585/5585
f 1332/5586/5586 1285/5587/5587 1331/5588/5588
f 1332/5589/5589 1286/5590/5590 1285/5591/5591
f 1333/5592/5592 1286/5593/5593 1332/5594/5594
f 1333/5595/5595 1287/5596/5596 1286/5597/5597
f 1334/5598/5598 1287/5599/5599 1333/5600/5600
f 1334/5601/5601 1288/5602/5602 1287/5603/5603
f 1335/5604/5604 1288/5605/5605 1334/5606/5606
f 1335/5607/5607 1289/5608/5608 1288/5609/5609
f 1336/5610/5610 1289/5611/5611 1335/5612/5612
f 1336/5613/5613 1290/5614/5614 1289/5615/5615
f 1337/5616/5616 1290/5617/5617 1336/5618/5618
f 1337/5619/5619 1291/5620/5620 1290/5621/5621
f 1338/5622/5622 1291/5623/5623 1337/5624/5624
f 1338/5625/5625 1292/5626/5626 1291/5627/5627
f 1339/5628/5628 1292/5629/5629 1338/5630/5630
f 1339/5631/5631 1293/5632/5632 1292/5633/5633
f 1340/5634/5634 1293/5635/5635 1339/5636/5636
f 1340/5637/5637 1294/5638/5638 1293/5639/5639
f 1341/5640/5640 1294/5641/5641 1340/5642/5642
f 1341/5643/5643 1295/5644/5644 1294/5645/5645
f 1342/5646/5646 1295/5647/5647 1341/5648/5648
f 1342/5649/5649 1296/5650/5650 1295/5651/5651
f 1343/5652/5652 1296/5653/5653 1342/5654/5654
f 1343/5655/5655 1297/5656/5656 1296/5657/5657
f 1344/5658/5658 1297/5659/5659 1343/5660/5660
f 1344/5661/5661 1298/5662/5662 1297/5663/5663
f 1345/5664/5664 1298/5665/5665 1344/5666/5666
f 1345/5667/5667 1299/5668/5668 1298/5669/5669
f 1346/5670/5670 1299/5671/5671 1345/5672/5672
f 1346/5673/5673 1300/5674/5674 1299/5675/5675
f 1347/5676/5676 1300/5677/5677 1346/5678/5678
f 1347/5679/5679 1254/5680/5680 1300/5681/5681
f 1301/5682/5682 1254/5683/5683 1347/5684/5684
f 1348/5685/5685 1302/5686/5686 1301/5687/5687
f 1349/5688/5688 1302/5689/5689 1348/5690/5690
f 1349/5691/5691 1303/5692/5692 1302/5693/5693
f 1350/5694/5694 1303/5695/5695 1349/5696/5696
f 1350/5697/5697 1304/5698/5698 1303/5699/5699
f 1351/5700/5700 1304/5701/5701 1350/5702/5702
f 1351/5703/5703 1305/5704/5704 1304/5705/5705
f 1352/5706/5706 1305/5707/5707 1351/5708/5708
f 1352/5709/5709 1306/5710/5710 1305/5711/5711
f 1353/5712/5712 1306/5713/5713 1352/5714/5714
f 1353/5715/5715 1307/5716/5716 1306/5717/5717
f 1354/5718/5718 1307/5719/5719 1353/5720/5720
f 1354/5721/5721 1308/5722/5722 1307/5723/5723
f 1355/5724/5724 1308/5725/5725 1354/5726/5726
f 1355/5727/5727 1309/5728/5728 1308/5729/5729
f 1356/5730/5730 1309/5731/5731 1355/5732/5732
f 1356/5733/5733 1310/5734/5734 1309/5735/5735
f 1357/5736/5736 1310/5737/5737 1356/5738/5738
f 1357/5739/5739 1311/5740/5740 1310/5741/5741
f 1358/5742/5742 1311/5743/5743 1357/5744/5744
f 1358/5745/5745 1312/5746/5746 1311/5747/5747
f 1359/5748/5748 1312/5749/5749 1358/5750/5750
f 1359/5751/5751 1313/5752/5752 1312/5753/5753
f 1360/5754/5754 1313/5755/5755 1359/5756/5756
f 1360/5757/5757 1314/5758/5758 1313/5759/5759
f 1361/5760/5760 1314/5761/5761 1360/5762/5762
f 1361/5763/5763 1315/5764/5764 1314/5765/5765
f 1362/5766/5766 1315/5767/5767 1361/5768/5768
f 1362/5769/5769 1316/5770/5770 1315/5771/5771
f 1363/5772/5772 1316/5773/5773 1362/5774/5774
f 1363/5775/5775 1317/5776/5776 1316/5777/5777
f 1364/5778/5778 1317/5779/5779 1363/5780/5780
f 1364/5781/5781 1318/5782/5782 1317/5783/5783
f 1365/5784/5784 1318/5785/5785 1364/5786/5786
f 1365/5787/5787 1319/5788/5788 1318/5789/5789
f 1366/5790/5790 1319/5791/5791 1365/5792/5792
f 1366/5793/5793 1320/5794/5794 1319/5795/5795
f 1367/5796/5796 1320/5797/5797 1366/5798/5798
f 1367/5799/5799 1321/5800/5800 1320/5801/5801
f 1368/5802/5802 1321/5803/5803 1367/5804/5804
f 1368/5805/5805 1322/5806/5806 1321/5807/5807
f 1369/5808/5808 1322/5809/5809 1368/5810/5810
f 1369/5811/5811 1323/5812/5812 1322/5813/5813
f 1370/5814/5814 1323/5815/5815 1369/5816/5816
f 1370/5817/5817 1324/5818/5818 1323/5819/5819
f 1371/5820/5820 1324/5821/5821 1370/5822/5822
f 1372/5823/5823 1325/5824/5824 1371/5825/5825
f 1371/5825/5825 1325/5824/5824 1324/5826/5826
f 1372/5827/5827 1326/5828/5828 1325/5829/5829
f 1373/5830/5830 1326/5831/5831 1372/5832/5832
f 1373/5833/5833 1327/5834/5834 1326/5835/5835
f 1374/5836/5836 1327/5837/5837 1373/5838/5838
f 1374/5839/5839 1328/5840/5840 1327/5841/5841
f 1375/5842/5842 1328/5843/5843 1374/5844/5844
f 1375/5845/5845 1329/5846/5846 1328/5847/5847
f 1376/5848/5848 1329/5849/5849 1375/5850/5850
f 1376/5851/5851 1330/5852/5852 1329/5853/5853
f 1377/5854/5854 1330/5855/5855 1376/5856/5856
f 1377/5857/5857 1331/5858/5858 1330/5859/5859
f 1378/5860/5860 1331/5861/5861 1377/5862/5862
f 1378/5863/5863 1332/5864/5864 1331/5865/5865
f 1379/5866/5866 1332/5867/5867 1378/5868/5868
f 1379/5869/5869 1333/5870/5870 1332/5871/5871
f 1380/5872/5872 1333/5873/5873 1379/5874/5874
f 1380/5875/5875 1334/5876/5876 1333/5877/5877
f 1381/5878/5878 1334/5879/5879 1380/5880/5880
f 1381/5881/5881 1335/5882/5882 1334/5883/5883
f 1382/5884/5884 1335/5885/5885 1381/5886/5886
f 1382/5887/5887 1336/5888/5888 1335/5889/5889
f 1383/5890/5890 1336/5891/5891 1382/5892/5892
f 1383/5893/5893 1337/5894/5894 1336/5895/5895
f 1384/5896/5896 1337/5897/5897 1383/5898/5898
f 1384/5899/5899 1338/5900/5900 1337/5901/5901
f 1385/5902/5902 1338/5903/5903 1384/5904/5904
f 1385/5905/5905 1339/5906/5906 1338/5907/5907
f 1386/5908/5908 1339/5909/5909 1385/5910/5910
f 1386/5911/5911 1340/5912/5912 1339/5913/5913
f 1387/5914/5914 1340/5915/5915 1386/5916/5916
f 1387/5917/5917 1341/5918/5918 1340/5919/5919
f 1388/5920/5920 1341/5921/5921 1387/5922/5922
f 1388/5923/5923 1342/5924/5924 1341/5925/5925
f 1389/5926/5926 1342/5927/5927 1388/5928/5928
f 1389/5929/5929 1343/5930/5930 1342/5931/5931
f 1390/5932/5932 1343/5933/5933 1389/5934/5934
f 1390/5935/5935 1344/5936/5936 1343/5937/5937
f 1391/5938/5938 1344/5939/5939 1390/5940/5940
f 1391/5941/5941 1345/5942/5942 1344/5943/5943
f 1392/5944/5944 1345/5945/5945 1391/5946/5946
f 1392/5947/5947 1346/5948/5948 1345/5949/5949
f 1393/5950/5950 1346/5951/5951 1392/5952/5952
f 1393/5953/5953 1347/5954/5954 1346/5955/5955
f 1394/5956/5956 1347/5957/5957 1393/5958/5958
f 1394/5959/5959 1301/5960/5960 1347/5961/5961
f 1348/5962/5962 1301/5963/5963 1394/5964/5964
f 1395/5965/5965 1349/5966/5966 1348/5967/5967
f 1396/5968/5968 1349/5969/5969 1395/5970/5970
f 1396/5971/5971 1350/5972/5972 1349/5973/5973
f 1397/5974/5974 1350/5975/5975 1396/5976/5976
f 1397/5977/5977 1351/5978/5978 1350/5979/5979
f 1398/5980/5980 1351/5981/5981 1397/5982/5982
f 1398/5983/5983 1352/5984/5984 1351/5985/5985
f 1399/5986/5986 1352/5987/5987 1398/5988/5988
f 1399/5989/5989 1353/5990/5990 1352/5991/5991
f 1400/5992/5992 1353/5993/5993 1399/5994/5994
f 1400/5995/5995 1354/5996/5996 1353/5997/5997
f 1401/5998/5998 1354/5999/5999 1400/6000/6000
f 1401/6001/6001 1355/6002/6002 1354/6003/6003
f 1402/6004/6004 1355/6005/6005 1401/6006/6006
f 1402/6007/6007 1356/6008/6008 1355/6009/6009
f 1403/6010/6010 1356/6011/6011 1402/6012/6012
f 1403/6013/6013 1357/6014/6014 1356/6015/6015
f 1404/6016/6016 1357/6017/6017 1403/6018/6018
f 1404/6019/6019 1358/6020/6020 1357/6021/6021
f 1405/6022/6022 1358/6023/6023 1404/6024/6024
f 1405/6025/6025 1359/6026/6026 1358/6027/6027
f 1406/6028/6028 1359/6029/6029 1405/6030/6030
f 1406/6031/6031 1360/6032/6032 1359/6033/6033
f 1407/6034/6034 1360/6035/6035 1406/6036/6036
f 1407/6037/6037 1361/6038/6038 1360/6039/6039
f 1408/6040/6040 1361/6041/6041 1407/6042/6042
f 1408/6043/6043 1362/6044/6044 1361/6045/6045
f 1409/6046/6046 1362/6047/6047 1408/6048/6048
f 1409/6049/6049 1363/6050/6050 1362/6051/6051
f 1410/6052/6052 1363/6053/6053 1409/6054/6054
f 1410/6055/6055 1364/6056/6056 1363/6057/6057
f 1411/6058/6058 1364/6059/6059 1410/6060/6060
f 1411/6061/6061 1365/6062/6062 1364/6063/6063
f 1412/6064/6064 1365/6065/6065 1411/6066/6066
f 1412/6067/6067 1366/6068/6068 1365/6069/6069
f 1413/6070/6070 1366/6071/6071 1412/6072/6072
f 1413/6073/6073 1367/6074/6074 1366/6075/6075
f 1414/6076/6076 1367/6077/6077 1413/6078/6078
f 1414/6079/6079 1368/6080/6080 1367/6081/6081
f 1415/6082/6082 1368/6083/6083 1414/6084/6084
f 1415/6085/6085 1369/6086/6086 1368/6087/6087
f 1416/6088/6088 1369/6089/6089 1415/6090/6090
f 1416/6091/6091 1370/6092/6092 1369/6093/6093
f 1417/6094/6094 1370/6095/6095 1416/6096/6096
f 1417/6097/6097 1371/6098/6098 1370/6099/6099
f 1418/6100/6100 1371/6101/6101 1417/6102/6102
f 1419/6103/6103 1372/6104/6104 1418/6105/6105
f 1418/6105/6105 1372/6104/6104 1371/6106/6106
f 1419/6107/6107 1373/6108/6108 1372/6109/6109
f 1420/6110/6110 1373/6111/6111 1419/6112/6112
f 1420/6113/6113 1374/6114/6114 1373/6115/6115
f 1421/6116/6116 1374/6117/6117 1420/6118/6118
f 1421/6119/6119 1375/6120/6120 1374/6121/6121
f 1422/6122/6122 1375/6123/6123 1421/6124/6124
f 1422/6125/6125 1376/6126/6126 1375/6127/6127
f 1423/6128/6128 1376/6129/6129 1422/6130/6130
f 1423/6131/6131 1377/6132/6132 1376/6133/6133
f 1424/6134/6134 1377/6135/6135 1423/6136/6136
f 1424/6137/6137 1378/6138/6138 1377/6139/6139
f 1425/6140/6140 1378/6141/6141 1424/6142/6142
f 1425/6143/6143 1379/6144/6144 1378/6145/6145
f 1426/6146/6146 1379/6147/6147 1425/6148/6148
f 1426/6149/6149 1380/6150/6150 1379/6151/6151
f 1427/6152/6152 1380/6153/6153 1426/6154/6154
f 1427/6155/6155 1381/6156/6156 1380/6157/6157
f 1428/6158/6158 1381/6159/6159 1427/6160/6160
f 1428/6161/6161 1382/6162/6162 1381/6163/6163
f 1429/6164/6164 1382/6165/6165 1428/6166/6166
f 1429/6167/6167 1383/6168/6168 1382/6169/6169
f 1430/6170/6170 1383/6171/6171 1429/6172/6172
f 1430/6173/6173 1384/6174/6174 1383/6175/6175
f 1431/6176/6176 1384/6177/6177 1430/6178/6178
f 1431/6179/6179 1385/6180/6180 1384/6181/6181
f 1432/6182/6182 1385/6183/6183 1431/6184/6184
f 1432/6185/6185 1386/6186/6186 1385/6187/6187
f 1433/6188/6188 1386/6189/6189 1432/6190/6190
f 1433/6191/6191 1387/6192/6192 1386/6193/6193
f 1434/6194/6194 1387/6195/6195 1433/6196/6196
f 1434/6197/6197 1388/6198/6198 1387/6199/6199
f 1435/6200/6200 1388/6201/6201 1434/6202/6202
f 1435/6203/6203 1389/6204/6204 1388/6205/6205
f 1436/6206/6206 1389/6207/6207 1435/6208/6208
f 1436/6209/6209 1390/6210/6210 1389/6211/6211
f 1437/6212/6212 1390/6213/6213 1436/6214/6214
f 1437/6215/6215 1391/6216/6216 1390/6217/6217
f 1438/6218/6218 1391/6219/6219 1437/6220/6220
f 1438/6221/6221 1392/6222/6222 1391/6223/6223
f 1439/6224/6224 1392/6225/6225 1438/6226/6226
f 1439/6227/6227 1393/6228/6228 1392/6229/6229
f 1440/6230/6230 1393/6231/6231 1439/6232/6232
f 1440/6233/6233 1394/6234/6234 1393/6235/6235
f 1441/6236/6236 1394/6237/6237 1440/6238/6238
f 1441/6239/6239 1348/6240/6240 1394/6241/6241
f 1395/6242/6242 1348/6243/6243 1441/6244/6244
f 1442/6245/6245 1396/6246/6246 1395/6247/6247
f 1443/6248/6248 1396/6249/6249 1442/6250/6250
f 1443/6251/6251 1397/6252/6252 1396/6253/6253
f 1444/6254/6254 1397/6255/6255 1443/6256/6256
f 1444/6257/6257 1398/6258/6258 1397/6259/6259
f 1445/6260/6260 1398/6261/6261 1444/6262/6262
f 1445/6263/6263 1399/6264/6264 1398/6265/6265
f 1446/6266/6266 1399/6267/6267 1445/6268/6268
f 1446/6269/6269 1400/6270/6270 1399/6271/6271
f 1447/6272/6272 1400/6273/6273 1446/6274/6274
f 1447/6275/6275 1401/6276/6276 1400/6277/6277
f 1448/6278/6278 1401/6279/6279 1447/6280/6280
f 1448/6281/6281 1402/6282/6282 1401/6283/6283
f 1449/6284/6284 1402/6285/6285 1448/6286/6286
f 1449/6287/6287 1403/6288/6288 1402/6289/6289
f 1450/6290/6290 1403/6291/6291 1449/6292/6292
f 1450/6293/6293 1404/6294/6294 1403/6295/6295
f 1451/6296/6296 1404/6297/6297 1450/6298/6298
f 1451/6299/6299 1405/6300/6300 1404/6301/6301
f 1452/6302/6302 1405/6303/6303 1451/6304/6304
f 1452/6305/6305 1406/6306/6306 1405/6307/6307
f 1453/6308/6308 1406/6309/6309 1452/6310/6310
f 1453/6311/6311 1407/6312/6312 1406/6313/6313
f 1454/6314/6314 1407/6315/6315 1453/6316/6316
f 1454/6317/6317 1408/6318/6318 1407/6319/6319
f 1455/6320/6320 1408/6321/6321 1454/6322/6322
f 1455/6323/6323 1409/6324/6324 1408/6325/6325
f 1456/6326/6326 1409/6327/6327 1455/6328/6328
f 1456/6329/6329 1410/6330/6330 1409/6331/6331
f 1457/6332/6332 1410/6333/6333 1456/6334/6334
f 1457/6335/6335 1411/6336/6336 1410/6337/6337
f 1458/6338/6338 1411/6339/6339 1457/6340/6340
f 1458/6341/6341 1412/6342/6342 1411/6343/6343
f 1459/6344/6344 1412/6345/6345 1458/6346/6346
f 1459/6347/6347 1413/6348/6348 1412/6349/6349
f 1460/6350/6350 1413/6351/6351 1459/6352/6352
f 1460/6353/6353 1414/6354/6354 1413/6355/6355
f 1461/6356/6356 1414/6357/6357 1460/6358/6358
f 1461/6359/6359 1415/6360/6360 1414/6361/6361
f 1462/6362/6362 1415/6363/6363 1461/6364/6364
f 1462/6365/6365 1416/6366/6366 1415/6367/6367
f 1463/6368/6368 1416/6369/6369 1462/6370/6370
f 1463/6371/6371 1417/6372/6372 1416/6373/6373
f 1464/6374/6374 1417/6375/6375 1463/6376/6376
f 1464/6377/6377 1418/6378/6378 1417/6379/6379
f 1465/6380/6380 1418/6381/6381 1464/6382/6382
f 1466/6383/6383 1419/6384/6384 1465/6385/6385
f 1465/6385/6385 1419/6384/6384 1418/6386/6386
f 1466/6387/6387 1420/6388/6388 1419/6389/6389
f 1467/6390/6390 1420/6391/6391 1466/6392/6392
f 1467/6393/6393 1421/6394/6394 1420/6395/6395
f 1468/6396/6396 1421/6397/6397 1467/6398/6398
f 1468/6399/6399 1422/6400/6400 1421/6401/6401
f 1469/6402/6402 1422/6403/6403 1468/6404/6404
f 1469/6405/6405 1423/6406/6406 1422/6407/6407
f 1470/6408/6408 1423/6409/6409 1469/6410/6410
f 1470/6411/6411 1424/6412/6412 1423/6413/6413
f 1471/6414/6414 1424/6415/6415 1470/6416/6416
f 1471/6417/6417 1425/6418/6418 1424/6419/6419
f 1472/6420/6420 1425/6421/6421 1471/6422/6422
f 1472/6423/6423 1426/6424/6424 1425/6425/6425
f 1473/6426/6426 1426/6427/6427 1472/6428/6428
f 1473/6429/6429 1427/6430/6430 1426/6431/6431
f 1474/6432/6432 1427/6433/6433 1473/6434/6434
f 1474/6435/6435 1428/6436/6436 1427/6437/6437
f 1475/6438/6438 1428/6439/6439 1474/6440/6440
f 1475/6441/6441 1429/6442/6442 1428/6443/6443
f 1476/6444/6444 1429/6445/6445 1475/6446/6446
f 1476/6447/6447 1430/6448/6448 1429/6449/6449
f 1477/6450/6450 1430/6451/6451 1476/6452/6452
f 1477/6453/6453 1431/6454/6454 1430/6455/6455
f 1478/6456/6456 1431/6457/6457 1477/6458/6458
f 1478/6459/6459 1432/6460/6460 1431/6461/6461
f 1479/6462/6462 1432/6463/6463 1478/6464/6464
f 1479/6465/6465 1433/6466/6466 1432/6467/6467
f 1480/6468/6468 1433/6469/6469 1479/6470/6470
f 1480/6471/6471 1434/6472/6472 1433/6473/6473
f 1481/6474/6474 1434/6475/6475 1480/6476/6476
f 1481/6477/6477 1435/6478/6478 1434/6479/6479
f 1482/6480/6480 1435/6481/6481 1481/6482/6482
f 1482/6483/6483 1436/6484/6484 1435/6485/6485
f 1483/6486/6486 1436/6487/6487 1482/6488/6488
f 1483/6489/6489 1437/6490/6490 1436/6491/6491
f 1484/6492/6492 1437/6493/6493 1483/6494/6494
f 1484/6495/6495 1438/6496/6496 1437/6497/6497
f 1485/6498/6498 1438/6499/6499 1484/6500/6500
f 1485/6501/6501 1439/6502/6502 1438/6503/6503
f 1486/6504/6504 1439/6505/6505 1485/6506/6506
f 1486/6507/6507 1440/6508/6508 1439/6509/6509
f 1487/6510/6510 1440/6511/6511 1486/6512/6512
f 1487/6513/6513 1441/6514/6514 1440/6515/6515
f 1488/6516/6516 1441/6517/6517 1487/6518/6518
f 1488/6519/6519 1395/6520/6520 1441/6521/6521
f 1442/6522/6522 1395/6523/6523 1488/6524/6524
f 1489/6525/6525 1443/6526/6526 1442/6527/6527
f 1490/6528/6528 1443/6529/6529 1489/6530/6530
f 1490/6531/6531 1444/6532/6532 1443/6533/6533
f 1491/6534/6534 1444/6535/6535 1490/6536/6536
f 1491/6537/6537 1445/6538/6538 1444/6539/6539
f 1492/6540/6540 1445/6541/6541 1491/6542/6542
f 1492/6543/6543 1446/6544/6544 1445/6545/6545
f 1493/6546/6546 1446/6547/6547 1492/6548/6548
f 1493/6549/6549 1447/6550/6550 1446/6551/6551
f 1494/6552/6552 1447/6553/6553 1493/6554/6554
f 1494/6555/6555 1448/6556/6556 1447/6557/6557
f 1495/6558/6558 1448/6559/6559 1494/6560/6560
f 1495/6561/6561 1449/6562/6562 1448/6563/6563
f 1496/6564/6564 1449/6565/6565 1495/6566/6566
f 1496/6567/6567 1450/6568/6568 1449/6569/6569
f 1497/6570/6570 1450/6571/6571 1496/6572/6572
f 1497/6573/6573 1451/6574/6574 1450/6575/6575
f 1498/6576/6576 1451/6577/6577 1497/6578/6578
f 1498/6579/6579 1452/6580/6580 1451/6581/6581
f 1499/6582/6582 1452/6583/6583 1498/6584/6584
f 1499/6585/6585 1453/6586/6586 1452/6587/6587
f 1500/6588/6588 1453/6589/6589 1499/6590/6590
f 1500/6591/6591 1454/6592/6592 1453/6593/6593
f 1501/6594/6594 1454/6595/6595 1500/6596/6596
f 1501/6597/6597 1455/6598/6598 1454/6599/6599
f 1502/6600/6600 1455/6601/6601 1501/6602/6602
f 1502/6603/6603 1456/6604/6604 1455/6605/6605
f 1503/6606/6606 1456/6607/6607 1502/6608/6608
f 1503/6609/6609 1457/6610/6610 1456/6611/6611
f 1504/6612/6612 1457/6613/6613 1503/6614/6614
f 1504/6615/6615 1458/6616/6616 1457/6617/6617
f 1505/6618/6618 1458/6619/6619 1504/6620/6620
f 1505/6621/6621 1459/6622/6622 1458/6623/6623
f 1506/6624/6624 1459/6625/6625 1505/6626/6626
f 1506/6627/6627 1460/6628/6628 1459/6629/6629
f 1507/6630/6630 1460/6631/6631 1506/6632/6632
f 1507/6633/6633 1461/6634/6634 1460/6635/6635
f 1508/6636/6636 1461/6637/6637 1507/6638/6638
f 1508/6639/6639 1462/6640/6640 1461/6641/6641
f 1509/6642/6642 1462/6643/6643 1508/6644/6644
f 1509/6645/6645 1463/6646/6646 1462/6647/6647
f 1510/6648/6648 1463/6649/6649 1509/6650/6650
f 1510/6651/6651 1464/6652/6652 1463/6653/6653
f 1511/6654/6654 1464/6655/6655 1510/6656/6656
f 1511/6657/6657 1465/6658/6658 1464/6659/6659
f 1512/6660/6660 1465/6661/6661 1511/6662/6662
f 1513/6663/6663 1466/6664/6664 1512/6665/6665
f 1512/6665/6665 1466/6664/6664 1465/6666/6666
f 1513/6667/6667 1467/6668/6668 1466/6669/6669
f 1514/6670/6670 1467/6671/6671 1513/6672/6672
f 1514/6673/6673 1468/6674/6674 1467/6675/6675
f 1515/6676/6676 1468/6677/6677 1514/6678/6678
f 1515/6679/6679 1469/6680/6680 1468/6681/6681
f 1516/6682/6682 1469/6683/6683 1515/6684/6684
f 1516/6685/6685 1470/6686/6686 1469/6687/6687
f 1517/6688/6688 1470/6689/6689 1516/6690/6690
f 1517/6691/6691 1471/6692/6692 1470/6693/6693
f 1518/6694/6694 1471/6695/6695 1517/6696/6696
f 1518/6697/6697 1472/6698/6698 1471/6699/6699
f 1519/6700/6700 1472/6701/6701 1518/6702/6702
f 1519/6703/6703 1473/6704/6704 1472/6705/6705
f 1520/6706/6706 1473/6707/6707 1519/6708/6708
f 1520/6709/6709 1474/6710/6710 1473/6711/6711
f 1521/6712/6712 1474/6713/6713 1520/6714/6714
f 1521/6715/6715 1475/6716/6716 1474/6717/6717
f 1522/6718/6718 1475/6719/6719 1521/6720/6720
f 1522/6721/6721 1476/6722/6722 1475/6723/6723
f 1523/6724/6724 1476/6725/6725 1522/6726/6726
f 1523/6727/6727 1477/6728/6728 1476/6729/6729
f 1524/6730/6730 1477/6731/6731 1523/6732/6732
f 1524/6733/6733 1478/6734/6734 1477/6735/6735
f 1525/6736/6736 1478/6737/6737 1524/6738/6738
f 1525/6739/6739 1479/6740/6740 1478/6741/6741
f 1526/6742/6742 1479/6743/6743 1525/6744/6744
f 1526/6745/6745 1480/6746/6746 1479/6747/6747
f 1527/6748/6748 1480/6749/6749 1526/6750/6750
f 1527/6751/6751 1481/6752/6752 1480/6753/6753
f 1528/6754/6754 1481/6755/6755 1527/6756/6756
f 1528/6757/6757 1482/6758/6758 1481/6759/6759
f 1529/6760/6760 1482/6761/6761 1528/6762/6762
f 1529/6763/6763 1483/6764/6764 1482/6765/6765
f 1530/6766/6766 1483/6767/6767 1529/6768/6768
f 1530/6769/6769 1484/6770/6770 1483/6771/6771
f 1531/6772/6772 1484/6773/6773 1530/6774/6774
f 1531/6775/6775 1485/6776/6776 1484/6777/6777
f 1532/6778/6778 1485/6779/6779 1531/6780/6780
f 1532/6781/6781 1486/6782/6782 1485/6783/6783
f 1533/6784/6784 1486/6785/6785 1532/6786/6786
f 1533/6787/6787 1487/6788/6788 1486/6789/6789
f 1534/6790/6790 1487/6791/6791 1533/6792/6792
f 1534/6793/6793 1488/6794/6794 1487/6795/6795
f 1535/6796/6796 1488/6797/6797 1534/6798/6798
f 1535/6799/6799 1442/6800/6800 1488/6801/6801
f 1489/6802/6802 1442/6803/6803 1535/6804/6804
f 1536/6805/6805 1490/6806/6806 1489/6807/6807
f 1537/6808/6808 1490/6809/6809 1536/6810/6810
f 1537/6811/6811 1491/6812/6812 1490/6813/6813
f 1538/6814/6814 1491/6815/6815 1537/6816/6816
f 1538/6817/6817 1492/6818/6818 1491/6819/6819
f 1539/6820/6820 1492/6821/6821 1538/6822/6822
f 1539/6823/6823 1493/6824/6824 1492/6825/6825
f 1540/6826/6826 1493/6827/6827 1539/6828/6828
f 1540/6829/6829 1494/6830/6830 1493/6831/6831
f 1541/6832/6832 1494/6833/6833 1540/6834/6834
f 1541/6835/6835 1495/6836/6836 1494/6837/6837
f 1542/6838/6838 1495/6839/6839 1541/6840/6840
f 1542/6841/6841 1496/6842/6842 1495/6843/6843
f 1543/6844/6844 1496/6845/6845 1542/6846/6846
f 1543/6847/6847 1497/6848/6848 1496/6849/6849
f 1544/6850/6850 1497/6851/6851 1543/6852/6852
f 1544/6853/6853 1498/6854/6854 1497/6855/6855
f 1545/6856/6856 1498/6857/6857 1544/6858/6858
f 1545/6859/6859 1499/6860/6860 1498/6861/6861
f 1546/6862/6862 1499/6863/6863 1545/6864/6864
f 1546/6865/6865 1500/6866/6866 1499/6867/6867
f 1547/6868/6868 1500/6869/6869 1546/6870/6870
f 1547/6871/6871 1501/6872/6872 1500/6873/6873
f 1548/6874/6874 1501/6875/6875 1547/6876/6876
f 1548/6877/6877 1502/6878/6878 1501/6879/6879
f 1549/6880/6880 1502/6881/6881 1548/6882/6882
f 1549/6883/6883 1503/6884/6884 1502/6885/6885
f 1550/6886/6886 1503/6887/6887 1549/6888/6888
f 1550/6889/6889 1504/6890/6890 1503/6891/6891
f 1551/6892/6892 1504/6893/6893 1550/6894/6894
f 1551/6895/6895 1505/6896/6896 1504/6897/6897
f 1552/6898/6898 1505/6899/6899 1551/6900/6900
f 1552/6901/6901 1506/6902/6902 1505/6903/6903
f 1553/6904/6904 1506/6905/6905 1552/6906/6906
f 1553/6907/6907 1507/6908/6908 1506/6909/6909
f 1554/6910/6910 1507/6911/6911 1553/6912/6912
f 1554/6913/6913 1508/6914/6914 1507/6915/6915
f 1555/6916/6916 1508/6917/6917 1554/6918/6918
f 1555/6919/6919 1509/6920/6920 1508/6921/6921
f 1556/6922/6922 1509/6923/6923 1555/6924/6924
f 1556/6925/6925 1510/6926/6926 1509/6927/6927
f 1557/6928/6928 1510/6929/6929 1556/6930/6930
f 1557/6931/6931 1511/6932/6932 1510/6933/6933
f 1558/6934/6934 1511/6935/6935 1557/6936/6936
f 1558/6937/6937 1512/6938/6938 1511/6939/6939
f 1559/6940/6940 1512/6941/6941 1558/6942/6942
f 1560/6943/6943 1513/6944/6944 1559/6945/6945
f 1559/6945/6945 1513/6944/6944 1512/6946/6946
f 1560/6947/6947 1514/6948/6948 1513/6949/6949
f 1561/6950/6950 1514/6951/6951 1560/6952/6952
f 1561/6953/6953 1515/6954/6954 1514/6955/6955
f 1562/6956/6956 1515/6957/6957 1561/6958/6958
f 1562/6959/6959 1516/6960/6960 1515/6961/6961
f 1563/6962/6962 1516/6963/6963 1562/6964/6964
f 1563/6965/6965 1517/6966/6966 1516/6967/6967
f 1564/6968/6968 1517/6969/6969 1563/6970/6970
f 1564/6971/6971 1518/6972/6972 1517/6973/6973
f 1565/6974/6974 1518/6975/6975 1564/6976/6976
f 1565/6977/6977 1519/6978/6978 1518/6979/6979
f 1566/6980/6980 1519/6981/6981 1565/6982/6982
f 1566/6983/6983 1520/6984/6984 1519/6985/6985
f 1567/6986/6986 1520/6987/6987 1566/6988/6988
f 1567/6989/6989 1521/6990/6990 1520/6991/6991
f 1568/6992/6992 1521/6993/6993 1567/6994/6994
f 1568/6995/6995 1522/6996/6996 1521/6997/6997
f 1569/6998/6998 1522/6999/6999 1568/7000/7000
f 1569/7001/7001 1523/7002/7002 1522/7003/7003
f 1570/7004/7004 1523/7005/7005 1569/7006/7006
f 1570/7007/7007 1524/7008/7008 1523/7009/7009
f 1571/7010/7010 1524/7011/7011 1570/7012/7012
f 1571/7013/7013 1525/7014/7014 1524/7015/7015
f 1572/7016/7016 1525/7017/7017 1571/7018/7018
f 1572/7019/7019 1526/7020/7020 1525/7021/7021
f 1573/7022/7022 1526/7023/7023 1572/7024/7024
f 1573/7025/7025 1527/7026/7026 1526/7027/7027
f 1574/7028/7028 1527/7029/7029 1573/7030/7030
f 1574/7031/7031 1528/7032/7032 1527/7033/7033
f 1575/7034/7034 1528/7035/7035 1574/7036/7036
f 1575/7037/7037 1529/7038/7038 1528/7039/7039
f 1576/7040/7040 1529/7041/7041 1575/7042/7042
f 1576/7043/7043 1530/7044/7044 1529/7045/7045
f 1577/7046/7046 1530/7047/7047 1576/7048/7048
f 1577/7049/7049 1531/7050/7050 1530/7051/7051
f 1578/7052/7052 1531/7053/7053 1577/7054/7054
f 1578/7055/7055 1532/7056/7056 1531/7057/7057
f 1579/7058/7058 1532/7059/7059 1578/7060/7060
f 1579/7061/7061 1533/7062/7062 1532/7063/7063
f 1580/7064/7064 1533/7065/7065 1579/7066/7066
f 1580/7067/7067 1534/7068/7068 1533/7069/7069
f 1581/7070/7070 1534/7071/7071 1580/7072/7072
f 1581/7073/7073 1535/7074/7074 1534/7075/7075
f 1582/7076/7076 1535/7077/7077 1581/7078/7078
f 1582/7079/7079 1489/7080/7080 1535/7081/7081
f 1536/7082/7082 1489/7083/7083 1582/7084/7084
f 1583/7085/7085 1537/7086/7086 1536/7087/7087
f 1584/7088/7088 1537/7089/7089 1583/7090/7090
f 1584/7091/7091 1538/7092/7092 1537/7093/7093
f 1585/7094/7094 1538/7095/7095 1584/7096/7096
f 1585/7097/7097 1539/7098/7098 1538/7099/7099
f 1586/7100/7100 1539/7101/7101 1585/7102/7102
f 1586/7103/7103 1540/7104/7104 1539/7105/7105
f 1587/7106/7106 1540/7107/7107 1586/7108/7108
f 1587/7109/7109 1541/7110/7110 1540/7111/7111
f 1588/7112/7112 1541/7113/7113 1587/7114/7114
f 1588/7115/7115 1542/7116/7116 1541/7117/7117
f 1589/7118/7118 1542/7119/7119 1588/7120/7120
f 1589/7121/7121 1543/7122/7122 1542/7123/7123
f 1590/7124/7124 1543/7125/7125 1589/7126/7126
f 1590/7127/7127 1544/7128/7128 1543/7129/7129
f 1591/7130/7130 1544/7131/7131 1590/7132/7132
f 1591/7133/7133 1545/7134/7134 1544/7135/7135
f 1592/7136/7136 1545/7137/7137 1591/7138/7138
f 1592/7139/7139 1546/7140/7140 1545/7141/7141
f 1593/7142/7142 1546/7143/7143 1592/7144/7144
f 1593/7145/7145 1547/7146/7146 1546/7147/7147
f 1594/7148/7148 1547/7149/7149 1593/7150/7150
f 1594/7151/7151 1548/7152/7152 1547/7153/7153
f 1595/7154/7154 1548/7155/7155 1594/7156/7156
f 1595/7157/7157 1549/7158/7158 1548/7159/7159
f 1596/7160/7160 1549/7161/7161 1595/7162/7162
f 1596/7163/7163 1550/7164/7164 1549/7165/7165
f 1597/7166/7166 1550/7167/7167 1596/7168/7168
f 1597/7169/7169 1551/7170/7170 1550/7171/7171
f 1598/7172/7172 1551/7173/7173 1597/7174/7174
f 1598/7175/7175 1552/7176/7176 1551/7177/7177
f 1599/7178/7178 1552/7179/7179 1598/7180/7180
f 1599/7181/7181 1553/7182/7182 1552/7183/7183
f 1600/7184/7184 1553/7185/7185 1599/7186/7186
f 1600/7187/7187 1554/7188/7188 1553/7189/7189
f 1601/7190/7190 1554/7191/7191 1600/7192/7192
f 1601/7193/7193 1555/7194/7194 1554/7195/7195
f 1602/7196/7196 1555/7197/7197 1601/7198/7198
f 1602/7199/7199 1556/7200/7200 1555/7201/7201
f 1603/7202/7202 1556/7203/7203 1602/7204/7204
f 1603/7205/7205 1557/7206/7206 1556/7207/7207
f 1604/7208/7208 1557/7209/7209 1603/7210/7210
f 1604/7211/7211 1558/7212/7212 1557/7213/7213
f 1605/7214/7214 1558/7215/7215 1604/7216/7216
f 1605/7217/7217 1559/7218/7218 1558/7219/7219
f 1606/7220/7220 1559/7221/7221 1605/7222/7222
f 1607/7223/7223 1560/7224/7224 1606/7225/7225
f 1606/7225/7225 1560/7224/7224 1559/7226/7226
f 1607/7227/7227 1561/7228/7228 1560/7229/7229
f 1608/7230/7230 1561/7231/7231 1607/7232/7232
f 1608/7233/7233 1562/7234/7234 1561/7235/7235
f 1609/7236/7236 1562/7237/7237 1608/7238/7238
f 1609/7239/7239 1563/7240/7240 1562/7241/7241
f 1610/7242/7242 1563/7243/7243 1609/7244/7244
f 1610/7245/7245 1564/7246/7246 1563/7247/7247
f 1611/7248/7248 1564/7249/7249 1610/7250/7250
f 1611/7251/7251 1565/7252/7252 1564/7253/7253
f 1612/7254/7254 1565/7255/7255 1611/7256/7256
f 1612/7257/7257 1566/7258/7258 1565/7259/7259
f 1613/7260/7260 1566/7261/7261 1612/7262/7262
f 1613/7263/7263 1567/7264/7264 1566/7265/7265
f 1614/7266/7266 1567/7267/7267 1613/7268/7268
f 1614/7269/7269 1568/7270/7270 1567/7271/7271
f 1615/7272/7272 1568/7273/7273 1614/7274/7274
f 1615/7275/7275 1569/7276/7276 1568/7277/7277
f 1616/7278/7278 1569/7279/7279 1615/7280/7280
f 1616/7281/7281 1570/7282/7282 1569/7283/7283
f 1617/7284/7284 1570/7285/7285 1616/7286/7286
f 1617/7287/7287 1571/7288/7288 1570/7289/7289
f 1618/7290/7290 1571/7291/7291 1617/7292/7292
f 1618/7293/7293 1572/7294/7294 1571/7295/7295
f 1619/7296/7296 1572/7297/7297 1618/7298/7298
f 1619/7299/7299 1573/7300/7300 1572/7301/7301
f 1620/7302/7302 1573/7303/7303 1619/7304/7304
f 1620/7305/7305 1574/7306/7306 1573/7307/7307
f 1621/7308/7308 1574/7309/7309 1620/7310/7310
f 1621/7311/7311 1575/7312/7312 1574/7313/7313
f 1622/7314/7314 1575/7315/7315 1621/7316/7316
f 1622/7317/7317 1576/7318/7318 1575/7319/7319
f 1623/7320/7320 1576/7321/7321 1622/7322/7322
f 1623/7323/7323 1577/7324/7324 1576/7325/7325
f 1624/7326/7326 1577/7327/7327 1623/7328/7328
f 1624/7329/7329 1578/7330/7330 1577/7331/7331
f 1625/7332/7332 1578/7333/7333 1624/7334/7334
f 1625/7335/7335 1579/7336/7336 1578/7337/7337
f 1626/7338/7338 1579/7339/7339 1625/7340/7340
f 1626/7341/7341 1580/7342/7342 1579/7343/7343
f 1627/7344/7344 1580/7345/7345 1626/7346/7346
f 1627/7347/7347 1581/7348/7348 1580/7349/7349
f 1628/7350/7350 1581/7351/7351 1627/7352/7352
f 1628/7353/7353 1582/7354/7354 1581/7355/7355
f 1629/7356/7356 1582/7357/7357 1628/7358/7358
f 1629/7359/7359 1536/7360/7360 1582/7361/7361
f 1583/7362/7362 1536/7363/7363 1629/7364/7364
f 1118/7365/7365 1113/7366/7366 1119/7367/7367
f 1121/7368/7368 1113/7369/7369 1118/7370/7370
f 1123/7371/7371 1113/7372/7372 1121/7373/7373
f 1125/7374/7374 1113/7375/7375 1123/7376/7376
f 1127/7377/7377 1113/7378/7378 1125/7379/7379
f 1129/7380/7380 1113/7381/7381 1127/7382/7382
f 1131/7383/7383 1113/7384/7384 1129/7385/7385
f 1133/7386/7386 1113/7387/7387 1131/7388/7388
f 1135/7389/7389 1113/7390/7390 1133/7391/7391
f 1137/7392/7392 1113/7393/7393 1135/7394/7394
f 1139/7395/7395 1113/7396/7396 1137/7397/7397
f 1141/7398/7398 1113/7399/7399 1139/7400/7400
f 1143/7401/7401 1113/7402/7402 1141/7403/7403
f 1145/7404/7404 1113/7405/7405 1143/7406/7406
f 1114/7407/7407 1113/7408/7408 1145/7409/7409
f 1149/7410/7410 1113/7411/7411 1112/7412/7412
f 1151/7413/7413 1113/7414/7414 1149/7415/7415
f 1153/7416/7416 1113/7417/7417 1151/7418/7418
f 1155/7419/7419 1113/7420/7420 1153/7421/7421
f 1157/7422/7422 1113/7423/7423 1155/7424/7424
f 1159/7425/7425 1113/7426/7426 1157/7427/7427
f 1161/7428/7428 1113/7429/7429 1159/7430/7430
f 1164/7431/7431 1113/7432/7432 1161/7433/7433
f 1165/7434/7434 1113/7435/7435 1164/7436/7436
f 1167/7437/7437 1113/7438/7438 1165/7439/7439
f 1169/7440/7440 1113/7441/7441 1167/7442/7442
f 1171/7443/7443 1113/7444/7444 1169/7445/7445
f 1173/7446/7446 1113/7447/7447 1171/7448/7448
f 1175/7449/7449 1113/7450/7450 1173/7451/7451
f 1116/7452/7452 1113/7453/7453 1175/7454/7454
f 1179/7455/7455 1113/7456/7456 1115/7457/7457
f 1181/7458/7458 1113/7459/7459 1179/7460/7460
f 1183/7461/7461 1113/7462/7462 1181/7463/7463
f 1185/7464/7464 1113/7465/7465 1183/7466/7466
f 1187/7467/7467 1113/7468/7468 1185/7469/7469
f 1189/7470/7470 1113/7471/7471 1187/7472/7472
f 1191/7473/7473 1113/7474/7474 1189/7475/7475
f 1193/7476/7476 1113/7477/7477 1191/7478/7478
f 1195/7479/7479 1113/7480/7480 1193/7481/7481
f 1197/7482/7482 1113/7483/7483 1195/7484/7484
f 1199/7485/7485 1113/7486/7486 1197/7487/7487
f 1201/7488/7488 1113/7489/7489 1199/7490/7490
f 1203/7491/7491 1113/7492/7492 1201/7493/7493
f 1205/7494/7494 1113/7495/7495 1203/7496/7496
f 1119/7497/7497 1113/7498/7498 1205/7499/7499
f 521/7500/7500 1620/7501/7501 1619/7502/7502
f 520/7503/7503 1620/7504/7504 521/7505/7505
f 520/7506/7506 1621/7507/7507 1620/7508/7508
f 519/7509/7509 1621/7510/7510 520/7511/7511
f 519/7512/7512 1622/7513/7513 1621/7514/7514
f 518/7515/7515 1622/7516/7516 519/7517/7517
f 518/7518/7518 1623/7519/7519 1622/7520/7520
f 517/7521/7521 1623/7522/7522 518/7523/7523
f 517/7524/7524 1624/7525/7525 1623/7526/7526
f 516/7527/7527 1624/7528/7528 517/7529/7529
f 516/7530/7530 1625/7531/7531 1624/7532/7532
f 515/7533/7533 1625/7534/7534 516/7535/7535
f 515/7536/7536 1626/7537/7537 1625/7538/7538
f 514/7539/7539 1626/7540/7540 515/7541/7541
f 514/7542/7542 1627/7543/7543 1626/7544/7544
f 513/7545/7545 1627/7546/7546 514/7547/7547
f 513/7548/7548 1628/7549/7549 1627/7550/7550
f 512/7551/7551 1628/7552/7552 513/7553/7553
f 512/7554/7554 1629/7555/7555 1628/7556/7556
f 511/7557/7557 1629/7558/7558 512/7559/7559
f 511/7560/7560 1583/7561/7561 1629/7562/7562
f 510/7563/7563 1583/7564/7564 511/7565/7565
f 510/7566/7566 1584/7567/7567 1583/7568/7568
f 509/7569/7569 1584/7570/7570 510/7571/7571
f 509/7572/7572 1585/7573/7573 1584/7574/7574
f 508/7575/7575 1585/7576/7576 509/7577/7577
f 508/7578/7578 1586/7579/7579 1585/7580/7580
f 507/7581/7581 1586/7582/7582 508/7583/7583
f 507/7584/7584 1587/7585/7585 1586/7586/7586
f 506/7587/7587 1587/7588/7588 507/7589/7589
f 506/7590/7590 1588/7591/7591 1587/7592/7592
f 505/7593/7593 1588/7594/7594 506/7595/7595
f 505/7596/7596 1589/7597/7597 1588/7598/7598
f 504/7599/7599 1589/7600/7600 505/7601/7601
f 504/7602/7602 1590/7603/7603 1589/7604/7604
f 503/7605/7605 1590/7606/7606 504/7607/7607
f 503/7608/7608 1591/7609/7609 1590/7610/7610
f 502/7611/7611 1591/7612/7612 503/7613/7613
f 502/7614/7614 1592/7615/7615 1591/7616/7616
f 501/7617/7617 1592/7618/7618 502/7619/7619
f 501/7620/7620 1593/7621/7621 1592/7622/7622
f 500/7623/7623 1593/7624/7624 501/7625/7625
f 500/7626/7626 1594/7627/7627 1593/7628/7628
f 499/7629/7629 1594/7630/7630 500/7631/7631
f 499/7632/7632 1595/7633/7633 1594/7634/7634
f 498/7635/7635 1595/7636/7636 499/7637/7637
f 498/7638/7638 1596/7639/7639 1595/7640/7640
f 497/7641/7641 1596/7642/7642 498/7643/7643
f 497/7644/7644 1597/7645/7645 1596/7646/7646
f 496/7647/7647 1597/7648/7648 497/7649/7649
f 496/7650/7650 1598/7651/7651 1597/7652/7652
f 495/7653/7653 1598/7654/7654 496/7655/7655
f 495/7656/7656 1599/7657/7657 1598/7658/7658
f 494/7659/7659 1599/7660/7660 495/7661/7661
f 494/7662/7662 1600/7663/7663 1599/7664/7664
f 493/7665/7665 1600/7666/7666 494/7667/7667
f 493/7668/7668 1601/7669/7669 1600/7670/7670
f 492/7671/7671 1601/7672/7672 493/7673/7673
f 492/7674/7674 1602/7675/7675 1601/7676/7676
f 491/7677/7677 1602/7678/7678 492/7679/7679
f 491/7680/7680 1603/7681/7681 1602/7682/7682
f 490/7683/7683 1603/7684/7684 491/7685/7685
f 490/7686/7686 1604/7687/7687 1603/7688/7688
f 489/7689/7689 1604/7690/7690 490/7691/7691
f 489/7692/7692 1605/7693/7693 1604/7694/7694
f 488/7695/7695 1605/7696/7696 489/7697/7697
f 488/7698/7698 1606/7699/7699 1605/7700/7700
f 487/7701/7701 1606/7702/7702 488/7703/7703
f 487/7704/7704 1607/7705/7705 1606/7706/7706
f 486/7707/7707 1607/7708/7708 487/7709/7709
f 486/7710/7710 1608/7711/7711 1607/7712/7712
f 485/7713/7713 1608/7714/7714 486/7715/7715
f 485/7716/7716 1609/7717/7717 1608/7718/7718
f 484/7719/7719 1609/7720/7720 485/7721/7721
f 484/7722/7722 1610/7723/7723 1609/7724/7724
f 483/7725/7725 1610/7726/7726 484/7727/7727
f 483/7728/7728 1611/7729/7729 1610/7730/7730
f 482/7731/7731 1611/7732/7732 483/7733/7733
f 482/7734/7734 1612/7735/7735 1611/7736/7736
f 481/7737/7737 1612/7738/7738 482/7739/7739
f 481/7740/7740 1613/7741/7741 1612/7742/7742
f 480/7743/7743 1613/7744/7744 481/7745/7745
f 480/7746/7746 1614/7747/7747 1613/7748/7748
f 479/7749/7749 1614/7750/7750 480/7751/7751
f 479/7752/7752 1615/7753/7753 1614/7754/7754
f 478/7755/7755 1615/7756/7756 479/7757/7757
f 478/7758/7758 1616/7759/7759 1615/7760/7760
f 477/7761/7761 1616/7762/7762 478/7763/7763
f 477/7764/7764 1617/7765/7765 1616/7766/7766
f 476/7767/7767 1617/7768/7768 477/7769/7769
f 476/7770/7770 1618/7771/7771 1617/7772/7772
f 475/7773/7773 1618/7774/7774 476/7775/7775
f 475/7776/7776 1619/7777/7777 1618/7778/7778
f 521/7779/7779 1619/7780/7780 475/7781/7781
f 1630/7782/7782 1631/7783/7783 1632/7784/7784
f 1633/7785/7785 1631/7786/7786 1630/7787/7787
f 1634/7788/7788 1635/7789/7789 1636/7790/7790
f 1634/7791/7791 1637/7792/7792 1635/7793/7793
f 1638/7794/7794 1639/7795/7795 1640/7796/7796
f 1638/7797/7797 1641/7798/7798 1639/7799/7799
f 1642/7800/7800 1643/7801/7801 1644/7802/7802
f 1643/7803/7803 1645/7804/7804 1646/7805/7805
f 1642/7806/7806 1645/7807/7807 1643/7808/7808
f 1647/7809/7809 1648/7810/7810 1649/7811/7811
f 1647/7812/7812 1650/7813/7813 1648/7814/7814
f 1651/7815/7815 1650/7816/7816 1647/7817/7817
f 1651/7818/7818 1652/7819/7819 1650/7820/7820
f 1653/7821/7821 1652/7822/7822 1651/7823/7823
f 1654/7824/7824 1655/7825/7825 1656/7826/7826
f 1657/7827/7827 1658/7828/7828 1659/7829/7829
f 1660/7830/7830 1658/7831/7831 1657/7832/7832
f 1660/7833/7833 1661/7834/7834 1658/7835/7835
f 1662/7836/7836 1661/7837/7837 1660/7838/7838
f 1662/7839/7839 1663/7840/7840 1661/7841/7841
f 1664/7842/7842 1663/7843/7843 1662/7844/7844
f 1665/7845/7845 1666/7846/7846 1667/7847/7847
f 1668/7848/7848 1669/7849/7849 1670/7850/7850
f 1671/7851/7851 1668/7852/7852 1672/7853/7853
f 1671/7854/7854 1669/7855/7855 1668/7856/7856
f 1673/7857/7857 1669/7858/7858 1671/7859/7859
f 1674/7860/7860 1675/7861/7861 1676/7862/7862
f 1105/7863/7863 1675/7864/7864 1674/7865/7865
f 1670/7866/7866 1677/7867/7867 1109/7868/7868
f 1670/7869/7869 1678/7870/7870 1677/7871/7871
f 1669/7872/7872 1678/7873/7873 1670/7874/7874
f 1669/7875/7875 1679/7876/7876 1678/7877/7877
f 1673/7878/7878 1679/7879/7879 1669/7880/7880
f 1680/7881/7881 1681/7882/7882 1682/7883/7883
f 1106/7884/7884 1681/7885/7885 1680/7886/7886
f 1673/7887/7887 1683/7888/7888 1679/7889/7889
f 1684/7890/7890 1671/7891/7891 1672/7892/7892
f 1685/7893/7893 1671/7894/7894 1684/7895/7895
f 1685/7896/7896 1673/7897/7897 1671/7898/7898
f 1686/7899/7899 1673/7900/7900 1685/7901/7901
f 1686/7902/7902 1683/7903/7903 1673/7904/7904
f 1687/7905/7905 1683/7906/7906 1686/7907/7907
f 1688/7908/7908 1689/7909/7909 1690/7910/7910
f 1631/7911/7911 1691/7912/7912 1632/7913/7913
f 1637/7914/7914 1692/7915/7915 1635/7916/7916
f 1637/7917/7917 1693/7918/7918 1692/7919/7919
f 1694/7920/7920 1695/7921/7921 1696/7922/7922
f 1641/7923/7923 1697/7924/7924 1639/7925/7925
f 1697/7926/7926 1698/7927/7927 1699/7928/7928
f 1641/7929/7929 1698/7930/7930 1697/7931/7931
f 1644/7932/7932 1700/7933/7933 1701/7934/7934
f 1643/7935/7935 1700/7936/7936 1644/7937/7937
f 1643/7938/7938 1702/7939/7939 1700/7940/7940
f 1646/7941/7941 1702/7942/7942 1643/7943/7943
f 1645/7944/7944 1703/7945/7945 1646/7946/7946
f 1704/7947/7947 1649/7948/7948 1705/7949/7949
f 1704/7950/7950 1647/7951/7951 1649/7952/7952
f 1706/7953/7953 1647/7954/7954 1704/7955/7955
f 1706/7956/7956 1651/7957/7957 1647/7958/7958
f 1707/7959/7959 1651/7960/7960 1706/7961/7961
f 1707/7962/7962 1653/7963/7963 1651/7964/7964
f 1708/7965/7965 1653/7966/7966 1707/7967/7967
f 1709/7968/7968 1710/7969/7969 1711/7970/7970
f 1712/7971/7971 1710/7972/7972 1709/7973/7973
f 1712/7974/7974 1713/7975/7975 1710/7976/7976
f 1714/7977/7977 1713/7978/7978 1712/7979/7979
f 1714/7980/7980 1715/7981/7981 1713/7982/7982
f 1716/7983/7983 1715/7984/7984 1714/7985/7985
f 1711/7986/7986 1717/7987/7987 1718/7988/7988
f 1710/7989/7989 1717/7990/7990 1711/7991/7991
f 1710/7992/7992 1719/7993/7993 1717/7994/7994
f 1713/7995/7995 1719/7996/7996 1710/7997/7997
f 1713/7998/7998 1720/7999/7999 1719/8000/8000
f 1715/8001/8001 1720/8002/8002 1713/8003/8003
f 1721/8004/8004 1722/8005/8005 1723/8006/8006
f 1722/8007/8007 1660/8008/8008 1657/8009/8009
f 1721/8010/8010 1660/8011/8011 1722/8012/8012
f 1721/8013/8013 1662/8014/8014 1660/8015/8015
f 1724/8016/8016 1662/8017/8017 1721/8018/8018
f 1724/8019/8019 1664/8020/8020 1662/8021/8021
f 1687/8022/8022 1664/8023/8023 1724/8024/8024
f 1725/8025/8025 1723/8026/8026 1726/8027/8027
f 1725/8028/8028 1721/8029/8029 1723/8030/8030
f 1724/8031/8031 1721/8032/8032 1725/8033/8033
f 1679/8034/8034 1726/8035/8035 1678/8036/8036
f 1679/8037/8037 1725/8038/8038 1726/8039/8039
f 1683/8040/8040 1725/8041/8041 1679/8042/8042
f 1683/8043/8043 1724/8044/8044 1725/8045/8045
f 1687/8046/8046 1724/8047/8047 1683/8048/8048
f 1690/8049/8049 1727/8050/8050 1728/8051/8051
f 1689/8052/8052 1727/8053/8053 1690/8054/8054
f 1693/8055/8055 1729/8056/8056 1692/8057/8057
f 1693/8058/8058 1730/8059/8059 1729/8060/8060
f 1695/8061/8061 1731/8062/8062 1696/8063/8063
f 1695/8064/8064 1732/8065/8065 1731/8066/8066
f 1731/8067/8067 1733/8068/8068 1696/8069/8069
f 1731/8070/8070 1734/8071/8071 1733/8072/8072
f 1732/8073/8073 1734/8074/8074 1731/8075/8075
f 1640/8076/8076 1735/8077/8077 1736/8078/8078
f 1639/8079/8079 1735/8080/8080 1640/8081/8081
f 1639/8082/8082 1737/8083/8083 1735/8084/8084
f 1697/8085/8085 1737/8086/8086 1639/8087/8087
f 1697/8088/8088 1738/8089/8089 1737/8090/8090
f 1699/8091/8091 1738/8092/8092 1697/8093/8093
f 1736/8094/8094 1739/8095/8095 1740/8096/8096
f 1735/8097/8097 1739/8098/8098 1736/8099/8099
f 1735/8100/8100 1741/8101/8101 1739/8102/8102
f 1737/8103/8103 1741/8104/8104 1735/8105/8105
f 1737/8106/8106 1742/8107/8107 1741/8108/8108
f 1738/8109/8109 1742/8110/8110 1737/8111/8111
f 1727/8112/8112 1743/8113/8113 1728/8114/8114
f 1744/8115/8115 1727/8116/8116 1689/8117/8117
f 1745/8118/8118 1727/8119/8119 1744/8120/8120
f 1745/8121/8121 1743/8122/8122 1727/8123/8123
f 1746/8124/8124 1743/8125/8125 1745/8126/8126
f 1730/8127/8127 1747/8128/8128 1729/8129/8129
f 1747/8130/8130 1748/8131/8131 1749/8132/8132
f 1730/8133/8133 1748/8134/8134 1747/8135/8135
f 1636/8136/8136 1750/8137/8137 1751/8138/8138
f 1635/8139/8139 1750/8140/8140 1636/8141/8141
f 1635/8142/8142 1752/8143/8143 1750/8144/8144
f 1692/8145/8145 1752/8146/8146 1635/8147/8147
f 1692/8148/8148 1753/8149/8149 1752/8150/8150
f 1729/8151/8151 1753/8152/8152 1692/8153/8153
f 1729/8154/8154 1754/8155/8155 1753/8156/8156
f 1747/8157/8157 1754/8158/8158 1729/8159/8159
f 1747/8160/8160 1755/8161/8161 1754/8162/8162
f 1749/8163/8163 1755/8164/8164 1747/8165/8165
f 1732/8166/8166 1756/8167/8167 1734/8168/8168
f 1757/8169/8169 1758/8170/8170 1759/8171/8171
f 1757/8172/8172 470/8173/8173 1758/8174/8174
f 471/8175/8175 470/8176/8176 1757/8177/8177
f 1760/8178/8178 1759/8179/8179 1761/8180/8180
f 1760/8181/8181 1757/8182/8182 1759/8183/8183
f 1762/8184/8184 1757/8185/8185 1760/8186/8186
f 1762/8187/8187 471/8188/8188 1757/8189/8189
f 472/8190/8190 471/8191/8191 1762/8192/8192
f 1763/8193/8193 1760/8194/8194 1761/8195/8195
f 1764/8196/8196 1760/8197/8197 1763/8198/8198
f 1764/8199/8199 1762/8200/8200 1760/8201/8201
f 1765/8202/8202 1762/8203/8203 1764/8204/8204
f 1765/8205/8205 472/8206/8206 1762/8207/8207
f 473/8208/8208 472/8209/8209 1765/8210/8210
f 1746/8211/8211 1764/8212/8212 1763/8213/8213
f 1745/8214/8214 1764/8215/8215 1746/8216/8216
f 1745/8217/8217 1765/8218/8218 1764/8219/8219
f 1744/8220/8220 1765/8221/8221 1745/8222/8222
f 1744/8223/8223 473/8224/8224 1765/8225/8225
f 1689/8226/8226 473/8227/8227 1744/8228/8228
f 1689/8229/8229 474/8230/8230 473/8231/8231
f 1688/8232/8232 474/8233/8233 1689/8234/8234
f 1691/8235/8235 1690/8236/8236 1728/8237/8237
f 1631/8238/8238 1690/8239/8239 1691/8240/8240
f 1631/8241/8241 1688/8242/8242 1690/8243/8243
f 1633/8244/8244 1688/8245/8245 1631/8246/8246
f 1633/8247/8247 474/8248/8248 1688/8249/8249
f 422/8250/8250 474/8251/8251 1633/8252/8252
f 1766/8253/8253 1630/8254/8254 1632/8255/8255
f 560/8256/8256 1630/8257/8257 1766/8258/8258
f 560/8259/8259 1633/8260/8260 1630/8261/8261
f 422/8262/8262 1633/8263/8263 560/8264/8264
f 1767/8265/8265 1768/8266/8266 1769/8267/8267
f 1767/8268/8268 557/8269/8269 1768/8270/8270
f 556/8271/8271 557/8272/8272 1767/8273/8273
f 1641/8274/8274 1769/8275/8275 1698/8276/8276
f 1641/8277/8277 1767/8278/8278 1769/8279/8279
f 1638/8280/8280 1767/8281/8281 1641/8282/8282
f 1638/8283/8283 556/8284/8284 1767/8285/8285
f 1640/8286/8286 556/8287/8287 1638/8288/8288
f 1640/8289/8289 555/8290/8290 556/8291/8291
f 1736/8292/8292 555/8293/8293 1640/8294/8294
f 1736/8295/8295 554/8296/8296 555/8297/8297
f 1740/8298/8298 554/8299/8299 1736/8300/8300
f 1770/8301/8301 1739/8302/8302 1741/8303/8303
f 1771/8304/8304 1739/8305/8305 1770/8306/8306
f 1771/8307/8307 1740/8308/8308 1739/8309/8309
f 1772/8310/8310 1740/8311/8311 1771/8312/8312
f 1772/8313/8313 554/8314/8314 1740/8315/8315
f 553/8316/8316 554/8317/8317 1772/8318/8318
f 1703/8319/8319 1771/8320/8320 1770/8321/8321
f 1645/8322/8322 1771/8323/8323 1703/8324/8324
f 1645/8325/8325 1772/8326/8326 1771/8327/8327
f 1642/8328/8328 1772/8329/8329 1645/8330/8330
f 1642/8331/8331 553/8332/8332 1772/8333/8333
f 1644/8334/8334 553/8335/8335 1642/8336/8336
f 1644/8337/8337 552/8338/8338 553/8339/8339
f 1701/8340/8340 552/8341/8341 1644/8342/8342
f 1654/8343/8343 549/8344/8344 550/8345/8345
f 1656/8346/8346 549/8347/8347 1654/8348/8348
f 1773/8349/8349 1655/8350/8350 1774/8351/8351
f 1773/8352/8352 1656/8353/8353 1655/8354/8354
f 1775/8355/8355 1656/8356/8356 1773/8357/8357
f 1775/8358/8358 549/8359/8359 1656/8360/8360
f 548/8361/8361 549/8362/8362 1775/8363/8363
f 1714/8364/8364 1774/8365/8365 1716/8366/8366
f 1714/8367/8367 1773/8368/8368 1774/8369/8369
f 1712/8370/8370 1773/8371/8371 1714/8372/8372
f 1712/8373/8373 1775/8374/8374 1773/8375/8375
f 1709/8376/8376 1775/8377/8377 1712/8378/8378
f 1709/8379/8379 548/8380/8380 1775/8381/8381
f 1711/8382/8382 548/8383/8383 1709/8384/8384
f 1711/8385/8385 547/8386/8386 548/8387/8387
f 1718/8388/8388 547/8389/8389 1711/8390/8390
f 1776/8391/8391 1719/8392/8392 1720/8393/8393
f 1777/8394/8394 1719/8395/8395 1776/8396/8396
f 1777/8397/8397 1717/8398/8398 1719/8399/8399
f 1778/8400/8400 1717/8401/8401 1777/8402/8402
f 1778/8403/8403 1718/8404/8404 1717/8405/8405
f 1779/8406/8406 1718/8407/8407 1778/8408/8408
f 1779/8409/8409 547/8410/8410 1718/8411/8411
f 546/8412/8412 547/8413/8413 1779/8414/8414
f 1665/8415/8415 542/8416/8416 543/8417/8417
f 1667/8418/8418 542/8419/8419 1665/8420/8420
f 1780/8421/8421 1667/8422/8422 1666/8423/8423
f 1781/8424/8424 1667/8425/8425 1780/8426/8426
f 1781/8427/8427 542/8428/8428 1667/8429/8429
f 425/8430/8430 542/8431/8431 1781/8432/8432
f 1782/8433/8433 1780/8434/8434 1666/8435/8435
f 426/8436/8436 1780/8437/8437 1782/8438/8438
f 426/8439/8439 1781/8440/8440 1780/8441/8441
f 425/8442/8442 1781/8443/8443 426/8444/8444
f 1783/8445/8445 1665/8446/8446 543/8447/8447
f 1784/8448/8448 1665/8449/8449 1783/8450/8450
f 1784/8451/8451 1666/8452/8452 1665/8453/8453
f 1785/8454/8454 1666/8455/8455 1784/8456/8456
f 1785/8457/8457 1782/8458/8458 1666/8459/8459
f 1786/8460/8460 1782/8461/8461 1785/8462/8462
f 1786/8463/8463 426/8464/8464 1782/8465/8465
f 427/8466/8466 426/8467/8467 1786/8468/8468
f 1787/8469/8469 543/8470/8470 544/8471/8471
f 1787/8472/8472 1783/8473/8473 543/8474/8474
f 1788/8475/8475 1783/8476/8476 1787/8477/8477
f 1788/8478/8478 1784/8479/8479 1783/8480/8480
f 1789/8481/8481 1784/8482/8482 1788/8483/8483
f 1789/8484/8484 1785/8485/8485 1784/8486/8486
f 1790/8487/8487 1785/8488/8488 1789/8489/8489
f 1790/8490/8490 1786/8491/8491 1785/8492/8492
f 1791/8493/8493 1786/8494/8494 1790/8495/8495
f 1791/8496/8496 427/8497/8497 1786/8498/8498
f 428/8499/8499 427/8500/8500 1791/8501/8501
f 430/8502/8502 429/8503/8503 1792/8504/8504
f 1793/8505/8505 1792/8506/8506 1794/8507/8507
f 1793/8508/8508 430/8509/8509 1792/8510/8510
f 1795/8511/8511 430/8512/8512 1793/8513/8513
f 1795/8514/8514 431/8515/8515 430/8516/8516
f 432/8517/8517 431/8518/8518 1795/8519/8519
f 1796/8520/8520 1793/8521/8521 1794/8522/8522
f 1111/8523/8523 1793/8524/8524 1796/8525/8525
f 1111/8526/8526 1795/8527/8527 1793/8528/8528
f 432/8529/8529 1795/8530/8530 1111/8531/8531
f 1110/8532/8532 1794/8533/8533 1797/8534/8534
f 1110/8535/8535 1796/8536/8536 1794/8537/8537
f 1111/8538/8538 1796/8539/8539 1110/8540/8540
f 1798/8541/8541 1657/8542/8542 1659/8543/8543
f 1799/8544/8544 1657/8545/8545 1798/8546/8546
f 1799/8547/8547 1722/8548/8548 1657/8549/8549
f 1800/8550/8550 1722/8551/8551 1799/8552/8552
f 1800/8553/8553 1723/8554/8554 1722/8555/8555
f 1676/8556/8556 1723/8557/8557 1800/8558/8558
f 1676/8559/8559 1726/8560/8560 1723/8561/8561
f 1675/8562/8562 1726/8563/8563 1676/8564/8564
f 1675/8565/8565 1678/8566/8566 1726/8567/8567
f 1105/8568/8568 1678/8569/8569 1675/8570/8570
f 1105/8571/8571 1677/8572/8572 1678/8573/8573
f 1109/8574/8574 1677/8575/8575 1105/8576/8576
f 1801/8577/8577 1799/8578/8578 1798/8579/8579
f 1682/8580/8580 1799/8581/8581 1801/8582/8582
f 1682/8583/8583 1800/8584/8584 1799/8585/8585
f 1681/8586/8586 1800/8587/8587 1682/8588/8588
f 1681/8589/8589 1676/8590/8590 1800/8591/8591
f 1106/8592/8592 1676/8593/8593 1681/8594/8594
f 1106/8595/8595 1674/8596/8596 1676/8597/8597
f 1105/8598/8598 1674/8599/8599 1106/8600/8600
f 1802/8601/8601 1682/8602/8602 1801/8603/8603
f 1108/8604/8604 1682/8605/8605 1802/8606/8606
f 1108/8607/8607 1680/8608/8608 1682/8609/8609
f 1106/8610/8610 1680/8611/8611 1108/8612/8612
f 1797/8613/8613 1109/8614/8614 1110/8615/8615
f 1797/8616/8616 1670/8617/8617 1109/8618/8618
f 1794/8619/8619 1670/8620/8620 1797/8621/8621
f 1794/8622/8622 1668/8623/8623 1670/8624/8624
f 1792/8625/8625 1668/8626/8626 1794/8627/8627
f 1792/8628/8628 1672/8629/8629 1668/8630/8630
f 429/8631/8631 1672/8632/8632 1792/8633/8633
f 429/8634/8634 1684/8635/8635 1672/8636/8636
f 428/8637/8637 1684/8638/8638 429/8639/8639
f 1791/8640/8640 1684/8641/8641 428/8642/8642
f 1791/8643/8643 1685/8644/8644 1684/8645/8645
f 1790/8646/8646 1685/8647/8647 1791/8648/8648
f 1790/8649/8649 1686/8650/8650 1685/8651/8651
f 1789/8652/8652 1686/8653/8653 1790/8654/8654
f 1789/8655/8655 1687/8656/8656 1686/8657/8657
f 1788/8658/8658 1687/8659/8659 1789/8660/8660
f 1788/8661/8661 1664/8662/8662 1687/8663/8663
f 1787/8664/8664 1664/8665/8665 1788/8666/8666
f 1787/8667/8667 1663/8668/8668 1664/8669/8669
f 544/8670/8670 1663/8671/8671 1787/8672/8672
f 544/8673/8673 1661/8674/8674 1663/8675/8675
f 545/8676/8676 1661/8677/8677 544/8678/8678
f 545/8679/8679 1658/8680/8680 1661/8681/8681
f 546/8682/8682 1658/8683/8683 545/8684/8684
f 546/8685/8685 1659/8686/8686 1658/8687/8687
f 1779/8688/8688 1659/8689/8689 546/8690/8690
f 1779/8691/8691 1798/8692/8692 1659/8693/8693
f 1778/8694/8694 1798/8695/8695 1779/8696/8696
f 1778/8697/8697 1801/8698/8698 1798/8699/8699
f 1777/8700/8700 1801/8701/8701 1778/8702/8702
f 1777/8703/8703 1802/8704/8704 1801/8705/8705
f 1776/8706/8706 1802/8707/8707 1777/8708/8708
f 1776/8709/8709 1108/8710/8710 1802/8711/8711
f 1720/8712/8712 1108/8713/8713 1776/8714/8714
f 1720/8715/8715 1104/8716/8716 1108/8717/8717
f 1715/8718/8718 1104/8719/8719 1720/8720/8720
f 1715/8721/8721 1102/8722/8722 1104/8723/8723
f 1716/8724/8724 1102/8725/8725 1715/8726/8726
f 1716/8727/8727 1101/8728/8728 1102/8729/8729
f 1774/8730/8730 1101/8731/8731 1716/8732/8732
f 1099/8733/8733 1100/8734/8734 1803/8735/8735
f 1097/8736/8736 1705/8737/8737 1096/8738/8738
f 1097/8739/8739 1704/8740/8740 1705/8741/8741
f 1098/8742/8742 1704/8743/8743 1097/8744/8744
f 1098/8745/8745 1706/8746/8746 1704/8747/8747
f 1099/8748/8748 1706/8749/8749 1098/8750/8750
f 1099/8751/8751 1707/8752/8752 1706/8753/8753
f 1803/8754/8754 1707/8755/8755 1099/8756/8756
f 1803/8757/8757 1708/8758/8758 1707/8759/8759
f 1100/8760/8760 1708/8761/8761 1803/8762/8762
f 1100/8763/8763 1804/8764/8764 1708/8765/8765
f 1101/8766/8766 1804/8767/8767 1100/8768/8768
f 1774/8769/8769 1804/8770/8770 1101/8771/8771
f 1774/8772/8772 1708/8773/8773 1804/8774/8774
f 1655/8775/8775 1708/8776/8776 1774/8777/8777
f 1655/8778/8778 1653/8779/8779 1708/8780/8780
f 1654/8781/8781 1653/8782/8782 1655/8783/8783
f 1654/8784/8784 1652/8785/8785 1653/8786/8786
f 550/8787/8787 1652/8788/8788 1654/8789/8789
f 550/8790/8790 1650/8791/8791 1652/8792/8792
f 551/8793/8793 1650/8794/8794 550/8795/8795
f 551/8796/8796 1648/8797/8797 1650/8798/8798
f 552/8799/8799 1648/8800/8800 551/8801/8801
f 1701/8802/8802 1648/8803/8803 552/8804/8804
f 1701/8805/8805 1649/8806/8806 1648/8807/8807
f 1700/8808/8808 1649/8809/8809 1701/8810/8810
f 1700/8811/8811 1705/8812/8812 1649/8813/8813
f 1702/8814/8814 1705/8815/8815 1700/8816/8816
f 1702/8817/8817 1096/8818/8818 1705/8819/8819
f 1646/8820/8820 1096/8821/8821 1702/8822/8822
f 1646/8823/8823 1095/8824/8824 1096/8825/8825
f 1703/8826/8826 1095/8827/8827 1646/8828/8828
f 1093/8829/8829 1094/8830/8830 1805/8831/8831
f 1095/8832/8832 1806/8833/8833 1094/8834/8834
f 1703/8835/8835 1806/8836/8836 1095/8837/8837
f 1703/8838/8838 1094/8839/8839 1806/8840/8840
f 1770/8841/8841 1094/8842/8842 1703/8843/8843
f 1770/8844/8844 1805/8845/8845 1094/8846/8846
f 1741/8847/8847 1805/8848/8848 1770/8849/8849
f 1741/8850/8850 1093/8851/8851 1805/8852/8852
f 1742/8853/8853 1093/8854/8854 1741/8855/8855
f 1742/8856/8856 1092/8857/8857 1093/8858/8858
f 1738/8859/8859 1092/8860/8860 1742/8861/8861
f 1807/8862/8862 557/8863/8863 558/8864/8864
f 1807/8865/8865 1768/8866/8866 557/8867/8867
f 1808/8868/8868 1768/8869/8869 1807/8870/8870
f 1808/8871/8871 1769/8872/8872 1768/8873/8873
f 1809/8874/8874 1769/8875/8875 1808/8876/8876
f 1809/8877/8877 1698/8878/8878 1769/8879/8879
f 1810/8880/8880 1698/8881/8881 1809/8882/8882
f 1810/8883/8883 1699/8884/8884 1698/8885/8885
f 1091/8886/8886 1699/8887/8887 1810/8888/8888
f 1091/8889/8889 1738/8890/8890 1699/8891/8891
f 1092/8892/8892 1738/8893/8893 1091/8894/8894
f 1734/8895/8895 1090/8896/8896 1733/8897/8897
f 1734/8898/8898 1089/8899/8899 1090/8900/8900
f 1756/8901/8901 1089/8902/8902 1734/8903/8903
f 1750/8904/8904 1694/8905/8905 1751/8906/8906
f 1750/8907/8907 1695/8908/8908 1694/8909/8909
f 1752/8910/8910 1695/8911/8911 1750/8912/8912
f 1752/8913/8913 1732/8914/8914 1695/8915/8915
f 1753/8916/8916 1732/8917/8917 1752/8918/8918
f 1753/8919/8919 1756/8920/8920 1732/8921/8921
f 1754/8922/8922 1756/8923/8923 1753/8924/8924
f 1754/8925/8925 1089/8926/8926 1756/8927/8927
f 1755/8928/8928 1089/8929/8929 1754/8930/8930
f 1755/8931/8931 1088/8932/8932 1089/8933/8933
f 1749/8934/8934 1088/8935/8935 1755/8936/8936
f 1811/8937/8937 1749/8938/8938 1748/8939/8939
f 1812/8940/8940 1749/8941/8941 1811/8942/8942
f 1812/8943/8943 1088/8944/8944 1749/8945/8945
f 1087/8946/8946 1088/8947/8947 1812/8948/8948
f 1813/8949/8949 1814/8950/8950 1815/8951/8951
f 1813/8952/8952 1086/8953/8953 1814/8954/8954
f 1085/8955/8955 1086/8956/8956 1813/8957/8957
f 1810/8958/8958 1090/8959/8959 1091/8960/8960
f 1810/8961/8961 1733/8962/8962 1090/8963/8963
f 1809/8964/8964 1733/8965/8965 1810/8966/8966
f 1809/8967/8967 1696/8968/8968 1733/8969/8969
f 1808/8970/8970 1696/8971/8971 1809/8972/8972
f 1808/8973/8973 1694/8974/8974 1696/8975/8975
f 1807/8976/8976 1694/8977/8977 1808/8978/8978
f 1807/8979/8979 1751/8980/8980 1694/8981/8981
f 558/8982/8982 1751/8983/8983 1807/8984/8984
f 558/8985/8985 1636/8986/8986 1751/8987/8987
f 559/8988/8988 1636/8989/8989 558/8990/8990
f 559/8991/8991 1634/8992/8992 1636/8993/8993
f 560/8994/8994 1634/8995/8995 559/8996/8996
f 1766/8997/8997 1634/8998/8998 560/8999/8999
f 1766/9000/9000 1637/9001/9001 1634/9002/9002
f 1632/9003/9003 1637/9004/9004 1766/9005/9005
f 1632/9006/9006 1693/9007/9007 1637/9008/9008
f 1691/9009/9009 1693/9010/9010 1632/9011/9011
f 1691/9012/9012 1730/9013/9013 1693/9014/9014
f 1728/9015/9015 1730/9016/9016 1691/9017/9017
f 1728/9018/9018 1748/9019/9019 1730/9020/9020
f 1743/9021/9021 1748/9022/9022 1728/9023/9023
f 1743/9024/9024 1811/9025/9025 1748/9026/9026
f 1746/9027/9027 1811/9028/9028 1743/9029/9029
f 1746/9030/9030 1812/9031/9031 1811/9032/9032
f 1763/9033/9033 1812/9034/9034 1746/9035/9035
f 1763/9036/9036 1087/9037/9037 1812/9038/9038
f 1761/9039/9039 1087/9040/9040 1763/9041/9041
f 1761/9042/9042 1086/9043/9043 1087/9044/9044
f 1759/9045/9045 1086/9046/9046 1761/9047/9047
f 1759/9048/9048 1814/9049/9049 1086/9050/9050
f 1758/9051/9051 1814/9052/9052 1759/9053/9053
f 1758/9054/9054 1815/9055/9055 1814/9056/9056
f 470/9057/9057 1815/9058/9058 1758/9059/9059
f 470/9060/9060 1813/9061/9061 1815/9062/9062
f 469/9063/9063 1813/9064/9064 470/9065/9065
f 469/9066/9066 1085/9067/9067 1813/9068/9068
f 468/9069/9069 1085/9070/9070 469/9071/9071
# 1815 vertices
# 9071 texture params
# 9071 normals
# 3626 facets

# 1 groups
